# Temporary file generated by the 'geomtools::gnuplot_drawer'
# class for visualization.
# label='grey'
-934 -2500 -978000 0
-934 -4.54747350886464e-13 -978000 0

-934 -4.54747350886464e-13 -978000 0
-934 1250 -978000 0
-934 2500 -978000 0

-934 2500 -978000 0

-965.2 -2500 -978000 0
-965.2 2500 -978000 0

-934 -2500 -978000 0
-965.2 -2500 -978000 0

-934 2500 -978000 0
-965.2 2500 -978000 0

-965.2 -2500 978000 0
-965.2 2500 978000 0

-934 -2500 978000 0
-934 2500 978000 0

-965.2 -2500 978000 0
-934 -2500 978000 0

-965.2 2500 978000 0
-934 2500 978000 0

-965.2 -2500 -978000 0
-965.2 2500 -978000 0

-965.2 -2500 978000 0
-965.2 2500 978000 0

-965.2 -2500 -978000 0
-965.2 -2500 978000 0

-965.2 2500 -978000 0
-965.2 2500 978000 0

-934 -2500 978000 0
-934 2500 978000 0

-934 -2500 -978000 0
-934 2500 -978000 0

-934 -2500 978000 0
-934 -2500 -978000 0

-934 2500 978000 0
-934 2500 -978000 0

-934 -2500 -978000 0
-965.2 -2500 -978000 0

-934 -2500 978000 0
-965.2 -2500 978000 0

-934 -2500 -978000 0
-934 -2500 978000 0

-965.2 -2500 -978000 0
-965.2 -2500 978000 0

-934 2500 978000 0
-965.2 2500 978000 0

-934 2500 -978000 0
-965.2 2500 -978000 0

-934 2500 978000 0
-934 2500 -978000 0

-965.2 2500 978000 0
-965.2 2500 -978000 0

-954 -5.60000000000045 -978000 0
-954 -4.54747350886464e-13 -978000 0

-954 -4.54747350886464e-13 -978000 0
-954 2.79999999999955 -978000 0
-954 5.59999999999954 -978000 0

-954 5.59999999999954 -978000 0

-965.2 -5.60000000000045 -978000 0
-965.2 5.59999999999954 -978000 0

-954 -5.60000000000045 -978000 0
-965.2 -5.60000000000045 -978000 0

-954 5.59999999999954 -978000 0
-965.2 5.59999999999954 -978000 0

-965.2 -5.60000000000045 -968220 0
-965.2 5.59999999999954 -968220 0

-954 -5.60000000000045 -968220 0
-954 5.59999999999954 -968220 0

-965.2 -5.60000000000045 -968220 0
-954 -5.60000000000045 -968220 0

-965.2 5.59999999999954 -968220 0
-954 5.59999999999954 -968220 0

-965.2 -5.60000000000045 -978000 0
-965.2 5.59999999999954 -978000 0

-965.2 -5.60000000000045 -968220 0
-965.2 5.59999999999954 -968220 0

-965.2 -5.60000000000045 -978000 0
-965.2 -5.60000000000045 -968220 0

-965.2 5.59999999999954 -978000 0
-965.2 5.59999999999954 -968220 0

-954 -5.60000000000045 -968220 0
-954 5.59999999999954 -968220 0

-954 -5.60000000000045 -978000 0
-954 5.59999999999954 -978000 0

-954 -5.60000000000045 -968220 0
-954 -5.60000000000045 -978000 0

-954 5.59999999999954 -968220 0
-954 5.59999999999954 -978000 0

-954 -5.60000000000045 -978000 0
-965.2 -5.60000000000045 -978000 0

-954 -5.60000000000045 -968220 0
-965.2 -5.60000000000045 -968220 0

-954 -5.60000000000045 -978000 0
-954 -5.60000000000045 -968220 0

-965.2 -5.60000000000045 -978000 0
-965.2 -5.60000000000045 -968220 0

-954 5.59999999999954 -968220 0
-965.2 5.59999999999954 -968220 0

-954 5.59999999999954 -978000 0
-965.2 5.59999999999954 -978000 0

-954 5.59999999999954 -968220 0
-954 5.59999999999954 -978000 0

-965.2 5.59999999999954 -968220 0
-965.2 5.59999999999954 -978000 0

-954 -5.60000000000045 -968220 0
-954 -4.54747350886464e-13 -968220 0

-954 -4.54747350886464e-13 -968220 0
-954 2.79999999999955 -968220 0
-954 5.59999999999954 -968220 0

-954 5.59999999999954 -968220 0

-965.2 -5.60000000000045 -968220 0
-965.2 5.59999999999954 -968220 0

-954 -5.60000000000045 -968220 0
-965.2 -5.60000000000045 -968220 0

-954 5.59999999999954 -968220 0
-965.2 5.59999999999954 -968220 0

-965.2 -5.60000000000045 -958440 0
-965.2 5.59999999999954 -958440 0

-954 -5.60000000000045 -958440 0
-954 5.59999999999954 -958440 0

-965.2 -5.60000000000045 -958440 0
-954 -5.60000000000045 -958440 0

-965.2 5.59999999999954 -958440 0
-954 5.59999999999954 -958440 0

-965.2 -5.60000000000045 -968220 0
-965.2 5.59999999999954 -968220 0

-965.2 -5.60000000000045 -958440 0
-965.2 5.59999999999954 -958440 0

-965.2 -5.60000000000045 -968220 0
-965.2 -5.60000000000045 -958440 0

-965.2 5.59999999999954 -968220 0
-965.2 5.59999999999954 -958440 0

-954 -5.60000000000045 -958440 0
-954 5.59999999999954 -958440 0

-954 -5.60000000000045 -968220 0
-954 5.59999999999954 -968220 0

-954 -5.60000000000045 -958440 0
-954 -5.60000000000045 -968220 0

-954 5.59999999999954 -958440 0
-954 5.59999999999954 -968220 0

-954 -5.60000000000045 -968220 0
-965.2 -5.60000000000045 -968220 0

-954 -5.60000000000045 -958440 0
-965.2 -5.60000000000045 -958440 0

-954 -5.60000000000045 -968220 0
-954 -5.60000000000045 -958440 0

-965.2 -5.60000000000045 -968220 0
-965.2 -5.60000000000045 -958440 0

-954 5.59999999999954 -958440 0
-965.2 5.59999999999954 -958440 0

-954 5.59999999999954 -968220 0
-965.2 5.59999999999954 -968220 0

-954 5.59999999999954 -958440 0
-954 5.59999999999954 -968220 0

-965.2 5.59999999999954 -958440 0
-965.2 5.59999999999954 -968220 0

-954 -5.60000000000045 -958440 0
-954 -4.54747350886464e-13 -958440 0

-954 -4.54747350886464e-13 -958440 0
-954 2.79999999999955 -958440 0
-954 5.59999999999954 -958440 0

-954 5.59999999999954 -958440 0

-965.2 -5.60000000000045 -958440 0
-965.2 5.59999999999954 -958440 0

-954 -5.60000000000045 -958440 0
-965.2 -5.60000000000045 -958440 0

-954 5.59999999999954 -958440 0
-965.2 5.59999999999954 -958440 0

-965.2 -5.60000000000045 -948660 0
-965.2 5.59999999999954 -948660 0

-954 -5.60000000000045 -948660 0
-954 5.59999999999954 -948660 0

-965.2 -5.60000000000045 -948660 0
-954 -5.60000000000045 -948660 0

-965.2 5.59999999999954 -948660 0
-954 5.59999999999954 -948660 0

-965.2 -5.60000000000045 -958440 0
-965.2 5.59999999999954 -958440 0

-965.2 -5.60000000000045 -948660 0
-965.2 5.59999999999954 -948660 0

-965.2 -5.60000000000045 -958440 0
-965.2 -5.60000000000045 -948660 0

-965.2 5.59999999999954 -958440 0
-965.2 5.59999999999954 -948660 0

-954 -5.60000000000045 -948660 0
-954 5.59999999999954 -948660 0

-954 -5.60000000000045 -958440 0
-954 5.59999999999954 -958440 0

-954 -5.60000000000045 -948660 0
-954 -5.60000000000045 -958440 0

-954 5.59999999999954 -948660 0
-954 5.59999999999954 -958440 0

-954 -5.60000000000045 -958440 0
-965.2 -5.60000000000045 -958440 0

-954 -5.60000000000045 -948660 0
-965.2 -5.60000000000045 -948660 0

-954 -5.60000000000045 -958440 0
-954 -5.60000000000045 -948660 0

-965.2 -5.60000000000045 -958440 0
-965.2 -5.60000000000045 -948660 0

-954 5.59999999999954 -948660 0
-965.2 5.59999999999954 -948660 0

-954 5.59999999999954 -958440 0
-965.2 5.59999999999954 -958440 0

-954 5.59999999999954 -948660 0
-954 5.59999999999954 -958440 0

-965.2 5.59999999999954 -948660 0
-965.2 5.59999999999954 -958440 0

-954 -5.60000000000045 -948660 0
-954 -4.54747350886464e-13 -948660 0

-954 -4.54747350886464e-13 -948660 0
-954 2.79999999999955 -948660 0
-954 5.59999999999954 -948660 0

-954 5.59999999999954 -948660 0

-965.2 -5.60000000000045 -948660 0
-965.2 5.59999999999954 -948660 0

-954 -5.60000000000045 -948660 0
-965.2 -5.60000000000045 -948660 0

-954 5.59999999999954 -948660 0
-965.2 5.59999999999954 -948660 0

-965.2 -5.60000000000045 -938880 0
-965.2 5.59999999999954 -938880 0

-954 -5.60000000000045 -938880 0
-954 5.59999999999954 -938880 0

-965.2 -5.60000000000045 -938880 0
-954 -5.60000000000045 -938880 0

-965.2 5.59999999999954 -938880 0
-954 5.59999999999954 -938880 0

-965.2 -5.60000000000045 -948660 0
-965.2 5.59999999999954 -948660 0

-965.2 -5.60000000000045 -938880 0
-965.2 5.59999999999954 -938880 0

-965.2 -5.60000000000045 -948660 0
-965.2 -5.60000000000045 -938880 0

-965.2 5.59999999999954 -948660 0
-965.2 5.59999999999954 -938880 0

-954 -5.60000000000045 -938880 0
-954 5.59999999999954 -938880 0

-954 -5.60000000000045 -948660 0
-954 5.59999999999954 -948660 0

-954 -5.60000000000045 -938880 0
-954 -5.60000000000045 -948660 0

-954 5.59999999999954 -938880 0
-954 5.59999999999954 -948660 0

-954 -5.60000000000045 -948660 0
-965.2 -5.60000000000045 -948660 0

-954 -5.60000000000045 -938880 0
-965.2 -5.60000000000045 -938880 0

-954 -5.60000000000045 -948660 0
-954 -5.60000000000045 -938880 0

-965.2 -5.60000000000045 -948660 0
-965.2 -5.60000000000045 -938880 0

-954 5.59999999999954 -938880 0
-965.2 5.59999999999954 -938880 0

-954 5.59999999999954 -948660 0
-965.2 5.59999999999954 -948660 0

-954 5.59999999999954 -938880 0
-954 5.59999999999954 -948660 0

-965.2 5.59999999999954 -938880 0
-965.2 5.59999999999954 -948660 0

-954 -5.60000000000045 -938880 0
-954 -4.54747350886464e-13 -938880 0

-954 -4.54747350886464e-13 -938880 0
-954 2.79999999999955 -938880 0
-954 5.59999999999954 -938880 0

-954 5.59999999999954 -938880 0

-965.2 -5.60000000000045 -938880 0
-965.2 5.59999999999954 -938880 0

-954 -5.60000000000045 -938880 0
-965.2 -5.60000000000045 -938880 0

-954 5.59999999999954 -938880 0
-965.2 5.59999999999954 -938880 0

-965.2 -5.60000000000045 -929100 0
-965.2 5.59999999999954 -929100 0

-954 -5.60000000000045 -929100 0
-954 5.59999999999954 -929100 0

-965.2 -5.60000000000045 -929100 0
-954 -5.60000000000045 -929100 0

-965.2 5.59999999999954 -929100 0
-954 5.59999999999954 -929100 0

-965.2 -5.60000000000045 -938880 0
-965.2 5.59999999999954 -938880 0

-965.2 -5.60000000000045 -929100 0
-965.2 5.59999999999954 -929100 0

-965.2 -5.60000000000045 -938880 0
-965.2 -5.60000000000045 -929100 0

-965.2 5.59999999999954 -938880 0
-965.2 5.59999999999954 -929100 0

-954 -5.60000000000045 -929100 0
-954 5.59999999999954 -929100 0

-954 -5.60000000000045 -938880 0
-954 5.59999999999954 -938880 0

-954 -5.60000000000045 -929100 0
-954 -5.60000000000045 -938880 0

-954 5.59999999999954 -929100 0
-954 5.59999999999954 -938880 0

-954 -5.60000000000045 -938880 0
-965.2 -5.60000000000045 -938880 0

-954 -5.60000000000045 -929100 0
-965.2 -5.60000000000045 -929100 0

-954 -5.60000000000045 -938880 0
-954 -5.60000000000045 -929100 0

-965.2 -5.60000000000045 -938880 0
-965.2 -5.60000000000045 -929100 0

-954 5.59999999999954 -929100 0
-965.2 5.59999999999954 -929100 0

-954 5.59999999999954 -938880 0
-965.2 5.59999999999954 -938880 0

-954 5.59999999999954 -929100 0
-954 5.59999999999954 -938880 0

-965.2 5.59999999999954 -929100 0
-965.2 5.59999999999954 -938880 0

-954 -5.60000000000045 -929100 0
-954 -4.54747350886464e-13 -929100 0

-954 -4.54747350886464e-13 -929100 0
-954 2.79999999999955 -929100 0
-954 5.59999999999954 -929100 0

-954 5.59999999999954 -929100 0

-965.2 -5.60000000000045 -929100 0
-965.2 5.59999999999954 -929100 0

-954 -5.60000000000045 -929100 0
-965.2 -5.60000000000045 -929100 0

-954 5.59999999999954 -929100 0
-965.2 5.59999999999954 -929100 0

-965.2 -5.60000000000045 -919320 0
-965.2 5.59999999999954 -919320 0

-954 -5.60000000000045 -919320 0
-954 5.59999999999954 -919320 0

-965.2 -5.60000000000045 -919320 0
-954 -5.60000000000045 -919320 0

-965.2 5.59999999999954 -919320 0
-954 5.59999999999954 -919320 0

-965.2 -5.60000000000045 -929100 0
-965.2 5.59999999999954 -929100 0

-965.2 -5.60000000000045 -919320 0
-965.2 5.59999999999954 -919320 0

-965.2 -5.60000000000045 -929100 0
-965.2 -5.60000000000045 -919320 0

-965.2 5.59999999999954 -929100 0
-965.2 5.59999999999954 -919320 0

-954 -5.60000000000045 -919320 0
-954 5.59999999999954 -919320 0

-954 -5.60000000000045 -929100 0
-954 5.59999999999954 -929100 0

-954 -5.60000000000045 -919320 0
-954 -5.60000000000045 -929100 0

-954 5.59999999999954 -919320 0
-954 5.59999999999954 -929100 0

-954 -5.60000000000045 -929100 0
-965.2 -5.60000000000045 -929100 0

-954 -5.60000000000045 -919320 0
-965.2 -5.60000000000045 -919320 0

-954 -5.60000000000045 -929100 0
-954 -5.60000000000045 -919320 0

-965.2 -5.60000000000045 -929100 0
-965.2 -5.60000000000045 -919320 0

-954 5.59999999999954 -919320 0
-965.2 5.59999999999954 -919320 0

-954 5.59999999999954 -929100 0
-965.2 5.59999999999954 -929100 0

-954 5.59999999999954 -919320 0
-954 5.59999999999954 -929100 0

-965.2 5.59999999999954 -919320 0
-965.2 5.59999999999954 -929100 0

-954 -5.60000000000045 -919320 0
-954 -4.54747350886464e-13 -919320 0

-954 -4.54747350886464e-13 -919320 0
-954 2.79999999999955 -919320 0
-954 5.59999999999954 -919320 0

-954 5.59999999999954 -919320 0

-965.2 -5.60000000000045 -919320 0
-965.2 5.59999999999954 -919320 0

-954 -5.60000000000045 -919320 0
-965.2 -5.60000000000045 -919320 0

-954 5.59999999999954 -919320 0
-965.2 5.59999999999954 -919320 0

-965.2 -5.60000000000045 -909540 0
-965.2 5.59999999999954 -909540 0

-954 -5.60000000000045 -909540 0
-954 5.59999999999954 -909540 0

-965.2 -5.60000000000045 -909540 0
-954 -5.60000000000045 -909540 0

-965.2 5.59999999999954 -909540 0
-954 5.59999999999954 -909540 0

-965.2 -5.60000000000045 -919320 0
-965.2 5.59999999999954 -919320 0

-965.2 -5.60000000000045 -909540 0
-965.2 5.59999999999954 -909540 0

-965.2 -5.60000000000045 -919320 0
-965.2 -5.60000000000045 -909540 0

-965.2 5.59999999999954 -919320 0
-965.2 5.59999999999954 -909540 0

-954 -5.60000000000045 -909540 0
-954 5.59999999999954 -909540 0

-954 -5.60000000000045 -919320 0
-954 5.59999999999954 -919320 0

-954 -5.60000000000045 -909540 0
-954 -5.60000000000045 -919320 0

-954 5.59999999999954 -909540 0
-954 5.59999999999954 -919320 0

-954 -5.60000000000045 -919320 0
-965.2 -5.60000000000045 -919320 0

-954 -5.60000000000045 -909540 0
-965.2 -5.60000000000045 -909540 0

-954 -5.60000000000045 -919320 0
-954 -5.60000000000045 -909540 0

-965.2 -5.60000000000045 -919320 0
-965.2 -5.60000000000045 -909540 0

-954 5.59999999999954 -909540 0
-965.2 5.59999999999954 -909540 0

-954 5.59999999999954 -919320 0
-965.2 5.59999999999954 -919320 0

-954 5.59999999999954 -909540 0
-954 5.59999999999954 -919320 0

-965.2 5.59999999999954 -909540 0
-965.2 5.59999999999954 -919320 0

-954 -5.60000000000045 -909540 0
-954 -4.54747350886464e-13 -909540 0

-954 -4.54747350886464e-13 -909540 0
-954 2.79999999999955 -909540 0
-954 5.59999999999954 -909540 0

-954 5.59999999999954 -909540 0

-965.2 -5.60000000000045 -909540 0
-965.2 5.59999999999954 -909540 0

-954 -5.60000000000045 -909540 0
-965.2 -5.60000000000045 -909540 0

-954 5.59999999999954 -909540 0
-965.2 5.59999999999954 -909540 0

-965.2 -5.60000000000045 -899760 0
-965.2 5.59999999999954 -899760 0

-954 -5.60000000000045 -899760 0
-954 5.59999999999954 -899760 0

-965.2 -5.60000000000045 -899760 0
-954 -5.60000000000045 -899760 0

-965.2 5.59999999999954 -899760 0
-954 5.59999999999954 -899760 0

-965.2 -5.60000000000045 -909540 0
-965.2 5.59999999999954 -909540 0

-965.2 -5.60000000000045 -899760 0
-965.2 5.59999999999954 -899760 0

-965.2 -5.60000000000045 -909540 0
-965.2 -5.60000000000045 -899760 0

-965.2 5.59999999999954 -909540 0
-965.2 5.59999999999954 -899760 0

-954 -5.60000000000045 -899760 0
-954 5.59999999999954 -899760 0

-954 -5.60000000000045 -909540 0
-954 5.59999999999954 -909540 0

-954 -5.60000000000045 -899760 0
-954 -5.60000000000045 -909540 0

-954 5.59999999999954 -899760 0
-954 5.59999999999954 -909540 0

-954 -5.60000000000045 -909540 0
-965.2 -5.60000000000045 -909540 0

-954 -5.60000000000045 -899760 0
-965.2 -5.60000000000045 -899760 0

-954 -5.60000000000045 -909540 0
-954 -5.60000000000045 -899760 0

-965.2 -5.60000000000045 -909540 0
-965.2 -5.60000000000045 -899760 0

-954 5.59999999999954 -899760 0
-965.2 5.59999999999954 -899760 0

-954 5.59999999999954 -909540 0
-965.2 5.59999999999954 -909540 0

-954 5.59999999999954 -899760 0
-954 5.59999999999954 -909540 0

-965.2 5.59999999999954 -899760 0
-965.2 5.59999999999954 -909540 0

-954 -5.60000000000045 -899760 0
-954 -4.54747350886464e-13 -899760 0

-954 -4.54747350886464e-13 -899760 0
-954 2.79999999999955 -899760 0
-954 5.59999999999954 -899760 0

-954 5.59999999999954 -899760 0

-965.2 -5.60000000000045 -899760 0
-965.2 5.59999999999954 -899760 0

-954 -5.60000000000045 -899760 0
-965.2 -5.60000000000045 -899760 0

-954 5.59999999999954 -899760 0
-965.2 5.59999999999954 -899760 0

-965.2 -5.60000000000045 -889980 0
-965.2 5.59999999999954 -889980 0

-954 -5.60000000000045 -889980 0
-954 5.59999999999954 -889980 0

-965.2 -5.60000000000045 -889980 0
-954 -5.60000000000045 -889980 0

-965.2 5.59999999999954 -889980 0
-954 5.59999999999954 -889980 0

-965.2 -5.60000000000045 -899760 0
-965.2 5.59999999999954 -899760 0

-965.2 -5.60000000000045 -889980 0
-965.2 5.59999999999954 -889980 0

-965.2 -5.60000000000045 -899760 0
-965.2 -5.60000000000045 -889980 0

-965.2 5.59999999999954 -899760 0
-965.2 5.59999999999954 -889980 0

-954 -5.60000000000045 -889980 0
-954 5.59999999999954 -889980 0

-954 -5.60000000000045 -899760 0
-954 5.59999999999954 -899760 0

-954 -5.60000000000045 -889980 0
-954 -5.60000000000045 -899760 0

-954 5.59999999999954 -889980 0
-954 5.59999999999954 -899760 0

-954 -5.60000000000045 -899760 0
-965.2 -5.60000000000045 -899760 0

-954 -5.60000000000045 -889980 0
-965.2 -5.60000000000045 -889980 0

-954 -5.60000000000045 -899760 0
-954 -5.60000000000045 -889980 0

-965.2 -5.60000000000045 -899760 0
-965.2 -5.60000000000045 -889980 0

-954 5.59999999999954 -889980 0
-965.2 5.59999999999954 -889980 0

-954 5.59999999999954 -899760 0
-965.2 5.59999999999954 -899760 0

-954 5.59999999999954 -889980 0
-954 5.59999999999954 -899760 0

-965.2 5.59999999999954 -889980 0
-965.2 5.59999999999954 -899760 0

-954 -5.60000000000045 -889980 0
-954 -4.54747350886464e-13 -889980 0

-954 -4.54747350886464e-13 -889980 0
-954 2.79999999999955 -889980 0
-954 5.59999999999954 -889980 0

-954 5.59999999999954 -889980 0

-965.2 -5.60000000000045 -889980 0
-965.2 5.59999999999954 -889980 0

-954 -5.60000000000045 -889980 0
-965.2 -5.60000000000045 -889980 0

-954 5.59999999999954 -889980 0
-965.2 5.59999999999954 -889980 0

-965.2 -5.60000000000045 -880200 0
-965.2 5.59999999999954 -880200 0

-954 -5.60000000000045 -880200 0
-954 5.59999999999954 -880200 0

-965.2 -5.60000000000045 -880200 0
-954 -5.60000000000045 -880200 0

-965.2 5.59999999999954 -880200 0
-954 5.59999999999954 -880200 0

-965.2 -5.60000000000045 -889980 0
-965.2 5.59999999999954 -889980 0

-965.2 -5.60000000000045 -880200 0
-965.2 5.59999999999954 -880200 0

-965.2 -5.60000000000045 -889980 0
-965.2 -5.60000000000045 -880200 0

-965.2 5.59999999999954 -889980 0
-965.2 5.59999999999954 -880200 0

-954 -5.60000000000045 -880200 0
-954 5.59999999999954 -880200 0

-954 -5.60000000000045 -889980 0
-954 5.59999999999954 -889980 0

-954 -5.60000000000045 -880200 0
-954 -5.60000000000045 -889980 0

-954 5.59999999999954 -880200 0
-954 5.59999999999954 -889980 0

-954 -5.60000000000045 -889980 0
-965.2 -5.60000000000045 -889980 0

-954 -5.60000000000045 -880200 0
-965.2 -5.60000000000045 -880200 0

-954 -5.60000000000045 -889980 0
-954 -5.60000000000045 -880200 0

-965.2 -5.60000000000045 -889980 0
-965.2 -5.60000000000045 -880200 0

-954 5.59999999999954 -880200 0
-965.2 5.59999999999954 -880200 0

-954 5.59999999999954 -889980 0
-965.2 5.59999999999954 -889980 0

-954 5.59999999999954 -880200 0
-954 5.59999999999954 -889980 0

-965.2 5.59999999999954 -880200 0
-965.2 5.59999999999954 -889980 0

-954 -5.60000000000045 -880200 0
-954 -4.54747350886464e-13 -880200 0

-954 -4.54747350886464e-13 -880200 0
-954 2.79999999999955 -880200 0
-954 5.59999999999954 -880200 0

-954 5.59999999999954 -880200 0

-965.2 -5.60000000000045 -880200 0
-965.2 5.59999999999954 -880200 0

-954 -5.60000000000045 -880200 0
-965.2 -5.60000000000045 -880200 0

-954 5.59999999999954 -880200 0
-965.2 5.59999999999954 -880200 0

-965.2 -5.60000000000045 -870420 0
-965.2 5.59999999999954 -870420 0

-954 -5.60000000000045 -870420 0
-954 5.59999999999954 -870420 0

-965.2 -5.60000000000045 -870420 0
-954 -5.60000000000045 -870420 0

-965.2 5.59999999999954 -870420 0
-954 5.59999999999954 -870420 0

-965.2 -5.60000000000045 -880200 0
-965.2 5.59999999999954 -880200 0

-965.2 -5.60000000000045 -870420 0
-965.2 5.59999999999954 -870420 0

-965.2 -5.60000000000045 -880200 0
-965.2 -5.60000000000045 -870420 0

-965.2 5.59999999999954 -880200 0
-965.2 5.59999999999954 -870420 0

-954 -5.60000000000045 -870420 0
-954 5.59999999999954 -870420 0

-954 -5.60000000000045 -880200 0
-954 5.59999999999954 -880200 0

-954 -5.60000000000045 -870420 0
-954 -5.60000000000045 -880200 0

-954 5.59999999999954 -870420 0
-954 5.59999999999954 -880200 0

-954 -5.60000000000045 -880200 0
-965.2 -5.60000000000045 -880200 0

-954 -5.60000000000045 -870420 0
-965.2 -5.60000000000045 -870420 0

-954 -5.60000000000045 -880200 0
-954 -5.60000000000045 -870420 0

-965.2 -5.60000000000045 -880200 0
-965.2 -5.60000000000045 -870420 0

-954 5.59999999999954 -870420 0
-965.2 5.59999999999954 -870420 0

-954 5.59999999999954 -880200 0
-965.2 5.59999999999954 -880200 0

-954 5.59999999999954 -870420 0
-954 5.59999999999954 -880200 0

-965.2 5.59999999999954 -870420 0
-965.2 5.59999999999954 -880200 0

-954 -5.60000000000045 -870420 0
-954 -4.54747350886464e-13 -870420 0

-954 -4.54747350886464e-13 -870420 0
-954 2.79999999999955 -870420 0
-954 5.59999999999954 -870420 0

-954 5.59999999999954 -870420 0

-965.2 -5.60000000000045 -870420 0
-965.2 5.59999999999954 -870420 0

-954 -5.60000000000045 -870420 0
-965.2 -5.60000000000045 -870420 0

-954 5.59999999999954 -870420 0
-965.2 5.59999999999954 -870420 0

-965.2 -5.60000000000045 -860640 0
-965.2 5.59999999999954 -860640 0

-954 -5.60000000000045 -860640 0
-954 5.59999999999954 -860640 0

-965.2 -5.60000000000045 -860640 0
-954 -5.60000000000045 -860640 0

-965.2 5.59999999999954 -860640 0
-954 5.59999999999954 -860640 0

-965.2 -5.60000000000045 -870420 0
-965.2 5.59999999999954 -870420 0

-965.2 -5.60000000000045 -860640 0
-965.2 5.59999999999954 -860640 0

-965.2 -5.60000000000045 -870420 0
-965.2 -5.60000000000045 -860640 0

-965.2 5.59999999999954 -870420 0
-965.2 5.59999999999954 -860640 0

-954 -5.60000000000045 -860640 0
-954 5.59999999999954 -860640 0

-954 -5.60000000000045 -870420 0
-954 5.59999999999954 -870420 0

-954 -5.60000000000045 -860640 0
-954 -5.60000000000045 -870420 0

-954 5.59999999999954 -860640 0
-954 5.59999999999954 -870420 0

-954 -5.60000000000045 -870420 0
-965.2 -5.60000000000045 -870420 0

-954 -5.60000000000045 -860640 0
-965.2 -5.60000000000045 -860640 0

-954 -5.60000000000045 -870420 0
-954 -5.60000000000045 -860640 0

-965.2 -5.60000000000045 -870420 0
-965.2 -5.60000000000045 -860640 0

-954 5.59999999999954 -860640 0
-965.2 5.59999999999954 -860640 0

-954 5.59999999999954 -870420 0
-965.2 5.59999999999954 -870420 0

-954 5.59999999999954 -860640 0
-954 5.59999999999954 -870420 0

-965.2 5.59999999999954 -860640 0
-965.2 5.59999999999954 -870420 0

-954 -5.60000000000045 -860640 0
-954 -4.54747350886464e-13 -860640 0

-954 -4.54747350886464e-13 -860640 0
-954 2.79999999999955 -860640 0
-954 5.59999999999954 -860640 0

-954 5.59999999999954 -860640 0

-965.2 -5.60000000000045 -860640 0
-965.2 5.59999999999954 -860640 0

-954 -5.60000000000045 -860640 0
-965.2 -5.60000000000045 -860640 0

-954 5.59999999999954 -860640 0
-965.2 5.59999999999954 -860640 0

-965.2 -5.60000000000045 -850860 0
-965.2 5.59999999999954 -850860 0

-954 -5.60000000000045 -850860 0
-954 5.59999999999954 -850860 0

-965.2 -5.60000000000045 -850860 0
-954 -5.60000000000045 -850860 0

-965.2 5.59999999999954 -850860 0
-954 5.59999999999954 -850860 0

-965.2 -5.60000000000045 -860640 0
-965.2 5.59999999999954 -860640 0

-965.2 -5.60000000000045 -850860 0
-965.2 5.59999999999954 -850860 0

-965.2 -5.60000000000045 -860640 0
-965.2 -5.60000000000045 -850860 0

-965.2 5.59999999999954 -860640 0
-965.2 5.59999999999954 -850860 0

-954 -5.60000000000045 -850860 0
-954 5.59999999999954 -850860 0

-954 -5.60000000000045 -860640 0
-954 5.59999999999954 -860640 0

-954 -5.60000000000045 -850860 0
-954 -5.60000000000045 -860640 0

-954 5.59999999999954 -850860 0
-954 5.59999999999954 -860640 0

-954 -5.60000000000045 -860640 0
-965.2 -5.60000000000045 -860640 0

-954 -5.60000000000045 -850860 0
-965.2 -5.60000000000045 -850860 0

-954 -5.60000000000045 -860640 0
-954 -5.60000000000045 -850860 0

-965.2 -5.60000000000045 -860640 0
-965.2 -5.60000000000045 -850860 0

-954 5.59999999999954 -850860 0
-965.2 5.59999999999954 -850860 0

-954 5.59999999999954 -860640 0
-965.2 5.59999999999954 -860640 0

-954 5.59999999999954 -850860 0
-954 5.59999999999954 -860640 0

-965.2 5.59999999999954 -850860 0
-965.2 5.59999999999954 -860640 0

-954 -5.60000000000045 -850860 0
-954 -4.54747350886464e-13 -850860 0

-954 -4.54747350886464e-13 -850860 0
-954 2.79999999999955 -850860 0
-954 5.59999999999954 -850860 0

-954 5.59999999999954 -850860 0

-965.2 -5.60000000000045 -850860 0
-965.2 5.59999999999954 -850860 0

-954 -5.60000000000045 -850860 0
-965.2 -5.60000000000045 -850860 0

-954 5.59999999999954 -850860 0
-965.2 5.59999999999954 -850860 0

-965.2 -5.60000000000045 -841080 0
-965.2 5.59999999999954 -841080 0

-954 -5.60000000000045 -841080 0
-954 5.59999999999954 -841080 0

-965.2 -5.60000000000045 -841080 0
-954 -5.60000000000045 -841080 0

-965.2 5.59999999999954 -841080 0
-954 5.59999999999954 -841080 0

-965.2 -5.60000000000045 -850860 0
-965.2 5.59999999999954 -850860 0

-965.2 -5.60000000000045 -841080 0
-965.2 5.59999999999954 -841080 0

-965.2 -5.60000000000045 -850860 0
-965.2 -5.60000000000045 -841080 0

-965.2 5.59999999999954 -850860 0
-965.2 5.59999999999954 -841080 0

-954 -5.60000000000045 -841080 0
-954 5.59999999999954 -841080 0

-954 -5.60000000000045 -850860 0
-954 5.59999999999954 -850860 0

-954 -5.60000000000045 -841080 0
-954 -5.60000000000045 -850860 0

-954 5.59999999999954 -841080 0
-954 5.59999999999954 -850860 0

-954 -5.60000000000045 -850860 0
-965.2 -5.60000000000045 -850860 0

-954 -5.60000000000045 -841080 0
-965.2 -5.60000000000045 -841080 0

-954 -5.60000000000045 -850860 0
-954 -5.60000000000045 -841080 0

-965.2 -5.60000000000045 -850860 0
-965.2 -5.60000000000045 -841080 0

-954 5.59999999999954 -841080 0
-965.2 5.59999999999954 -841080 0

-954 5.59999999999954 -850860 0
-965.2 5.59999999999954 -850860 0

-954 5.59999999999954 -841080 0
-954 5.59999999999954 -850860 0

-965.2 5.59999999999954 -841080 0
-965.2 5.59999999999954 -850860 0

-954 -5.60000000000045 -841080 0
-954 -4.54747350886464e-13 -841080 0

-954 -4.54747350886464e-13 -841080 0
-954 2.79999999999955 -841080 0
-954 5.59999999999954 -841080 0

-954 5.59999999999954 -841080 0

-965.2 -5.60000000000045 -841080 0
-965.2 5.59999999999954 -841080 0

-954 -5.60000000000045 -841080 0
-965.2 -5.60000000000045 -841080 0

-954 5.59999999999954 -841080 0
-965.2 5.59999999999954 -841080 0

-965.2 -5.60000000000045 -831300 0
-965.2 5.59999999999954 -831300 0

-954 -5.60000000000045 -831300 0
-954 5.59999999999954 -831300 0

-965.2 -5.60000000000045 -831300 0
-954 -5.60000000000045 -831300 0

-965.2 5.59999999999954 -831300 0
-954 5.59999999999954 -831300 0

-965.2 -5.60000000000045 -841080 0
-965.2 5.59999999999954 -841080 0

-965.2 -5.60000000000045 -831300 0
-965.2 5.59999999999954 -831300 0

-965.2 -5.60000000000045 -841080 0
-965.2 -5.60000000000045 -831300 0

-965.2 5.59999999999954 -841080 0
-965.2 5.59999999999954 -831300 0

-954 -5.60000000000045 -831300 0
-954 5.59999999999954 -831300 0

-954 -5.60000000000045 -841080 0
-954 5.59999999999954 -841080 0

-954 -5.60000000000045 -831300 0
-954 -5.60000000000045 -841080 0

-954 5.59999999999954 -831300 0
-954 5.59999999999954 -841080 0

-954 -5.60000000000045 -841080 0
-965.2 -5.60000000000045 -841080 0

-954 -5.60000000000045 -831300 0
-965.2 -5.60000000000045 -831300 0

-954 -5.60000000000045 -841080 0
-954 -5.60000000000045 -831300 0

-965.2 -5.60000000000045 -841080 0
-965.2 -5.60000000000045 -831300 0

-954 5.59999999999954 -831300 0
-965.2 5.59999999999954 -831300 0

-954 5.59999999999954 -841080 0
-965.2 5.59999999999954 -841080 0

-954 5.59999999999954 -831300 0
-954 5.59999999999954 -841080 0

-965.2 5.59999999999954 -831300 0
-965.2 5.59999999999954 -841080 0

-954 -5.60000000000045 -831300 0
-954 -4.54747350886464e-13 -831300 0

-954 -4.54747350886464e-13 -831300 0
-954 2.79999999999955 -831300 0
-954 5.59999999999954 -831300 0

-954 5.59999999999954 -831300 0

-965.2 -5.60000000000045 -831300 0
-965.2 5.59999999999954 -831300 0

-954 -5.60000000000045 -831300 0
-965.2 -5.60000000000045 -831300 0

-954 5.59999999999954 -831300 0
-965.2 5.59999999999954 -831300 0

-965.2 -5.60000000000045 -821520 0
-965.2 5.59999999999954 -821520 0

-954 -5.60000000000045 -821520 0
-954 5.59999999999954 -821520 0

-965.2 -5.60000000000045 -821520 0
-954 -5.60000000000045 -821520 0

-965.2 5.59999999999954 -821520 0
-954 5.59999999999954 -821520 0

-965.2 -5.60000000000045 -831300 0
-965.2 5.59999999999954 -831300 0

-965.2 -5.60000000000045 -821520 0
-965.2 5.59999999999954 -821520 0

-965.2 -5.60000000000045 -831300 0
-965.2 -5.60000000000045 -821520 0

-965.2 5.59999999999954 -831300 0
-965.2 5.59999999999954 -821520 0

-954 -5.60000000000045 -821520 0
-954 5.59999999999954 -821520 0

-954 -5.60000000000045 -831300 0
-954 5.59999999999954 -831300 0

-954 -5.60000000000045 -821520 0
-954 -5.60000000000045 -831300 0

-954 5.59999999999954 -821520 0
-954 5.59999999999954 -831300 0

-954 -5.60000000000045 -831300 0
-965.2 -5.60000000000045 -831300 0

-954 -5.60000000000045 -821520 0
-965.2 -5.60000000000045 -821520 0

-954 -5.60000000000045 -831300 0
-954 -5.60000000000045 -821520 0

-965.2 -5.60000000000045 -831300 0
-965.2 -5.60000000000045 -821520 0

-954 5.59999999999954 -821520 0
-965.2 5.59999999999954 -821520 0

-954 5.59999999999954 -831300 0
-965.2 5.59999999999954 -831300 0

-954 5.59999999999954 -821520 0
-954 5.59999999999954 -831300 0

-965.2 5.59999999999954 -821520 0
-965.2 5.59999999999954 -831300 0

-954 -5.60000000000045 -821520 0
-954 -4.54747350886464e-13 -821520 0

-954 -4.54747350886464e-13 -821520 0
-954 2.79999999999955 -821520 0
-954 5.59999999999954 -821520 0

-954 5.59999999999954 -821520 0

-965.2 -5.60000000000045 -821520 0
-965.2 5.59999999999954 -821520 0

-954 -5.60000000000045 -821520 0
-965.2 -5.60000000000045 -821520 0

-954 5.59999999999954 -821520 0
-965.2 5.59999999999954 -821520 0

-965.2 -5.60000000000045 -811740 0
-965.2 5.59999999999954 -811740 0

-954 -5.60000000000045 -811740 0
-954 5.59999999999954 -811740 0

-965.2 -5.60000000000045 -811740 0
-954 -5.60000000000045 -811740 0

-965.2 5.59999999999954 -811740 0
-954 5.59999999999954 -811740 0

-965.2 -5.60000000000045 -821520 0
-965.2 5.59999999999954 -821520 0

-965.2 -5.60000000000045 -811740 0
-965.2 5.59999999999954 -811740 0

-965.2 -5.60000000000045 -821520 0
-965.2 -5.60000000000045 -811740 0

-965.2 5.59999999999954 -821520 0
-965.2 5.59999999999954 -811740 0

-954 -5.60000000000045 -811740 0
-954 5.59999999999954 -811740 0

-954 -5.60000000000045 -821520 0
-954 5.59999999999954 -821520 0

-954 -5.60000000000045 -811740 0
-954 -5.60000000000045 -821520 0

-954 5.59999999999954 -811740 0
-954 5.59999999999954 -821520 0

-954 -5.60000000000045 -821520 0
-965.2 -5.60000000000045 -821520 0

-954 -5.60000000000045 -811740 0
-965.2 -5.60000000000045 -811740 0

-954 -5.60000000000045 -821520 0
-954 -5.60000000000045 -811740 0

-965.2 -5.60000000000045 -821520 0
-965.2 -5.60000000000045 -811740 0

-954 5.59999999999954 -811740 0
-965.2 5.59999999999954 -811740 0

-954 5.59999999999954 -821520 0
-965.2 5.59999999999954 -821520 0

-954 5.59999999999954 -811740 0
-954 5.59999999999954 -821520 0

-965.2 5.59999999999954 -811740 0
-965.2 5.59999999999954 -821520 0

-954 -5.60000000000045 -811740 0
-954 -4.54747350886464e-13 -811740 0

-954 -4.54747350886464e-13 -811740 0
-954 2.79999999999955 -811740 0
-954 5.59999999999954 -811740 0

-954 5.59999999999954 -811740 0

-965.2 -5.60000000000045 -811740 0
-965.2 5.59999999999954 -811740 0

-954 -5.60000000000045 -811740 0
-965.2 -5.60000000000045 -811740 0

-954 5.59999999999954 -811740 0
-965.2 5.59999999999954 -811740 0

-965.2 -5.60000000000045 -801960 0
-965.2 5.59999999999954 -801960 0

-954 -5.60000000000045 -801960 0
-954 5.59999999999954 -801960 0

-965.2 -5.60000000000045 -801960 0
-954 -5.60000000000045 -801960 0

-965.2 5.59999999999954 -801960 0
-954 5.59999999999954 -801960 0

-965.2 -5.60000000000045 -811740 0
-965.2 5.59999999999954 -811740 0

-965.2 -5.60000000000045 -801960 0
-965.2 5.59999999999954 -801960 0

-965.2 -5.60000000000045 -811740 0
-965.2 -5.60000000000045 -801960 0

-965.2 5.59999999999954 -811740 0
-965.2 5.59999999999954 -801960 0

-954 -5.60000000000045 -801960 0
-954 5.59999999999954 -801960 0

-954 -5.60000000000045 -811740 0
-954 5.59999999999954 -811740 0

-954 -5.60000000000045 -801960 0
-954 -5.60000000000045 -811740 0

-954 5.59999999999954 -801960 0
-954 5.59999999999954 -811740 0

-954 -5.60000000000045 -811740 0
-965.2 -5.60000000000045 -811740 0

-954 -5.60000000000045 -801960 0
-965.2 -5.60000000000045 -801960 0

-954 -5.60000000000045 -811740 0
-954 -5.60000000000045 -801960 0

-965.2 -5.60000000000045 -811740 0
-965.2 -5.60000000000045 -801960 0

-954 5.59999999999954 -801960 0
-965.2 5.59999999999954 -801960 0

-954 5.59999999999954 -811740 0
-965.2 5.59999999999954 -811740 0

-954 5.59999999999954 -801960 0
-954 5.59999999999954 -811740 0

-965.2 5.59999999999954 -801960 0
-965.2 5.59999999999954 -811740 0

-954 -5.60000000000045 -801960 0
-954 -4.54747350886464e-13 -801960 0

-954 -4.54747350886464e-13 -801960 0
-954 2.79999999999955 -801960 0
-954 5.59999999999954 -801960 0

-954 5.59999999999954 -801960 0

-965.2 -5.60000000000045 -801960 0
-965.2 5.59999999999954 -801960 0

-954 -5.60000000000045 -801960 0
-965.2 -5.60000000000045 -801960 0

-954 5.59999999999954 -801960 0
-965.2 5.59999999999954 -801960 0

-965.2 -5.60000000000045 -792180 0
-965.2 5.59999999999954 -792180 0

-954 -5.60000000000045 -792180 0
-954 5.59999999999954 -792180 0

-965.2 -5.60000000000045 -792180 0
-954 -5.60000000000045 -792180 0

-965.2 5.59999999999954 -792180 0
-954 5.59999999999954 -792180 0

-965.2 -5.60000000000045 -801960 0
-965.2 5.59999999999954 -801960 0

-965.2 -5.60000000000045 -792180 0
-965.2 5.59999999999954 -792180 0

-965.2 -5.60000000000045 -801960 0
-965.2 -5.60000000000045 -792180 0

-965.2 5.59999999999954 -801960 0
-965.2 5.59999999999954 -792180 0

-954 -5.60000000000045 -792180 0
-954 5.59999999999954 -792180 0

-954 -5.60000000000045 -801960 0
-954 5.59999999999954 -801960 0

-954 -5.60000000000045 -792180 0
-954 -5.60000000000045 -801960 0

-954 5.59999999999954 -792180 0
-954 5.59999999999954 -801960 0

-954 -5.60000000000045 -801960 0
-965.2 -5.60000000000045 -801960 0

-954 -5.60000000000045 -792180 0
-965.2 -5.60000000000045 -792180 0

-954 -5.60000000000045 -801960 0
-954 -5.60000000000045 -792180 0

-965.2 -5.60000000000045 -801960 0
-965.2 -5.60000000000045 -792180 0

-954 5.59999999999954 -792180 0
-965.2 5.59999999999954 -792180 0

-954 5.59999999999954 -801960 0
-965.2 5.59999999999954 -801960 0

-954 5.59999999999954 -792180 0
-954 5.59999999999954 -801960 0

-965.2 5.59999999999954 -792180 0
-965.2 5.59999999999954 -801960 0

-954 -5.60000000000045 -792180 0
-954 -4.54747350886464e-13 -792180 0

-954 -4.54747350886464e-13 -792180 0
-954 2.79999999999955 -792180 0
-954 5.59999999999954 -792180 0

-954 5.59999999999954 -792180 0

-965.2 -5.60000000000045 -792180 0
-965.2 5.59999999999954 -792180 0

-954 -5.60000000000045 -792180 0
-965.2 -5.60000000000045 -792180 0

-954 5.59999999999954 -792180 0
-965.2 5.59999999999954 -792180 0

-965.2 -5.60000000000045 -782400 0
-965.2 5.59999999999954 -782400 0

-954 -5.60000000000045 -782400 0
-954 5.59999999999954 -782400 0

-965.2 -5.60000000000045 -782400 0
-954 -5.60000000000045 -782400 0

-965.2 5.59999999999954 -782400 0
-954 5.59999999999954 -782400 0

-965.2 -5.60000000000045 -792180 0
-965.2 5.59999999999954 -792180 0

-965.2 -5.60000000000045 -782400 0
-965.2 5.59999999999954 -782400 0

-965.2 -5.60000000000045 -792180 0
-965.2 -5.60000000000045 -782400 0

-965.2 5.59999999999954 -792180 0
-965.2 5.59999999999954 -782400 0

-954 -5.60000000000045 -782400 0
-954 5.59999999999954 -782400 0

-954 -5.60000000000045 -792180 0
-954 5.59999999999954 -792180 0

-954 -5.60000000000045 -782400 0
-954 -5.60000000000045 -792180 0

-954 5.59999999999954 -782400 0
-954 5.59999999999954 -792180 0

-954 -5.60000000000045 -792180 0
-965.2 -5.60000000000045 -792180 0

-954 -5.60000000000045 -782400 0
-965.2 -5.60000000000045 -782400 0

-954 -5.60000000000045 -792180 0
-954 -5.60000000000045 -782400 0

-965.2 -5.60000000000045 -792180 0
-965.2 -5.60000000000045 -782400 0

-954 5.59999999999954 -782400 0
-965.2 5.59999999999954 -782400 0

-954 5.59999999999954 -792180 0
-965.2 5.59999999999954 -792180 0

-954 5.59999999999954 -782400 0
-954 5.59999999999954 -792180 0

-965.2 5.59999999999954 -782400 0
-965.2 5.59999999999954 -792180 0

-954 -5.60000000000045 -782400 0
-954 -4.54747350886464e-13 -782400 0

-954 -4.54747350886464e-13 -782400 0
-954 2.79999999999955 -782400 0
-954 5.59999999999954 -782400 0

-954 5.59999999999954 -782400 0

-965.2 -5.60000000000045 -782400 0
-965.2 5.59999999999954 -782400 0

-954 -5.60000000000045 -782400 0
-965.2 -5.60000000000045 -782400 0

-954 5.59999999999954 -782400 0
-965.2 5.59999999999954 -782400 0

-965.2 -5.60000000000045 -772620 0
-965.2 5.59999999999954 -772620 0

-954 -5.60000000000045 -772620 0
-954 5.59999999999954 -772620 0

-965.2 -5.60000000000045 -772620 0
-954 -5.60000000000045 -772620 0

-965.2 5.59999999999954 -772620 0
-954 5.59999999999954 -772620 0

-965.2 -5.60000000000045 -782400 0
-965.2 5.59999999999954 -782400 0

-965.2 -5.60000000000045 -772620 0
-965.2 5.59999999999954 -772620 0

-965.2 -5.60000000000045 -782400 0
-965.2 -5.60000000000045 -772620 0

-965.2 5.59999999999954 -782400 0
-965.2 5.59999999999954 -772620 0

-954 -5.60000000000045 -772620 0
-954 5.59999999999954 -772620 0

-954 -5.60000000000045 -782400 0
-954 5.59999999999954 -782400 0

-954 -5.60000000000045 -772620 0
-954 -5.60000000000045 -782400 0

-954 5.59999999999954 -772620 0
-954 5.59999999999954 -782400 0

-954 -5.60000000000045 -782400 0
-965.2 -5.60000000000045 -782400 0

-954 -5.60000000000045 -772620 0
-965.2 -5.60000000000045 -772620 0

-954 -5.60000000000045 -782400 0
-954 -5.60000000000045 -772620 0

-965.2 -5.60000000000045 -782400 0
-965.2 -5.60000000000045 -772620 0

-954 5.59999999999954 -772620 0
-965.2 5.59999999999954 -772620 0

-954 5.59999999999954 -782400 0
-965.2 5.59999999999954 -782400 0

-954 5.59999999999954 -772620 0
-954 5.59999999999954 -782400 0

-965.2 5.59999999999954 -772620 0
-965.2 5.59999999999954 -782400 0

-954 -5.60000000000045 -772620 0
-954 -4.54747350886464e-13 -772620 0

-954 -4.54747350886464e-13 -772620 0
-954 2.79999999999955 -772620 0
-954 5.59999999999954 -772620 0

-954 5.59999999999954 -772620 0

-965.2 -5.60000000000045 -772620 0
-965.2 5.59999999999954 -772620 0

-954 -5.60000000000045 -772620 0
-965.2 -5.60000000000045 -772620 0

-954 5.59999999999954 -772620 0
-965.2 5.59999999999954 -772620 0

-965.2 -5.60000000000045 -762840 0
-965.2 5.59999999999954 -762840 0

-954 -5.60000000000045 -762840 0
-954 5.59999999999954 -762840 0

-965.2 -5.60000000000045 -762840 0
-954 -5.60000000000045 -762840 0

-965.2 5.59999999999954 -762840 0
-954 5.59999999999954 -762840 0

-965.2 -5.60000000000045 -772620 0
-965.2 5.59999999999954 -772620 0

-965.2 -5.60000000000045 -762840 0
-965.2 5.59999999999954 -762840 0

-965.2 -5.60000000000045 -772620 0
-965.2 -5.60000000000045 -762840 0

-965.2 5.59999999999954 -772620 0
-965.2 5.59999999999954 -762840 0

-954 -5.60000000000045 -762840 0
-954 5.59999999999954 -762840 0

-954 -5.60000000000045 -772620 0
-954 5.59999999999954 -772620 0

-954 -5.60000000000045 -762840 0
-954 -5.60000000000045 -772620 0

-954 5.59999999999954 -762840 0
-954 5.59999999999954 -772620 0

-954 -5.60000000000045 -772620 0
-965.2 -5.60000000000045 -772620 0

-954 -5.60000000000045 -762840 0
-965.2 -5.60000000000045 -762840 0

-954 -5.60000000000045 -772620 0
-954 -5.60000000000045 -762840 0

-965.2 -5.60000000000045 -772620 0
-965.2 -5.60000000000045 -762840 0

-954 5.59999999999954 -762840 0
-965.2 5.59999999999954 -762840 0

-954 5.59999999999954 -772620 0
-965.2 5.59999999999954 -772620 0

-954 5.59999999999954 -762840 0
-954 5.59999999999954 -772620 0

-965.2 5.59999999999954 -762840 0
-965.2 5.59999999999954 -772620 0

-954 -5.60000000000045 -762840 0
-954 -4.54747350886464e-13 -762840 0

-954 -4.54747350886464e-13 -762840 0
-954 2.79999999999955 -762840 0
-954 5.59999999999954 -762840 0

-954 5.59999999999954 -762840 0

-965.2 -5.60000000000045 -762840 0
-965.2 5.59999999999954 -762840 0

-954 -5.60000000000045 -762840 0
-965.2 -5.60000000000045 -762840 0

-954 5.59999999999954 -762840 0
-965.2 5.59999999999954 -762840 0

-965.2 -5.60000000000045 -753060 0
-965.2 5.59999999999954 -753060 0

-954 -5.60000000000045 -753060 0
-954 5.59999999999954 -753060 0

-965.2 -5.60000000000045 -753060 0
-954 -5.60000000000045 -753060 0

-965.2 5.59999999999954 -753060 0
-954 5.59999999999954 -753060 0

-965.2 -5.60000000000045 -762840 0
-965.2 5.59999999999954 -762840 0

-965.2 -5.60000000000045 -753060 0
-965.2 5.59999999999954 -753060 0

-965.2 -5.60000000000045 -762840 0
-965.2 -5.60000000000045 -753060 0

-965.2 5.59999999999954 -762840 0
-965.2 5.59999999999954 -753060 0

-954 -5.60000000000045 -753060 0
-954 5.59999999999954 -753060 0

-954 -5.60000000000045 -762840 0
-954 5.59999999999954 -762840 0

-954 -5.60000000000045 -753060 0
-954 -5.60000000000045 -762840 0

-954 5.59999999999954 -753060 0
-954 5.59999999999954 -762840 0

-954 -5.60000000000045 -762840 0
-965.2 -5.60000000000045 -762840 0

-954 -5.60000000000045 -753060 0
-965.2 -5.60000000000045 -753060 0

-954 -5.60000000000045 -762840 0
-954 -5.60000000000045 -753060 0

-965.2 -5.60000000000045 -762840 0
-965.2 -5.60000000000045 -753060 0

-954 5.59999999999954 -753060 0
-965.2 5.59999999999954 -753060 0

-954 5.59999999999954 -762840 0
-965.2 5.59999999999954 -762840 0

-954 5.59999999999954 -753060 0
-954 5.59999999999954 -762840 0

-965.2 5.59999999999954 -753060 0
-965.2 5.59999999999954 -762840 0

-954 -5.60000000000045 -753060 0
-954 -4.54747350886464e-13 -753060 0

-954 -4.54747350886464e-13 -753060 0
-954 2.79999999999955 -753060 0
-954 5.59999999999954 -753060 0

-954 5.59999999999954 -753060 0

-965.2 -5.60000000000045 -753060 0
-965.2 5.59999999999954 -753060 0

-954 -5.60000000000045 -753060 0
-965.2 -5.60000000000045 -753060 0

-954 5.59999999999954 -753060 0
-965.2 5.59999999999954 -753060 0

-965.2 -5.60000000000045 -743280 0
-965.2 5.59999999999954 -743280 0

-954 -5.60000000000045 -743280 0
-954 5.59999999999954 -743280 0

-965.2 -5.60000000000045 -743280 0
-954 -5.60000000000045 -743280 0

-965.2 5.59999999999954 -743280 0
-954 5.59999999999954 -743280 0

-965.2 -5.60000000000045 -753060 0
-965.2 5.59999999999954 -753060 0

-965.2 -5.60000000000045 -743280 0
-965.2 5.59999999999954 -743280 0

-965.2 -5.60000000000045 -753060 0
-965.2 -5.60000000000045 -743280 0

-965.2 5.59999999999954 -753060 0
-965.2 5.59999999999954 -743280 0

-954 -5.60000000000045 -743280 0
-954 5.59999999999954 -743280 0

-954 -5.60000000000045 -753060 0
-954 5.59999999999954 -753060 0

-954 -5.60000000000045 -743280 0
-954 -5.60000000000045 -753060 0

-954 5.59999999999954 -743280 0
-954 5.59999999999954 -753060 0

-954 -5.60000000000045 -753060 0
-965.2 -5.60000000000045 -753060 0

-954 -5.60000000000045 -743280 0
-965.2 -5.60000000000045 -743280 0

-954 -5.60000000000045 -753060 0
-954 -5.60000000000045 -743280 0

-965.2 -5.60000000000045 -753060 0
-965.2 -5.60000000000045 -743280 0

-954 5.59999999999954 -743280 0
-965.2 5.59999999999954 -743280 0

-954 5.59999999999954 -753060 0
-965.2 5.59999999999954 -753060 0

-954 5.59999999999954 -743280 0
-954 5.59999999999954 -753060 0

-965.2 5.59999999999954 -743280 0
-965.2 5.59999999999954 -753060 0

-954 -5.60000000000045 -743280 0
-954 -4.54747350886464e-13 -743280 0

-954 -4.54747350886464e-13 -743280 0
-954 2.79999999999955 -743280 0
-954 5.59999999999954 -743280 0

-954 5.59999999999954 -743280 0

-965.2 -5.60000000000045 -743280 0
-965.2 5.59999999999954 -743280 0

-954 -5.60000000000045 -743280 0
-965.2 -5.60000000000045 -743280 0

-954 5.59999999999954 -743280 0
-965.2 5.59999999999954 -743280 0

-965.2 -5.60000000000045 -733500 0
-965.2 5.59999999999954 -733500 0

-954 -5.60000000000045 -733500 0
-954 5.59999999999954 -733500 0

-965.2 -5.60000000000045 -733500 0
-954 -5.60000000000045 -733500 0

-965.2 5.59999999999954 -733500 0
-954 5.59999999999954 -733500 0

-965.2 -5.60000000000045 -743280 0
-965.2 5.59999999999954 -743280 0

-965.2 -5.60000000000045 -733500 0
-965.2 5.59999999999954 -733500 0

-965.2 -5.60000000000045 -743280 0
-965.2 -5.60000000000045 -733500 0

-965.2 5.59999999999954 -743280 0
-965.2 5.59999999999954 -733500 0

-954 -5.60000000000045 -733500 0
-954 5.59999999999954 -733500 0

-954 -5.60000000000045 -743280 0
-954 5.59999999999954 -743280 0

-954 -5.60000000000045 -733500 0
-954 -5.60000000000045 -743280 0

-954 5.59999999999954 -733500 0
-954 5.59999999999954 -743280 0

-954 -5.60000000000045 -743280 0
-965.2 -5.60000000000045 -743280 0

-954 -5.60000000000045 -733500 0
-965.2 -5.60000000000045 -733500 0

-954 -5.60000000000045 -743280 0
-954 -5.60000000000045 -733500 0

-965.2 -5.60000000000045 -743280 0
-965.2 -5.60000000000045 -733500 0

-954 5.59999999999954 -733500 0
-965.2 5.59999999999954 -733500 0

-954 5.59999999999954 -743280 0
-965.2 5.59999999999954 -743280 0

-954 5.59999999999954 -733500 0
-954 5.59999999999954 -743280 0

-965.2 5.59999999999954 -733500 0
-965.2 5.59999999999954 -743280 0

-954 -5.60000000000045 -733500 0
-954 -4.54747350886464e-13 -733500 0

-954 -4.54747350886464e-13 -733500 0
-954 2.79999999999955 -733500 0
-954 5.59999999999954 -733500 0

-954 5.59999999999954 -733500 0

-965.2 -5.60000000000045 -733500 0
-965.2 5.59999999999954 -733500 0

-954 -5.60000000000045 -733500 0
-965.2 -5.60000000000045 -733500 0

-954 5.59999999999954 -733500 0
-965.2 5.59999999999954 -733500 0

-965.2 -5.60000000000045 -723720 0
-965.2 5.59999999999954 -723720 0

-954 -5.60000000000045 -723720 0
-954 5.59999999999954 -723720 0

-965.2 -5.60000000000045 -723720 0
-954 -5.60000000000045 -723720 0

-965.2 5.59999999999954 -723720 0
-954 5.59999999999954 -723720 0

-965.2 -5.60000000000045 -733500 0
-965.2 5.59999999999954 -733500 0

-965.2 -5.60000000000045 -723720 0
-965.2 5.59999999999954 -723720 0

-965.2 -5.60000000000045 -733500 0
-965.2 -5.60000000000045 -723720 0

-965.2 5.59999999999954 -733500 0
-965.2 5.59999999999954 -723720 0

-954 -5.60000000000045 -723720 0
-954 5.59999999999954 -723720 0

-954 -5.60000000000045 -733500 0
-954 5.59999999999954 -733500 0

-954 -5.60000000000045 -723720 0
-954 -5.60000000000045 -733500 0

-954 5.59999999999954 -723720 0
-954 5.59999999999954 -733500 0

-954 -5.60000000000045 -733500 0
-965.2 -5.60000000000045 -733500 0

-954 -5.60000000000045 -723720 0
-965.2 -5.60000000000045 -723720 0

-954 -5.60000000000045 -733500 0
-954 -5.60000000000045 -723720 0

-965.2 -5.60000000000045 -733500 0
-965.2 -5.60000000000045 -723720 0

-954 5.59999999999954 -723720 0
-965.2 5.59999999999954 -723720 0

-954 5.59999999999954 -733500 0
-965.2 5.59999999999954 -733500 0

-954 5.59999999999954 -723720 0
-954 5.59999999999954 -733500 0

-965.2 5.59999999999954 -723720 0
-965.2 5.59999999999954 -733500 0

-954 -5.60000000000045 -723720 0
-954 -4.54747350886464e-13 -723720 0

-954 -4.54747350886464e-13 -723720 0
-954 2.79999999999955 -723720 0
-954 5.59999999999954 -723720 0

-954 5.59999999999954 -723720 0

-965.2 -5.60000000000045 -723720 0
-965.2 5.59999999999954 -723720 0

-954 -5.60000000000045 -723720 0
-965.2 -5.60000000000045 -723720 0

-954 5.59999999999954 -723720 0
-965.2 5.59999999999954 -723720 0

-965.2 -5.60000000000045 -713940 0
-965.2 5.59999999999954 -713940 0

-954 -5.60000000000045 -713940 0
-954 5.59999999999954 -713940 0

-965.2 -5.60000000000045 -713940 0
-954 -5.60000000000045 -713940 0

-965.2 5.59999999999954 -713940 0
-954 5.59999999999954 -713940 0

-965.2 -5.60000000000045 -723720 0
-965.2 5.59999999999954 -723720 0

-965.2 -5.60000000000045 -713940 0
-965.2 5.59999999999954 -713940 0

-965.2 -5.60000000000045 -723720 0
-965.2 -5.60000000000045 -713940 0

-965.2 5.59999999999954 -723720 0
-965.2 5.59999999999954 -713940 0

-954 -5.60000000000045 -713940 0
-954 5.59999999999954 -713940 0

-954 -5.60000000000045 -723720 0
-954 5.59999999999954 -723720 0

-954 -5.60000000000045 -713940 0
-954 -5.60000000000045 -723720 0

-954 5.59999999999954 -713940 0
-954 5.59999999999954 -723720 0

-954 -5.60000000000045 -723720 0
-965.2 -5.60000000000045 -723720 0

-954 -5.60000000000045 -713940 0
-965.2 -5.60000000000045 -713940 0

-954 -5.60000000000045 -723720 0
-954 -5.60000000000045 -713940 0

-965.2 -5.60000000000045 -723720 0
-965.2 -5.60000000000045 -713940 0

-954 5.59999999999954 -713940 0
-965.2 5.59999999999954 -713940 0

-954 5.59999999999954 -723720 0
-965.2 5.59999999999954 -723720 0

-954 5.59999999999954 -713940 0
-954 5.59999999999954 -723720 0

-965.2 5.59999999999954 -713940 0
-965.2 5.59999999999954 -723720 0

-954 -5.60000000000045 -713940 0
-954 -4.54747350886464e-13 -713940 0

-954 -4.54747350886464e-13 -713940 0
-954 2.79999999999955 -713940 0
-954 5.59999999999954 -713940 0

-954 5.59999999999954 -713940 0

-965.2 -5.60000000000045 -713940 0
-965.2 5.59999999999954 -713940 0

-954 -5.60000000000045 -713940 0
-965.2 -5.60000000000045 -713940 0

-954 5.59999999999954 -713940 0
-965.2 5.59999999999954 -713940 0

-965.2 -5.60000000000045 -704160 0
-965.2 5.59999999999954 -704160 0

-954 -5.60000000000045 -704160 0
-954 5.59999999999954 -704160 0

-965.2 -5.60000000000045 -704160 0
-954 -5.60000000000045 -704160 0

-965.2 5.59999999999954 -704160 0
-954 5.59999999999954 -704160 0

-965.2 -5.60000000000045 -713940 0
-965.2 5.59999999999954 -713940 0

-965.2 -5.60000000000045 -704160 0
-965.2 5.59999999999954 -704160 0

-965.2 -5.60000000000045 -713940 0
-965.2 -5.60000000000045 -704160 0

-965.2 5.59999999999954 -713940 0
-965.2 5.59999999999954 -704160 0

-954 -5.60000000000045 -704160 0
-954 5.59999999999954 -704160 0

-954 -5.60000000000045 -713940 0
-954 5.59999999999954 -713940 0

-954 -5.60000000000045 -704160 0
-954 -5.60000000000045 -713940 0

-954 5.59999999999954 -704160 0
-954 5.59999999999954 -713940 0

-954 -5.60000000000045 -713940 0
-965.2 -5.60000000000045 -713940 0

-954 -5.60000000000045 -704160 0
-965.2 -5.60000000000045 -704160 0

-954 -5.60000000000045 -713940 0
-954 -5.60000000000045 -704160 0

-965.2 -5.60000000000045 -713940 0
-965.2 -5.60000000000045 -704160 0

-954 5.59999999999954 -704160 0
-965.2 5.59999999999954 -704160 0

-954 5.59999999999954 -713940 0
-965.2 5.59999999999954 -713940 0

-954 5.59999999999954 -704160 0
-954 5.59999999999954 -713940 0

-965.2 5.59999999999954 -704160 0
-965.2 5.59999999999954 -713940 0

-954 -5.60000000000045 -704160 0
-954 -4.54747350886464e-13 -704160 0

-954 -4.54747350886464e-13 -704160 0
-954 2.79999999999955 -704160 0
-954 5.59999999999954 -704160 0

-954 5.59999999999954 -704160 0

-965.2 -5.60000000000045 -704160 0
-965.2 5.59999999999954 -704160 0

-954 -5.60000000000045 -704160 0
-965.2 -5.60000000000045 -704160 0

-954 5.59999999999954 -704160 0
-965.2 5.59999999999954 -704160 0

-965.2 -5.60000000000045 -694380 0
-965.2 5.59999999999954 -694380 0

-954 -5.60000000000045 -694380 0
-954 5.59999999999954 -694380 0

-965.2 -5.60000000000045 -694380 0
-954 -5.60000000000045 -694380 0

-965.2 5.59999999999954 -694380 0
-954 5.59999999999954 -694380 0

-965.2 -5.60000000000045 -704160 0
-965.2 5.59999999999954 -704160 0

-965.2 -5.60000000000045 -694380 0
-965.2 5.59999999999954 -694380 0

-965.2 -5.60000000000045 -704160 0
-965.2 -5.60000000000045 -694380 0

-965.2 5.59999999999954 -704160 0
-965.2 5.59999999999954 -694380 0

-954 -5.60000000000045 -694380 0
-954 5.59999999999954 -694380 0

-954 -5.60000000000045 -704160 0
-954 5.59999999999954 -704160 0

-954 -5.60000000000045 -694380 0
-954 -5.60000000000045 -704160 0

-954 5.59999999999954 -694380 0
-954 5.59999999999954 -704160 0

-954 -5.60000000000045 -704160 0
-965.2 -5.60000000000045 -704160 0

-954 -5.60000000000045 -694380 0
-965.2 -5.60000000000045 -694380 0

-954 -5.60000000000045 -704160 0
-954 -5.60000000000045 -694380 0

-965.2 -5.60000000000045 -704160 0
-965.2 -5.60000000000045 -694380 0

-954 5.59999999999954 -694380 0
-965.2 5.59999999999954 -694380 0

-954 5.59999999999954 -704160 0
-965.2 5.59999999999954 -704160 0

-954 5.59999999999954 -694380 0
-954 5.59999999999954 -704160 0

-965.2 5.59999999999954 -694380 0
-965.2 5.59999999999954 -704160 0

-954 -5.60000000000045 -694380 0
-954 -4.54747350886464e-13 -694380 0

-954 -4.54747350886464e-13 -694380 0
-954 2.79999999999955 -694380 0
-954 5.59999999999954 -694380 0

-954 5.59999999999954 -694380 0

-965.2 -5.60000000000045 -694380 0
-965.2 5.59999999999954 -694380 0

-954 -5.60000000000045 -694380 0
-965.2 -5.60000000000045 -694380 0

-954 5.59999999999954 -694380 0
-965.2 5.59999999999954 -694380 0

-965.2 -5.60000000000045 -684600 0
-965.2 5.59999999999954 -684600 0

-954 -5.60000000000045 -684600 0
-954 5.59999999999954 -684600 0

-965.2 -5.60000000000045 -684600 0
-954 -5.60000000000045 -684600 0

-965.2 5.59999999999954 -684600 0
-954 5.59999999999954 -684600 0

-965.2 -5.60000000000045 -694380 0
-965.2 5.59999999999954 -694380 0

-965.2 -5.60000000000045 -684600 0
-965.2 5.59999999999954 -684600 0

-965.2 -5.60000000000045 -694380 0
-965.2 -5.60000000000045 -684600 0

-965.2 5.59999999999954 -694380 0
-965.2 5.59999999999954 -684600 0

-954 -5.60000000000045 -684600 0
-954 5.59999999999954 -684600 0

-954 -5.60000000000045 -694380 0
-954 5.59999999999954 -694380 0

-954 -5.60000000000045 -684600 0
-954 -5.60000000000045 -694380 0

-954 5.59999999999954 -684600 0
-954 5.59999999999954 -694380 0

-954 -5.60000000000045 -694380 0
-965.2 -5.60000000000045 -694380 0

-954 -5.60000000000045 -684600 0
-965.2 -5.60000000000045 -684600 0

-954 -5.60000000000045 -694380 0
-954 -5.60000000000045 -684600 0

-965.2 -5.60000000000045 -694380 0
-965.2 -5.60000000000045 -684600 0

-954 5.59999999999954 -684600 0
-965.2 5.59999999999954 -684600 0

-954 5.59999999999954 -694380 0
-965.2 5.59999999999954 -694380 0

-954 5.59999999999954 -684600 0
-954 5.59999999999954 -694380 0

-965.2 5.59999999999954 -684600 0
-965.2 5.59999999999954 -694380 0

-954 -5.60000000000045 -684600 0
-954 -4.54747350886464e-13 -684600 0

-954 -4.54747350886464e-13 -684600 0
-954 2.79999999999955 -684600 0
-954 5.59999999999954 -684600 0

-954 5.59999999999954 -684600 0

-965.2 -5.60000000000045 -684600 0
-965.2 5.59999999999954 -684600 0

-954 -5.60000000000045 -684600 0
-965.2 -5.60000000000045 -684600 0

-954 5.59999999999954 -684600 0
-965.2 5.59999999999954 -684600 0

-965.2 -5.60000000000045 -674820 0
-965.2 5.59999999999954 -674820 0

-954 -5.60000000000045 -674820 0
-954 5.59999999999954 -674820 0

-965.2 -5.60000000000045 -674820 0
-954 -5.60000000000045 -674820 0

-965.2 5.59999999999954 -674820 0
-954 5.59999999999954 -674820 0

-965.2 -5.60000000000045 -684600 0
-965.2 5.59999999999954 -684600 0

-965.2 -5.60000000000045 -674820 0
-965.2 5.59999999999954 -674820 0

-965.2 -5.60000000000045 -684600 0
-965.2 -5.60000000000045 -674820 0

-965.2 5.59999999999954 -684600 0
-965.2 5.59999999999954 -674820 0

-954 -5.60000000000045 -674820 0
-954 5.59999999999954 -674820 0

-954 -5.60000000000045 -684600 0
-954 5.59999999999954 -684600 0

-954 -5.60000000000045 -674820 0
-954 -5.60000000000045 -684600 0

-954 5.59999999999954 -674820 0
-954 5.59999999999954 -684600 0

-954 -5.60000000000045 -684600 0
-965.2 -5.60000000000045 -684600 0

-954 -5.60000000000045 -674820 0
-965.2 -5.60000000000045 -674820 0

-954 -5.60000000000045 -684600 0
-954 -5.60000000000045 -674820 0

-965.2 -5.60000000000045 -684600 0
-965.2 -5.60000000000045 -674820 0

-954 5.59999999999954 -674820 0
-965.2 5.59999999999954 -674820 0

-954 5.59999999999954 -684600 0
-965.2 5.59999999999954 -684600 0

-954 5.59999999999954 -674820 0
-954 5.59999999999954 -684600 0

-965.2 5.59999999999954 -674820 0
-965.2 5.59999999999954 -684600 0

-954 -5.60000000000045 -674820 0
-954 -4.54747350886464e-13 -674820 0

-954 -4.54747350886464e-13 -674820 0
-954 2.79999999999955 -674820 0
-954 5.59999999999954 -674820 0

-954 5.59999999999954 -674820 0

-965.2 -5.60000000000045 -674820 0
-965.2 5.59999999999954 -674820 0

-954 -5.60000000000045 -674820 0
-965.2 -5.60000000000045 -674820 0

-954 5.59999999999954 -674820 0
-965.2 5.59999999999954 -674820 0

-965.2 -5.60000000000045 -665040 0
-965.2 5.59999999999954 -665040 0

-954 -5.60000000000045 -665040 0
-954 5.59999999999954 -665040 0

-965.2 -5.60000000000045 -665040 0
-954 -5.60000000000045 -665040 0

-965.2 5.59999999999954 -665040 0
-954 5.59999999999954 -665040 0

-965.2 -5.60000000000045 -674820 0
-965.2 5.59999999999954 -674820 0

-965.2 -5.60000000000045 -665040 0
-965.2 5.59999999999954 -665040 0

-965.2 -5.60000000000045 -674820 0
-965.2 -5.60000000000045 -665040 0

-965.2 5.59999999999954 -674820 0
-965.2 5.59999999999954 -665040 0

-954 -5.60000000000045 -665040 0
-954 5.59999999999954 -665040 0

-954 -5.60000000000045 -674820 0
-954 5.59999999999954 -674820 0

-954 -5.60000000000045 -665040 0
-954 -5.60000000000045 -674820 0

-954 5.59999999999954 -665040 0
-954 5.59999999999954 -674820 0

-954 -5.60000000000045 -674820 0
-965.2 -5.60000000000045 -674820 0

-954 -5.60000000000045 -665040 0
-965.2 -5.60000000000045 -665040 0

-954 -5.60000000000045 -674820 0
-954 -5.60000000000045 -665040 0

-965.2 -5.60000000000045 -674820 0
-965.2 -5.60000000000045 -665040 0

-954 5.59999999999954 -665040 0
-965.2 5.59999999999954 -665040 0

-954 5.59999999999954 -674820 0
-965.2 5.59999999999954 -674820 0

-954 5.59999999999954 -665040 0
-954 5.59999999999954 -674820 0

-965.2 5.59999999999954 -665040 0
-965.2 5.59999999999954 -674820 0

-954 -5.60000000000045 -665040 0
-954 -4.54747350886464e-13 -665040 0

-954 -4.54747350886464e-13 -665040 0
-954 2.79999999999955 -665040 0
-954 5.59999999999954 -665040 0

-954 5.59999999999954 -665040 0

-965.2 -5.60000000000045 -665040 0
-965.2 5.59999999999954 -665040 0

-954 -5.60000000000045 -665040 0
-965.2 -5.60000000000045 -665040 0

-954 5.59999999999954 -665040 0
-965.2 5.59999999999954 -665040 0

-965.2 -5.60000000000045 -655260 0
-965.2 5.59999999999954 -655260 0

-954 -5.60000000000045 -655260 0
-954 5.59999999999954 -655260 0

-965.2 -5.60000000000045 -655260 0
-954 -5.60000000000045 -655260 0

-965.2 5.59999999999954 -655260 0
-954 5.59999999999954 -655260 0

-965.2 -5.60000000000045 -665040 0
-965.2 5.59999999999954 -665040 0

-965.2 -5.60000000000045 -655260 0
-965.2 5.59999999999954 -655260 0

-965.2 -5.60000000000045 -665040 0
-965.2 -5.60000000000045 -655260 0

-965.2 5.59999999999954 -665040 0
-965.2 5.59999999999954 -655260 0

-954 -5.60000000000045 -655260 0
-954 5.59999999999954 -655260 0

-954 -5.60000000000045 -665040 0
-954 5.59999999999954 -665040 0

-954 -5.60000000000045 -655260 0
-954 -5.60000000000045 -665040 0

-954 5.59999999999954 -655260 0
-954 5.59999999999954 -665040 0

-954 -5.60000000000045 -665040 0
-965.2 -5.60000000000045 -665040 0

-954 -5.60000000000045 -655260 0
-965.2 -5.60000000000045 -655260 0

-954 -5.60000000000045 -665040 0
-954 -5.60000000000045 -655260 0

-965.2 -5.60000000000045 -665040 0
-965.2 -5.60000000000045 -655260 0

-954 5.59999999999954 -655260 0
-965.2 5.59999999999954 -655260 0

-954 5.59999999999954 -665040 0
-965.2 5.59999999999954 -665040 0

-954 5.59999999999954 -655260 0
-954 5.59999999999954 -665040 0

-965.2 5.59999999999954 -655260 0
-965.2 5.59999999999954 -665040 0

-954 -5.60000000000045 -655260 0
-954 -4.54747350886464e-13 -655260 0

-954 -4.54747350886464e-13 -655260 0
-954 2.79999999999955 -655260 0
-954 5.59999999999954 -655260 0

-954 5.59999999999954 -655260 0

-965.2 -5.60000000000045 -655260 0
-965.2 5.59999999999954 -655260 0

-954 -5.60000000000045 -655260 0
-965.2 -5.60000000000045 -655260 0

-954 5.59999999999954 -655260 0
-965.2 5.59999999999954 -655260 0

-965.2 -5.60000000000045 -645480 0
-965.2 5.59999999999954 -645480 0

-954 -5.60000000000045 -645480 0
-954 5.59999999999954 -645480 0

-965.2 -5.60000000000045 -645480 0
-954 -5.60000000000045 -645480 0

-965.2 5.59999999999954 -645480 0
-954 5.59999999999954 -645480 0

-965.2 -5.60000000000045 -655260 0
-965.2 5.59999999999954 -655260 0

-965.2 -5.60000000000045 -645480 0
-965.2 5.59999999999954 -645480 0

-965.2 -5.60000000000045 -655260 0
-965.2 -5.60000000000045 -645480 0

-965.2 5.59999999999954 -655260 0
-965.2 5.59999999999954 -645480 0

-954 -5.60000000000045 -645480 0
-954 5.59999999999954 -645480 0

-954 -5.60000000000045 -655260 0
-954 5.59999999999954 -655260 0

-954 -5.60000000000045 -645480 0
-954 -5.60000000000045 -655260 0

-954 5.59999999999954 -645480 0
-954 5.59999999999954 -655260 0

-954 -5.60000000000045 -655260 0
-965.2 -5.60000000000045 -655260 0

-954 -5.60000000000045 -645480 0
-965.2 -5.60000000000045 -645480 0

-954 -5.60000000000045 -655260 0
-954 -5.60000000000045 -645480 0

-965.2 -5.60000000000045 -655260 0
-965.2 -5.60000000000045 -645480 0

-954 5.59999999999954 -645480 0
-965.2 5.59999999999954 -645480 0

-954 5.59999999999954 -655260 0
-965.2 5.59999999999954 -655260 0

-954 5.59999999999954 -645480 0
-954 5.59999999999954 -655260 0

-965.2 5.59999999999954 -645480 0
-965.2 5.59999999999954 -655260 0

-954 -5.60000000000045 -645480 0
-954 -4.54747350886464e-13 -645480 0

-954 -4.54747350886464e-13 -645480 0
-954 2.79999999999955 -645480 0
-954 5.59999999999954 -645480 0

-954 5.59999999999954 -645480 0

-965.2 -5.60000000000045 -645480 0
-965.2 5.59999999999954 -645480 0

-954 -5.60000000000045 -645480 0
-965.2 -5.60000000000045 -645480 0

-954 5.59999999999954 -645480 0
-965.2 5.59999999999954 -645480 0

-965.2 -5.60000000000045 -635700 0
-965.2 5.59999999999954 -635700 0

-954 -5.60000000000045 -635700 0
-954 5.59999999999954 -635700 0

-965.2 -5.60000000000045 -635700 0
-954 -5.60000000000045 -635700 0

-965.2 5.59999999999954 -635700 0
-954 5.59999999999954 -635700 0

-965.2 -5.60000000000045 -645480 0
-965.2 5.59999999999954 -645480 0

-965.2 -5.60000000000045 -635700 0
-965.2 5.59999999999954 -635700 0

-965.2 -5.60000000000045 -645480 0
-965.2 -5.60000000000045 -635700 0

-965.2 5.59999999999954 -645480 0
-965.2 5.59999999999954 -635700 0

-954 -5.60000000000045 -635700 0
-954 5.59999999999954 -635700 0

-954 -5.60000000000045 -645480 0
-954 5.59999999999954 -645480 0

-954 -5.60000000000045 -635700 0
-954 -5.60000000000045 -645480 0

-954 5.59999999999954 -635700 0
-954 5.59999999999954 -645480 0

-954 -5.60000000000045 -645480 0
-965.2 -5.60000000000045 -645480 0

-954 -5.60000000000045 -635700 0
-965.2 -5.60000000000045 -635700 0

-954 -5.60000000000045 -645480 0
-954 -5.60000000000045 -635700 0

-965.2 -5.60000000000045 -645480 0
-965.2 -5.60000000000045 -635700 0

-954 5.59999999999954 -635700 0
-965.2 5.59999999999954 -635700 0

-954 5.59999999999954 -645480 0
-965.2 5.59999999999954 -645480 0

-954 5.59999999999954 -635700 0
-954 5.59999999999954 -645480 0

-965.2 5.59999999999954 -635700 0
-965.2 5.59999999999954 -645480 0

-954 -5.60000000000045 -635700 0
-954 -4.54747350886464e-13 -635700 0

-954 -4.54747350886464e-13 -635700 0
-954 2.79999999999955 -635700 0
-954 5.59999999999954 -635700 0

-954 5.59999999999954 -635700 0

-965.2 -5.60000000000045 -635700 0
-965.2 5.59999999999954 -635700 0

-954 -5.60000000000045 -635700 0
-965.2 -5.60000000000045 -635700 0

-954 5.59999999999954 -635700 0
-965.2 5.59999999999954 -635700 0

-965.2 -5.60000000000045 -625920 0
-965.2 5.59999999999954 -625920 0

-954 -5.60000000000045 -625920 0
-954 5.59999999999954 -625920 0

-965.2 -5.60000000000045 -625920 0
-954 -5.60000000000045 -625920 0

-965.2 5.59999999999954 -625920 0
-954 5.59999999999954 -625920 0

-965.2 -5.60000000000045 -635700 0
-965.2 5.59999999999954 -635700 0

-965.2 -5.60000000000045 -625920 0
-965.2 5.59999999999954 -625920 0

-965.2 -5.60000000000045 -635700 0
-965.2 -5.60000000000045 -625920 0

-965.2 5.59999999999954 -635700 0
-965.2 5.59999999999954 -625920 0

-954 -5.60000000000045 -625920 0
-954 5.59999999999954 -625920 0

-954 -5.60000000000045 -635700 0
-954 5.59999999999954 -635700 0

-954 -5.60000000000045 -625920 0
-954 -5.60000000000045 -635700 0

-954 5.59999999999954 -625920 0
-954 5.59999999999954 -635700 0

-954 -5.60000000000045 -635700 0
-965.2 -5.60000000000045 -635700 0

-954 -5.60000000000045 -625920 0
-965.2 -5.60000000000045 -625920 0

-954 -5.60000000000045 -635700 0
-954 -5.60000000000045 -625920 0

-965.2 -5.60000000000045 -635700 0
-965.2 -5.60000000000045 -625920 0

-954 5.59999999999954 -625920 0
-965.2 5.59999999999954 -625920 0

-954 5.59999999999954 -635700 0
-965.2 5.59999999999954 -635700 0

-954 5.59999999999954 -625920 0
-954 5.59999999999954 -635700 0

-965.2 5.59999999999954 -625920 0
-965.2 5.59999999999954 -635700 0

-954 -5.60000000000045 -625920 0
-954 -4.54747350886464e-13 -625920 0

-954 -4.54747350886464e-13 -625920 0
-954 2.79999999999955 -625920 0
-954 5.59999999999954 -625920 0

-954 5.59999999999954 -625920 0

-965.2 -5.60000000000045 -625920 0
-965.2 5.59999999999954 -625920 0

-954 -5.60000000000045 -625920 0
-965.2 -5.60000000000045 -625920 0

-954 5.59999999999954 -625920 0
-965.2 5.59999999999954 -625920 0

-965.2 -5.60000000000045 -616140 0
-965.2 5.59999999999954 -616140 0

-954 -5.60000000000045 -616140 0
-954 5.59999999999954 -616140 0

-965.2 -5.60000000000045 -616140 0
-954 -5.60000000000045 -616140 0

-965.2 5.59999999999954 -616140 0
-954 5.59999999999954 -616140 0

-965.2 -5.60000000000045 -625920 0
-965.2 5.59999999999954 -625920 0

-965.2 -5.60000000000045 -616140 0
-965.2 5.59999999999954 -616140 0

-965.2 -5.60000000000045 -625920 0
-965.2 -5.60000000000045 -616140 0

-965.2 5.59999999999954 -625920 0
-965.2 5.59999999999954 -616140 0

-954 -5.60000000000045 -616140 0
-954 5.59999999999954 -616140 0

-954 -5.60000000000045 -625920 0
-954 5.59999999999954 -625920 0

-954 -5.60000000000045 -616140 0
-954 -5.60000000000045 -625920 0

-954 5.59999999999954 -616140 0
-954 5.59999999999954 -625920 0

-954 -5.60000000000045 -625920 0
-965.2 -5.60000000000045 -625920 0

-954 -5.60000000000045 -616140 0
-965.2 -5.60000000000045 -616140 0

-954 -5.60000000000045 -625920 0
-954 -5.60000000000045 -616140 0

-965.2 -5.60000000000045 -625920 0
-965.2 -5.60000000000045 -616140 0

-954 5.59999999999954 -616140 0
-965.2 5.59999999999954 -616140 0

-954 5.59999999999954 -625920 0
-965.2 5.59999999999954 -625920 0

-954 5.59999999999954 -616140 0
-954 5.59999999999954 -625920 0

-965.2 5.59999999999954 -616140 0
-965.2 5.59999999999954 -625920 0

-954 -5.60000000000045 -616140 0
-954 -4.54747350886464e-13 -616140 0

-954 -4.54747350886464e-13 -616140 0
-954 2.79999999999955 -616140 0
-954 5.59999999999954 -616140 0

-954 5.59999999999954 -616140 0

-965.2 -5.60000000000045 -616140 0
-965.2 5.59999999999954 -616140 0

-954 -5.60000000000045 -616140 0
-965.2 -5.60000000000045 -616140 0

-954 5.59999999999954 -616140 0
-965.2 5.59999999999954 -616140 0

-965.2 -5.60000000000045 -606360 0
-965.2 5.59999999999954 -606360 0

-954 -5.60000000000045 -606360 0
-954 5.59999999999954 -606360 0

-965.2 -5.60000000000045 -606360 0
-954 -5.60000000000045 -606360 0

-965.2 5.59999999999954 -606360 0
-954 5.59999999999954 -606360 0

-965.2 -5.60000000000045 -616140 0
-965.2 5.59999999999954 -616140 0

-965.2 -5.60000000000045 -606360 0
-965.2 5.59999999999954 -606360 0

-965.2 -5.60000000000045 -616140 0
-965.2 -5.60000000000045 -606360 0

-965.2 5.59999999999954 -616140 0
-965.2 5.59999999999954 -606360 0

-954 -5.60000000000045 -606360 0
-954 5.59999999999954 -606360 0

-954 -5.60000000000045 -616140 0
-954 5.59999999999954 -616140 0

-954 -5.60000000000045 -606360 0
-954 -5.60000000000045 -616140 0

-954 5.59999999999954 -606360 0
-954 5.59999999999954 -616140 0

-954 -5.60000000000045 -616140 0
-965.2 -5.60000000000045 -616140 0

-954 -5.60000000000045 -606360 0
-965.2 -5.60000000000045 -606360 0

-954 -5.60000000000045 -616140 0
-954 -5.60000000000045 -606360 0

-965.2 -5.60000000000045 -616140 0
-965.2 -5.60000000000045 -606360 0

-954 5.59999999999954 -606360 0
-965.2 5.59999999999954 -606360 0

-954 5.59999999999954 -616140 0
-965.2 5.59999999999954 -616140 0

-954 5.59999999999954 -606360 0
-954 5.59999999999954 -616140 0

-965.2 5.59999999999954 -606360 0
-965.2 5.59999999999954 -616140 0

-954 -5.60000000000045 -606360 0
-954 -4.54747350886464e-13 -606360 0

-954 -4.54747350886464e-13 -606360 0
-954 2.79999999999955 -606360 0
-954 5.59999999999954 -606360 0

-954 5.59999999999954 -606360 0

-965.2 -5.60000000000045 -606360 0
-965.2 5.59999999999954 -606360 0

-954 -5.60000000000045 -606360 0
-965.2 -5.60000000000045 -606360 0

-954 5.59999999999954 -606360 0
-965.2 5.59999999999954 -606360 0

-965.2 -5.60000000000045 -596580 0
-965.2 5.59999999999954 -596580 0

-954 -5.60000000000045 -596580 0
-954 5.59999999999954 -596580 0

-965.2 -5.60000000000045 -596580 0
-954 -5.60000000000045 -596580 0

-965.2 5.59999999999954 -596580 0
-954 5.59999999999954 -596580 0

-965.2 -5.60000000000045 -606360 0
-965.2 5.59999999999954 -606360 0

-965.2 -5.60000000000045 -596580 0
-965.2 5.59999999999954 -596580 0

-965.2 -5.60000000000045 -606360 0
-965.2 -5.60000000000045 -596580 0

-965.2 5.59999999999954 -606360 0
-965.2 5.59999999999954 -596580 0

-954 -5.60000000000045 -596580 0
-954 5.59999999999954 -596580 0

-954 -5.60000000000045 -606360 0
-954 5.59999999999954 -606360 0

-954 -5.60000000000045 -596580 0
-954 -5.60000000000045 -606360 0

-954 5.59999999999954 -596580 0
-954 5.59999999999954 -606360 0

-954 -5.60000000000045 -606360 0
-965.2 -5.60000000000045 -606360 0

-954 -5.60000000000045 -596580 0
-965.2 -5.60000000000045 -596580 0

-954 -5.60000000000045 -606360 0
-954 -5.60000000000045 -596580 0

-965.2 -5.60000000000045 -606360 0
-965.2 -5.60000000000045 -596580 0

-954 5.59999999999954 -596580 0
-965.2 5.59999999999954 -596580 0

-954 5.59999999999954 -606360 0
-965.2 5.59999999999954 -606360 0

-954 5.59999999999954 -596580 0
-954 5.59999999999954 -606360 0

-965.2 5.59999999999954 -596580 0
-965.2 5.59999999999954 -606360 0

-954 -5.60000000000045 -596580 0
-954 -4.54747350886464e-13 -596580 0

-954 -4.54747350886464e-13 -596580 0
-954 2.79999999999955 -596580 0
-954 5.59999999999954 -596580 0

-954 5.59999999999954 -596580 0

-965.2 -5.60000000000045 -596580 0
-965.2 5.59999999999954 -596580 0

-954 -5.60000000000045 -596580 0
-965.2 -5.60000000000045 -596580 0

-954 5.59999999999954 -596580 0
-965.2 5.59999999999954 -596580 0

-965.2 -5.60000000000045 -586800 0
-965.2 5.59999999999954 -586800 0

-954 -5.60000000000045 -586800 0
-954 5.59999999999954 -586800 0

-965.2 -5.60000000000045 -586800 0
-954 -5.60000000000045 -586800 0

-965.2 5.59999999999954 -586800 0
-954 5.59999999999954 -586800 0

-965.2 -5.60000000000045 -596580 0
-965.2 5.59999999999954 -596580 0

-965.2 -5.60000000000045 -586800 0
-965.2 5.59999999999954 -586800 0

-965.2 -5.60000000000045 -596580 0
-965.2 -5.60000000000045 -586800 0

-965.2 5.59999999999954 -596580 0
-965.2 5.59999999999954 -586800 0

-954 -5.60000000000045 -586800 0
-954 5.59999999999954 -586800 0

-954 -5.60000000000045 -596580 0
-954 5.59999999999954 -596580 0

-954 -5.60000000000045 -586800 0
-954 -5.60000000000045 -596580 0

-954 5.59999999999954 -586800 0
-954 5.59999999999954 -596580 0

-954 -5.60000000000045 -596580 0
-965.2 -5.60000000000045 -596580 0

-954 -5.60000000000045 -586800 0
-965.2 -5.60000000000045 -586800 0

-954 -5.60000000000045 -596580 0
-954 -5.60000000000045 -586800 0

-965.2 -5.60000000000045 -596580 0
-965.2 -5.60000000000045 -586800 0

-954 5.59999999999954 -586800 0
-965.2 5.59999999999954 -586800 0

-954 5.59999999999954 -596580 0
-965.2 5.59999999999954 -596580 0

-954 5.59999999999954 -586800 0
-954 5.59999999999954 -596580 0

-965.2 5.59999999999954 -586800 0
-965.2 5.59999999999954 -596580 0

-954 -5.60000000000045 -586800 0
-954 -4.54747350886464e-13 -586800 0

-954 -4.54747350886464e-13 -586800 0
-954 2.79999999999955 -586800 0
-954 5.59999999999954 -586800 0

-954 5.59999999999954 -586800 0

-965.2 -5.60000000000045 -586800 0
-965.2 5.59999999999954 -586800 0

-954 -5.60000000000045 -586800 0
-965.2 -5.60000000000045 -586800 0

-954 5.59999999999954 -586800 0
-965.2 5.59999999999954 -586800 0

-965.2 -5.60000000000045 -577020 0
-965.2 5.59999999999954 -577020 0

-954 -5.60000000000045 -577020 0
-954 5.59999999999954 -577020 0

-965.2 -5.60000000000045 -577020 0
-954 -5.60000000000045 -577020 0

-965.2 5.59999999999954 -577020 0
-954 5.59999999999954 -577020 0

-965.2 -5.60000000000045 -586800 0
-965.2 5.59999999999954 -586800 0

-965.2 -5.60000000000045 -577020 0
-965.2 5.59999999999954 -577020 0

-965.2 -5.60000000000045 -586800 0
-965.2 -5.60000000000045 -577020 0

-965.2 5.59999999999954 -586800 0
-965.2 5.59999999999954 -577020 0

-954 -5.60000000000045 -577020 0
-954 5.59999999999954 -577020 0

-954 -5.60000000000045 -586800 0
-954 5.59999999999954 -586800 0

-954 -5.60000000000045 -577020 0
-954 -5.60000000000045 -586800 0

-954 5.59999999999954 -577020 0
-954 5.59999999999954 -586800 0

-954 -5.60000000000045 -586800 0
-965.2 -5.60000000000045 -586800 0

-954 -5.60000000000045 -577020 0
-965.2 -5.60000000000045 -577020 0

-954 -5.60000000000045 -586800 0
-954 -5.60000000000045 -577020 0

-965.2 -5.60000000000045 -586800 0
-965.2 -5.60000000000045 -577020 0

-954 5.59999999999954 -577020 0
-965.2 5.59999999999954 -577020 0

-954 5.59999999999954 -586800 0
-965.2 5.59999999999954 -586800 0

-954 5.59999999999954 -577020 0
-954 5.59999999999954 -586800 0

-965.2 5.59999999999954 -577020 0
-965.2 5.59999999999954 -586800 0

-954 -5.60000000000045 -577020 0
-954 -4.54747350886464e-13 -577020 0

-954 -4.54747350886464e-13 -577020 0
-954 2.79999999999955 -577020 0
-954 5.59999999999954 -577020 0

-954 5.59999999999954 -577020 0

-965.2 -5.60000000000045 -577020 0
-965.2 5.59999999999954 -577020 0

-954 -5.60000000000045 -577020 0
-965.2 -5.60000000000045 -577020 0

-954 5.59999999999954 -577020 0
-965.2 5.59999999999954 -577020 0

-965.2 -5.60000000000045 -567240 0
-965.2 5.59999999999954 -567240 0

-954 -5.60000000000045 -567240 0
-954 5.59999999999954 -567240 0

-965.2 -5.60000000000045 -567240 0
-954 -5.60000000000045 -567240 0

-965.2 5.59999999999954 -567240 0
-954 5.59999999999954 -567240 0

-965.2 -5.60000000000045 -577020 0
-965.2 5.59999999999954 -577020 0

-965.2 -5.60000000000045 -567240 0
-965.2 5.59999999999954 -567240 0

-965.2 -5.60000000000045 -577020 0
-965.2 -5.60000000000045 -567240 0

-965.2 5.59999999999954 -577020 0
-965.2 5.59999999999954 -567240 0

-954 -5.60000000000045 -567240 0
-954 5.59999999999954 -567240 0

-954 -5.60000000000045 -577020 0
-954 5.59999999999954 -577020 0

-954 -5.60000000000045 -567240 0
-954 -5.60000000000045 -577020 0

-954 5.59999999999954 -567240 0
-954 5.59999999999954 -577020 0

-954 -5.60000000000045 -577020 0
-965.2 -5.60000000000045 -577020 0

-954 -5.60000000000045 -567240 0
-965.2 -5.60000000000045 -567240 0

-954 -5.60000000000045 -577020 0
-954 -5.60000000000045 -567240 0

-965.2 -5.60000000000045 -577020 0
-965.2 -5.60000000000045 -567240 0

-954 5.59999999999954 -567240 0
-965.2 5.59999999999954 -567240 0

-954 5.59999999999954 -577020 0
-965.2 5.59999999999954 -577020 0

-954 5.59999999999954 -567240 0
-954 5.59999999999954 -577020 0

-965.2 5.59999999999954 -567240 0
-965.2 5.59999999999954 -577020 0

-954 -5.60000000000045 -567240 0
-954 -4.54747350886464e-13 -567240 0

-954 -4.54747350886464e-13 -567240 0
-954 2.79999999999955 -567240 0
-954 5.59999999999954 -567240 0

-954 5.59999999999954 -567240 0

-965.2 -5.60000000000045 -567240 0
-965.2 5.59999999999954 -567240 0

-954 -5.60000000000045 -567240 0
-965.2 -5.60000000000045 -567240 0

-954 5.59999999999954 -567240 0
-965.2 5.59999999999954 -567240 0

-965.2 -5.60000000000045 -557460 0
-965.2 5.59999999999954 -557460 0

-954 -5.60000000000045 -557460 0
-954 5.59999999999954 -557460 0

-965.2 -5.60000000000045 -557460 0
-954 -5.60000000000045 -557460 0

-965.2 5.59999999999954 -557460 0
-954 5.59999999999954 -557460 0

-965.2 -5.60000000000045 -567240 0
-965.2 5.59999999999954 -567240 0

-965.2 -5.60000000000045 -557460 0
-965.2 5.59999999999954 -557460 0

-965.2 -5.60000000000045 -567240 0
-965.2 -5.60000000000045 -557460 0

-965.2 5.59999999999954 -567240 0
-965.2 5.59999999999954 -557460 0

-954 -5.60000000000045 -557460 0
-954 5.59999999999954 -557460 0

-954 -5.60000000000045 -567240 0
-954 5.59999999999954 -567240 0

-954 -5.60000000000045 -557460 0
-954 -5.60000000000045 -567240 0

-954 5.59999999999954 -557460 0
-954 5.59999999999954 -567240 0

-954 -5.60000000000045 -567240 0
-965.2 -5.60000000000045 -567240 0

-954 -5.60000000000045 -557460 0
-965.2 -5.60000000000045 -557460 0

-954 -5.60000000000045 -567240 0
-954 -5.60000000000045 -557460 0

-965.2 -5.60000000000045 -567240 0
-965.2 -5.60000000000045 -557460 0

-954 5.59999999999954 -557460 0
-965.2 5.59999999999954 -557460 0

-954 5.59999999999954 -567240 0
-965.2 5.59999999999954 -567240 0

-954 5.59999999999954 -557460 0
-954 5.59999999999954 -567240 0

-965.2 5.59999999999954 -557460 0
-965.2 5.59999999999954 -567240 0

-954 -5.60000000000045 -557460 0
-954 -4.54747350886464e-13 -557460 0

-954 -4.54747350886464e-13 -557460 0
-954 2.79999999999955 -557460 0
-954 5.59999999999954 -557460 0

-954 5.59999999999954 -557460 0

-965.2 -5.60000000000045 -557460 0
-965.2 5.59999999999954 -557460 0

-954 -5.60000000000045 -557460 0
-965.2 -5.60000000000045 -557460 0

-954 5.59999999999954 -557460 0
-965.2 5.59999999999954 -557460 0

-965.2 -5.60000000000045 -547680 0
-965.2 5.59999999999954 -547680 0

-954 -5.60000000000045 -547680 0
-954 5.59999999999954 -547680 0

-965.2 -5.60000000000045 -547680 0
-954 -5.60000000000045 -547680 0

-965.2 5.59999999999954 -547680 0
-954 5.59999999999954 -547680 0

-965.2 -5.60000000000045 -557460 0
-965.2 5.59999999999954 -557460 0

-965.2 -5.60000000000045 -547680 0
-965.2 5.59999999999954 -547680 0

-965.2 -5.60000000000045 -557460 0
-965.2 -5.60000000000045 -547680 0

-965.2 5.59999999999954 -557460 0
-965.2 5.59999999999954 -547680 0

-954 -5.60000000000045 -547680 0
-954 5.59999999999954 -547680 0

-954 -5.60000000000045 -557460 0
-954 5.59999999999954 -557460 0

-954 -5.60000000000045 -547680 0
-954 -5.60000000000045 -557460 0

-954 5.59999999999954 -547680 0
-954 5.59999999999954 -557460 0

-954 -5.60000000000045 -557460 0
-965.2 -5.60000000000045 -557460 0

-954 -5.60000000000045 -547680 0
-965.2 -5.60000000000045 -547680 0

-954 -5.60000000000045 -557460 0
-954 -5.60000000000045 -547680 0

-965.2 -5.60000000000045 -557460 0
-965.2 -5.60000000000045 -547680 0

-954 5.59999999999954 -547680 0
-965.2 5.59999999999954 -547680 0

-954 5.59999999999954 -557460 0
-965.2 5.59999999999954 -557460 0

-954 5.59999999999954 -547680 0
-954 5.59999999999954 -557460 0

-965.2 5.59999999999954 -547680 0
-965.2 5.59999999999954 -557460 0

-954 -5.60000000000045 -547680 0
-954 -4.54747350886464e-13 -547680 0

-954 -4.54747350886464e-13 -547680 0
-954 2.79999999999955 -547680 0
-954 5.59999999999954 -547680 0

-954 5.59999999999954 -547680 0

-965.2 -5.60000000000045 -547680 0
-965.2 5.59999999999954 -547680 0

-954 -5.60000000000045 -547680 0
-965.2 -5.60000000000045 -547680 0

-954 5.59999999999954 -547680 0
-965.2 5.59999999999954 -547680 0

-965.2 -5.60000000000045 -537900 0
-965.2 5.59999999999954 -537900 0

-954 -5.60000000000045 -537900 0
-954 5.59999999999954 -537900 0

-965.2 -5.60000000000045 -537900 0
-954 -5.60000000000045 -537900 0

-965.2 5.59999999999954 -537900 0
-954 5.59999999999954 -537900 0

-965.2 -5.60000000000045 -547680 0
-965.2 5.59999999999954 -547680 0

-965.2 -5.60000000000045 -537900 0
-965.2 5.59999999999954 -537900 0

-965.2 -5.60000000000045 -547680 0
-965.2 -5.60000000000045 -537900 0

-965.2 5.59999999999954 -547680 0
-965.2 5.59999999999954 -537900 0

-954 -5.60000000000045 -537900 0
-954 5.59999999999954 -537900 0

-954 -5.60000000000045 -547680 0
-954 5.59999999999954 -547680 0

-954 -5.60000000000045 -537900 0
-954 -5.60000000000045 -547680 0

-954 5.59999999999954 -537900 0
-954 5.59999999999954 -547680 0

-954 -5.60000000000045 -547680 0
-965.2 -5.60000000000045 -547680 0

-954 -5.60000000000045 -537900 0
-965.2 -5.60000000000045 -537900 0

-954 -5.60000000000045 -547680 0
-954 -5.60000000000045 -537900 0

-965.2 -5.60000000000045 -547680 0
-965.2 -5.60000000000045 -537900 0

-954 5.59999999999954 -537900 0
-965.2 5.59999999999954 -537900 0

-954 5.59999999999954 -547680 0
-965.2 5.59999999999954 -547680 0

-954 5.59999999999954 -537900 0
-954 5.59999999999954 -547680 0

-965.2 5.59999999999954 -537900 0
-965.2 5.59999999999954 -547680 0

-954 -5.60000000000045 -537900 0
-954 -4.54747350886464e-13 -537900 0

-954 -4.54747350886464e-13 -537900 0
-954 2.79999999999955 -537900 0
-954 5.59999999999954 -537900 0

-954 5.59999999999954 -537900 0

-965.2 -5.60000000000045 -537900 0
-965.2 5.59999999999954 -537900 0

-954 -5.60000000000045 -537900 0
-965.2 -5.60000000000045 -537900 0

-954 5.59999999999954 -537900 0
-965.2 5.59999999999954 -537900 0

-965.2 -5.60000000000045 -528120 0
-965.2 5.59999999999954 -528120 0

-954 -5.60000000000045 -528120 0
-954 5.59999999999954 -528120 0

-965.2 -5.60000000000045 -528120 0
-954 -5.60000000000045 -528120 0

-965.2 5.59999999999954 -528120 0
-954 5.59999999999954 -528120 0

-965.2 -5.60000000000045 -537900 0
-965.2 5.59999999999954 -537900 0

-965.2 -5.60000000000045 -528120 0
-965.2 5.59999999999954 -528120 0

-965.2 -5.60000000000045 -537900 0
-965.2 -5.60000000000045 -528120 0

-965.2 5.59999999999954 -537900 0
-965.2 5.59999999999954 -528120 0

-954 -5.60000000000045 -528120 0
-954 5.59999999999954 -528120 0

-954 -5.60000000000045 -537900 0
-954 5.59999999999954 -537900 0

-954 -5.60000000000045 -528120 0
-954 -5.60000000000045 -537900 0

-954 5.59999999999954 -528120 0
-954 5.59999999999954 -537900 0

-954 -5.60000000000045 -537900 0
-965.2 -5.60000000000045 -537900 0

-954 -5.60000000000045 -528120 0
-965.2 -5.60000000000045 -528120 0

-954 -5.60000000000045 -537900 0
-954 -5.60000000000045 -528120 0

-965.2 -5.60000000000045 -537900 0
-965.2 -5.60000000000045 -528120 0

-954 5.59999999999954 -528120 0
-965.2 5.59999999999954 -528120 0

-954 5.59999999999954 -537900 0
-965.2 5.59999999999954 -537900 0

-954 5.59999999999954 -528120 0
-954 5.59999999999954 -537900 0

-965.2 5.59999999999954 -528120 0
-965.2 5.59999999999954 -537900 0

-954 -5.60000000000045 -528120 0
-954 -4.54747350886464e-13 -528120 0

-954 -4.54747350886464e-13 -528120 0
-954 2.79999999999955 -528120 0
-954 5.59999999999954 -528120 0

-954 5.59999999999954 -528120 0

-965.2 -5.60000000000045 -528120 0
-965.2 5.59999999999954 -528120 0

-954 -5.60000000000045 -528120 0
-965.2 -5.60000000000045 -528120 0

-954 5.59999999999954 -528120 0
-965.2 5.59999999999954 -528120 0

-965.2 -5.60000000000045 -518340 0
-965.2 5.59999999999954 -518340 0

-954 -5.60000000000045 -518340 0
-954 5.59999999999954 -518340 0

-965.2 -5.60000000000045 -518340 0
-954 -5.60000000000045 -518340 0

-965.2 5.59999999999954 -518340 0
-954 5.59999999999954 -518340 0

-965.2 -5.60000000000045 -528120 0
-965.2 5.59999999999954 -528120 0

-965.2 -5.60000000000045 -518340 0
-965.2 5.59999999999954 -518340 0

-965.2 -5.60000000000045 -528120 0
-965.2 -5.60000000000045 -518340 0

-965.2 5.59999999999954 -528120 0
-965.2 5.59999999999954 -518340 0

-954 -5.60000000000045 -518340 0
-954 5.59999999999954 -518340 0

-954 -5.60000000000045 -528120 0
-954 5.59999999999954 -528120 0

-954 -5.60000000000045 -518340 0
-954 -5.60000000000045 -528120 0

-954 5.59999999999954 -518340 0
-954 5.59999999999954 -528120 0

-954 -5.60000000000045 -528120 0
-965.2 -5.60000000000045 -528120 0

-954 -5.60000000000045 -518340 0
-965.2 -5.60000000000045 -518340 0

-954 -5.60000000000045 -528120 0
-954 -5.60000000000045 -518340 0

-965.2 -5.60000000000045 -528120 0
-965.2 -5.60000000000045 -518340 0

-954 5.59999999999954 -518340 0
-965.2 5.59999999999954 -518340 0

-954 5.59999999999954 -528120 0
-965.2 5.59999999999954 -528120 0

-954 5.59999999999954 -518340 0
-954 5.59999999999954 -528120 0

-965.2 5.59999999999954 -518340 0
-965.2 5.59999999999954 -528120 0

-954 -5.60000000000045 -518340 0
-954 -4.54747350886464e-13 -518340 0

-954 -4.54747350886464e-13 -518340 0
-954 2.79999999999955 -518340 0
-954 5.59999999999954 -518340 0

-954 5.59999999999954 -518340 0

-965.2 -5.60000000000045 -518340 0
-965.2 5.59999999999954 -518340 0

-954 -5.60000000000045 -518340 0
-965.2 -5.60000000000045 -518340 0

-954 5.59999999999954 -518340 0
-965.2 5.59999999999954 -518340 0

-965.2 -5.60000000000045 -508560 0
-965.2 5.59999999999954 -508560 0

-954 -5.60000000000045 -508560 0
-954 5.59999999999954 -508560 0

-965.2 -5.60000000000045 -508560 0
-954 -5.60000000000045 -508560 0

-965.2 5.59999999999954 -508560 0
-954 5.59999999999954 -508560 0

-965.2 -5.60000000000045 -518340 0
-965.2 5.59999999999954 -518340 0

-965.2 -5.60000000000045 -508560 0
-965.2 5.59999999999954 -508560 0

-965.2 -5.60000000000045 -518340 0
-965.2 -5.60000000000045 -508560 0

-965.2 5.59999999999954 -518340 0
-965.2 5.59999999999954 -508560 0

-954 -5.60000000000045 -508560 0
-954 5.59999999999954 -508560 0

-954 -5.60000000000045 -518340 0
-954 5.59999999999954 -518340 0

-954 -5.60000000000045 -508560 0
-954 -5.60000000000045 -518340 0

-954 5.59999999999954 -508560 0
-954 5.59999999999954 -518340 0

-954 -5.60000000000045 -518340 0
-965.2 -5.60000000000045 -518340 0

-954 -5.60000000000045 -508560 0
-965.2 -5.60000000000045 -508560 0

-954 -5.60000000000045 -518340 0
-954 -5.60000000000045 -508560 0

-965.2 -5.60000000000045 -518340 0
-965.2 -5.60000000000045 -508560 0

-954 5.59999999999954 -508560 0
-965.2 5.59999999999954 -508560 0

-954 5.59999999999954 -518340 0
-965.2 5.59999999999954 -518340 0

-954 5.59999999999954 -508560 0
-954 5.59999999999954 -518340 0

-965.2 5.59999999999954 -508560 0
-965.2 5.59999999999954 -518340 0

-954 -5.60000000000045 -508560 0
-954 -4.54747350886464e-13 -508560 0

-954 -4.54747350886464e-13 -508560 0
-954 2.79999999999955 -508560 0
-954 5.59999999999954 -508560 0

-954 5.59999999999954 -508560 0

-965.2 -5.60000000000045 -508560 0
-965.2 5.59999999999954 -508560 0

-954 -5.60000000000045 -508560 0
-965.2 -5.60000000000045 -508560 0

-954 5.59999999999954 -508560 0
-965.2 5.59999999999954 -508560 0

-965.2 -5.60000000000045 -498780 0
-965.2 5.59999999999954 -498780 0

-954 -5.60000000000045 -498780 0
-954 5.59999999999954 -498780 0

-965.2 -5.60000000000045 -498780 0
-954 -5.60000000000045 -498780 0

-965.2 5.59999999999954 -498780 0
-954 5.59999999999954 -498780 0

-965.2 -5.60000000000045 -508560 0
-965.2 5.59999999999954 -508560 0

-965.2 -5.60000000000045 -498780 0
-965.2 5.59999999999954 -498780 0

-965.2 -5.60000000000045 -508560 0
-965.2 -5.60000000000045 -498780 0

-965.2 5.59999999999954 -508560 0
-965.2 5.59999999999954 -498780 0

-954 -5.60000000000045 -498780 0
-954 5.59999999999954 -498780 0

-954 -5.60000000000045 -508560 0
-954 5.59999999999954 -508560 0

-954 -5.60000000000045 -498780 0
-954 -5.60000000000045 -508560 0

-954 5.59999999999954 -498780 0
-954 5.59999999999954 -508560 0

-954 -5.60000000000045 -508560 0
-965.2 -5.60000000000045 -508560 0

-954 -5.60000000000045 -498780 0
-965.2 -5.60000000000045 -498780 0

-954 -5.60000000000045 -508560 0
-954 -5.60000000000045 -498780 0

-965.2 -5.60000000000045 -508560 0
-965.2 -5.60000000000045 -498780 0

-954 5.59999999999954 -498780 0
-965.2 5.59999999999954 -498780 0

-954 5.59999999999954 -508560 0
-965.2 5.59999999999954 -508560 0

-954 5.59999999999954 -498780 0
-954 5.59999999999954 -508560 0

-965.2 5.59999999999954 -498780 0
-965.2 5.59999999999954 -508560 0

-954 -5.60000000000045 -498780 0
-954 -4.54747350886464e-13 -498780 0

-954 -4.54747350886464e-13 -498780 0
-954 2.79999999999955 -498780 0
-954 5.59999999999954 -498780 0

-954 5.59999999999954 -498780 0

-965.2 -5.60000000000045 -498780 0
-965.2 5.59999999999954 -498780 0

-954 -5.60000000000045 -498780 0
-965.2 -5.60000000000045 -498780 0

-954 5.59999999999954 -498780 0
-965.2 5.59999999999954 -498780 0

-965.2 -5.60000000000045 -489000 0
-965.2 5.59999999999954 -489000 0

-954 -5.60000000000045 -489000 0
-954 5.59999999999954 -489000 0

-965.2 -5.60000000000045 -489000 0
-954 -5.60000000000045 -489000 0

-965.2 5.59999999999954 -489000 0
-954 5.59999999999954 -489000 0

-965.2 -5.60000000000045 -498780 0
-965.2 5.59999999999954 -498780 0

-965.2 -5.60000000000045 -489000 0
-965.2 5.59999999999954 -489000 0

-965.2 -5.60000000000045 -498780 0
-965.2 -5.60000000000045 -489000 0

-965.2 5.59999999999954 -498780 0
-965.2 5.59999999999954 -489000 0

-954 -5.60000000000045 -489000 0
-954 5.59999999999954 -489000 0

-954 -5.60000000000045 -498780 0
-954 5.59999999999954 -498780 0

-954 -5.60000000000045 -489000 0
-954 -5.60000000000045 -498780 0

-954 5.59999999999954 -489000 0
-954 5.59999999999954 -498780 0

-954 -5.60000000000045 -498780 0
-965.2 -5.60000000000045 -498780 0

-954 -5.60000000000045 -489000 0
-965.2 -5.60000000000045 -489000 0

-954 -5.60000000000045 -498780 0
-954 -5.60000000000045 -489000 0

-965.2 -5.60000000000045 -498780 0
-965.2 -5.60000000000045 -489000 0

-954 5.59999999999954 -489000 0
-965.2 5.59999999999954 -489000 0

-954 5.59999999999954 -498780 0
-965.2 5.59999999999954 -498780 0

-954 5.59999999999954 -489000 0
-954 5.59999999999954 -498780 0

-965.2 5.59999999999954 -489000 0
-965.2 5.59999999999954 -498780 0

-954 -5.60000000000045 -489000 0
-954 -4.54747350886464e-13 -489000 0

-954 -4.54747350886464e-13 -489000 0
-954 2.79999999999955 -489000 0
-954 5.59999999999954 -489000 0

-954 5.59999999999954 -489000 0

-965.2 -5.60000000000045 -489000 0
-965.2 5.59999999999954 -489000 0

-954 -5.60000000000045 -489000 0
-965.2 -5.60000000000045 -489000 0

-954 5.59999999999954 -489000 0
-965.2 5.59999999999954 -489000 0

-965.2 -5.60000000000045 -479220 0
-965.2 5.59999999999954 -479220 0

-954 -5.60000000000045 -479220 0
-954 5.59999999999954 -479220 0

-965.2 -5.60000000000045 -479220 0
-954 -5.60000000000045 -479220 0

-965.2 5.59999999999954 -479220 0
-954 5.59999999999954 -479220 0

-965.2 -5.60000000000045 -489000 0
-965.2 5.59999999999954 -489000 0

-965.2 -5.60000000000045 -479220 0
-965.2 5.59999999999954 -479220 0

-965.2 -5.60000000000045 -489000 0
-965.2 -5.60000000000045 -479220 0

-965.2 5.59999999999954 -489000 0
-965.2 5.59999999999954 -479220 0

-954 -5.60000000000045 -479220 0
-954 5.59999999999954 -479220 0

-954 -5.60000000000045 -489000 0
-954 5.59999999999954 -489000 0

-954 -5.60000000000045 -479220 0
-954 -5.60000000000045 -489000 0

-954 5.59999999999954 -479220 0
-954 5.59999999999954 -489000 0

-954 -5.60000000000045 -489000 0
-965.2 -5.60000000000045 -489000 0

-954 -5.60000000000045 -479220 0
-965.2 -5.60000000000045 -479220 0

-954 -5.60000000000045 -489000 0
-954 -5.60000000000045 -479220 0

-965.2 -5.60000000000045 -489000 0
-965.2 -5.60000000000045 -479220 0

-954 5.59999999999954 -479220 0
-965.2 5.59999999999954 -479220 0

-954 5.59999999999954 -489000 0
-965.2 5.59999999999954 -489000 0

-954 5.59999999999954 -479220 0
-954 5.59999999999954 -489000 0

-965.2 5.59999999999954 -479220 0
-965.2 5.59999999999954 -489000 0

-954 -5.60000000000045 -479220 0
-954 -4.54747350886464e-13 -479220 0

-954 -4.54747350886464e-13 -479220 0
-954 2.79999999999955 -479220 0
-954 5.59999999999954 -479220 0

-954 5.59999999999954 -479220 0

-965.2 -5.60000000000045 -479220 0
-965.2 5.59999999999954 -479220 0

-954 -5.60000000000045 -479220 0
-965.2 -5.60000000000045 -479220 0

-954 5.59999999999954 -479220 0
-965.2 5.59999999999954 -479220 0

-965.2 -5.60000000000045 -469440 0
-965.2 5.59999999999954 -469440 0

-954 -5.60000000000045 -469440 0
-954 5.59999999999954 -469440 0

-965.2 -5.60000000000045 -469440 0
-954 -5.60000000000045 -469440 0

-965.2 5.59999999999954 -469440 0
-954 5.59999999999954 -469440 0

-965.2 -5.60000000000045 -479220 0
-965.2 5.59999999999954 -479220 0

-965.2 -5.60000000000045 -469440 0
-965.2 5.59999999999954 -469440 0

-965.2 -5.60000000000045 -479220 0
-965.2 -5.60000000000045 -469440 0

-965.2 5.59999999999954 -479220 0
-965.2 5.59999999999954 -469440 0

-954 -5.60000000000045 -469440 0
-954 5.59999999999954 -469440 0

-954 -5.60000000000045 -479220 0
-954 5.59999999999954 -479220 0

-954 -5.60000000000045 -469440 0
-954 -5.60000000000045 -479220 0

-954 5.59999999999954 -469440 0
-954 5.59999999999954 -479220 0

-954 -5.60000000000045 -479220 0
-965.2 -5.60000000000045 -479220 0

-954 -5.60000000000045 -469440 0
-965.2 -5.60000000000045 -469440 0

-954 -5.60000000000045 -479220 0
-954 -5.60000000000045 -469440 0

-965.2 -5.60000000000045 -479220 0
-965.2 -5.60000000000045 -469440 0

-954 5.59999999999954 -469440 0
-965.2 5.59999999999954 -469440 0

-954 5.59999999999954 -479220 0
-965.2 5.59999999999954 -479220 0

-954 5.59999999999954 -469440 0
-954 5.59999999999954 -479220 0

-965.2 5.59999999999954 -469440 0
-965.2 5.59999999999954 -479220 0

-954 -5.60000000000045 -469440 0
-954 -4.54747350886464e-13 -469440 0

-954 -4.54747350886464e-13 -469440 0
-954 2.79999999999955 -469440 0
-954 5.59999999999954 -469440 0

-954 5.59999999999954 -469440 0

-965.2 -5.60000000000045 -469440 0
-965.2 5.59999999999954 -469440 0

-954 -5.60000000000045 -469440 0
-965.2 -5.60000000000045 -469440 0

-954 5.59999999999954 -469440 0
-965.2 5.59999999999954 -469440 0

-965.2 -5.60000000000045 -459660 0
-965.2 5.59999999999954 -459660 0

-954 -5.60000000000045 -459660 0
-954 5.59999999999954 -459660 0

-965.2 -5.60000000000045 -459660 0
-954 -5.60000000000045 -459660 0

-965.2 5.59999999999954 -459660 0
-954 5.59999999999954 -459660 0

-965.2 -5.60000000000045 -469440 0
-965.2 5.59999999999954 -469440 0

-965.2 -5.60000000000045 -459660 0
-965.2 5.59999999999954 -459660 0

-965.2 -5.60000000000045 -469440 0
-965.2 -5.60000000000045 -459660 0

-965.2 5.59999999999954 -469440 0
-965.2 5.59999999999954 -459660 0

-954 -5.60000000000045 -459660 0
-954 5.59999999999954 -459660 0

-954 -5.60000000000045 -469440 0
-954 5.59999999999954 -469440 0

-954 -5.60000000000045 -459660 0
-954 -5.60000000000045 -469440 0

-954 5.59999999999954 -459660 0
-954 5.59999999999954 -469440 0

-954 -5.60000000000045 -469440 0
-965.2 -5.60000000000045 -469440 0

-954 -5.60000000000045 -459660 0
-965.2 -5.60000000000045 -459660 0

-954 -5.60000000000045 -469440 0
-954 -5.60000000000045 -459660 0

-965.2 -5.60000000000045 -469440 0
-965.2 -5.60000000000045 -459660 0

-954 5.59999999999954 -459660 0
-965.2 5.59999999999954 -459660 0

-954 5.59999999999954 -469440 0
-965.2 5.59999999999954 -469440 0

-954 5.59999999999954 -459660 0
-954 5.59999999999954 -469440 0

-965.2 5.59999999999954 -459660 0
-965.2 5.59999999999954 -469440 0

-954 -5.60000000000045 -459660 0
-954 -4.54747350886464e-13 -459660 0

-954 -4.54747350886464e-13 -459660 0
-954 2.79999999999955 -459660 0
-954 5.59999999999954 -459660 0

-954 5.59999999999954 -459660 0

-965.2 -5.60000000000045 -459660 0
-965.2 5.59999999999954 -459660 0

-954 -5.60000000000045 -459660 0
-965.2 -5.60000000000045 -459660 0

-954 5.59999999999954 -459660 0
-965.2 5.59999999999954 -459660 0

-965.2 -5.60000000000045 -449880 0
-965.2 5.59999999999954 -449880 0

-954 -5.60000000000045 -449880 0
-954 5.59999999999954 -449880 0

-965.2 -5.60000000000045 -449880 0
-954 -5.60000000000045 -449880 0

-965.2 5.59999999999954 -449880 0
-954 5.59999999999954 -449880 0

-965.2 -5.60000000000045 -459660 0
-965.2 5.59999999999954 -459660 0

-965.2 -5.60000000000045 -449880 0
-965.2 5.59999999999954 -449880 0

-965.2 -5.60000000000045 -459660 0
-965.2 -5.60000000000045 -449880 0

-965.2 5.59999999999954 -459660 0
-965.2 5.59999999999954 -449880 0

-954 -5.60000000000045 -449880 0
-954 5.59999999999954 -449880 0

-954 -5.60000000000045 -459660 0
-954 5.59999999999954 -459660 0

-954 -5.60000000000045 -449880 0
-954 -5.60000000000045 -459660 0

-954 5.59999999999954 -449880 0
-954 5.59999999999954 -459660 0

-954 -5.60000000000045 -459660 0
-965.2 -5.60000000000045 -459660 0

-954 -5.60000000000045 -449880 0
-965.2 -5.60000000000045 -449880 0

-954 -5.60000000000045 -459660 0
-954 -5.60000000000045 -449880 0

-965.2 -5.60000000000045 -459660 0
-965.2 -5.60000000000045 -449880 0

-954 5.59999999999954 -449880 0
-965.2 5.59999999999954 -449880 0

-954 5.59999999999954 -459660 0
-965.2 5.59999999999954 -459660 0

-954 5.59999999999954 -449880 0
-954 5.59999999999954 -459660 0

-965.2 5.59999999999954 -449880 0
-965.2 5.59999999999954 -459660 0

-954 -5.60000000000045 -449880 0
-954 -4.54747350886464e-13 -449880 0

-954 -4.54747350886464e-13 -449880 0
-954 2.79999999999955 -449880 0
-954 5.59999999999954 -449880 0

-954 5.59999999999954 -449880 0

-965.2 -5.60000000000045 -449880 0
-965.2 5.59999999999954 -449880 0

-954 -5.60000000000045 -449880 0
-965.2 -5.60000000000045 -449880 0

-954 5.59999999999954 -449880 0
-965.2 5.59999999999954 -449880 0

-965.2 -5.60000000000045 -440100 0
-965.2 5.59999999999954 -440100 0

-954 -5.60000000000045 -440100 0
-954 5.59999999999954 -440100 0

-965.2 -5.60000000000045 -440100 0
-954 -5.60000000000045 -440100 0

-965.2 5.59999999999954 -440100 0
-954 5.59999999999954 -440100 0

-965.2 -5.60000000000045 -449880 0
-965.2 5.59999999999954 -449880 0

-965.2 -5.60000000000045 -440100 0
-965.2 5.59999999999954 -440100 0

-965.2 -5.60000000000045 -449880 0
-965.2 -5.60000000000045 -440100 0

-965.2 5.59999999999954 -449880 0
-965.2 5.59999999999954 -440100 0

-954 -5.60000000000045 -440100 0
-954 5.59999999999954 -440100 0

-954 -5.60000000000045 -449880 0
-954 5.59999999999954 -449880 0

-954 -5.60000000000045 -440100 0
-954 -5.60000000000045 -449880 0

-954 5.59999999999954 -440100 0
-954 5.59999999999954 -449880 0

-954 -5.60000000000045 -449880 0
-965.2 -5.60000000000045 -449880 0

-954 -5.60000000000045 -440100 0
-965.2 -5.60000000000045 -440100 0

-954 -5.60000000000045 -449880 0
-954 -5.60000000000045 -440100 0

-965.2 -5.60000000000045 -449880 0
-965.2 -5.60000000000045 -440100 0

-954 5.59999999999954 -440100 0
-965.2 5.59999999999954 -440100 0

-954 5.59999999999954 -449880 0
-965.2 5.59999999999954 -449880 0

-954 5.59999999999954 -440100 0
-954 5.59999999999954 -449880 0

-965.2 5.59999999999954 -440100 0
-965.2 5.59999999999954 -449880 0

-954 -5.60000000000045 -440100 0
-954 -4.54747350886464e-13 -440100 0

-954 -4.54747350886464e-13 -440100 0
-954 2.79999999999955 -440100 0
-954 5.59999999999954 -440100 0

-954 5.59999999999954 -440100 0

-965.2 -5.60000000000045 -440100 0
-965.2 5.59999999999954 -440100 0

-954 -5.60000000000045 -440100 0
-965.2 -5.60000000000045 -440100 0

-954 5.59999999999954 -440100 0
-965.2 5.59999999999954 -440100 0

-965.2 -5.60000000000045 -430320 0
-965.2 5.59999999999954 -430320 0

-954 -5.60000000000045 -430320 0
-954 5.59999999999954 -430320 0

-965.2 -5.60000000000045 -430320 0
-954 -5.60000000000045 -430320 0

-965.2 5.59999999999954 -430320 0
-954 5.59999999999954 -430320 0

-965.2 -5.60000000000045 -440100 0
-965.2 5.59999999999954 -440100 0

-965.2 -5.60000000000045 -430320 0
-965.2 5.59999999999954 -430320 0

-965.2 -5.60000000000045 -440100 0
-965.2 -5.60000000000045 -430320 0

-965.2 5.59999999999954 -440100 0
-965.2 5.59999999999954 -430320 0

-954 -5.60000000000045 -430320 0
-954 5.59999999999954 -430320 0

-954 -5.60000000000045 -440100 0
-954 5.59999999999954 -440100 0

-954 -5.60000000000045 -430320 0
-954 -5.60000000000045 -440100 0

-954 5.59999999999954 -430320 0
-954 5.59999999999954 -440100 0

-954 -5.60000000000045 -440100 0
-965.2 -5.60000000000045 -440100 0

-954 -5.60000000000045 -430320 0
-965.2 -5.60000000000045 -430320 0

-954 -5.60000000000045 -440100 0
-954 -5.60000000000045 -430320 0

-965.2 -5.60000000000045 -440100 0
-965.2 -5.60000000000045 -430320 0

-954 5.59999999999954 -430320 0
-965.2 5.59999999999954 -430320 0

-954 5.59999999999954 -440100 0
-965.2 5.59999999999954 -440100 0

-954 5.59999999999954 -430320 0
-954 5.59999999999954 -440100 0

-965.2 5.59999999999954 -430320 0
-965.2 5.59999999999954 -440100 0

-954 -5.60000000000045 -430320 0
-954 -4.54747350886464e-13 -430320 0

-954 -4.54747350886464e-13 -430320 0
-954 2.79999999999955 -430320 0
-954 5.59999999999954 -430320 0

-954 5.59999999999954 -430320 0

-965.2 -5.60000000000045 -430320 0
-965.2 5.59999999999954 -430320 0

-954 -5.60000000000045 -430320 0
-965.2 -5.60000000000045 -430320 0

-954 5.59999999999954 -430320 0
-965.2 5.59999999999954 -430320 0

-965.2 -5.60000000000045 -420540 0
-965.2 5.59999999999954 -420540 0

-954 -5.60000000000045 -420540 0
-954 5.59999999999954 -420540 0

-965.2 -5.60000000000045 -420540 0
-954 -5.60000000000045 -420540 0

-965.2 5.59999999999954 -420540 0
-954 5.59999999999954 -420540 0

-965.2 -5.60000000000045 -430320 0
-965.2 5.59999999999954 -430320 0

-965.2 -5.60000000000045 -420540 0
-965.2 5.59999999999954 -420540 0

-965.2 -5.60000000000045 -430320 0
-965.2 -5.60000000000045 -420540 0

-965.2 5.59999999999954 -430320 0
-965.2 5.59999999999954 -420540 0

-954 -5.60000000000045 -420540 0
-954 5.59999999999954 -420540 0

-954 -5.60000000000045 -430320 0
-954 5.59999999999954 -430320 0

-954 -5.60000000000045 -420540 0
-954 -5.60000000000045 -430320 0

-954 5.59999999999954 -420540 0
-954 5.59999999999954 -430320 0

-954 -5.60000000000045 -430320 0
-965.2 -5.60000000000045 -430320 0

-954 -5.60000000000045 -420540 0
-965.2 -5.60000000000045 -420540 0

-954 -5.60000000000045 -430320 0
-954 -5.60000000000045 -420540 0

-965.2 -5.60000000000045 -430320 0
-965.2 -5.60000000000045 -420540 0

-954 5.59999999999954 -420540 0
-965.2 5.59999999999954 -420540 0

-954 5.59999999999954 -430320 0
-965.2 5.59999999999954 -430320 0

-954 5.59999999999954 -420540 0
-954 5.59999999999954 -430320 0

-965.2 5.59999999999954 -420540 0
-965.2 5.59999999999954 -430320 0

-954 -5.60000000000045 -420540 0
-954 -4.54747350886464e-13 -420540 0

-954 -4.54747350886464e-13 -420540 0
-954 2.79999999999955 -420540 0
-954 5.59999999999954 -420540 0

-954 5.59999999999954 -420540 0

-965.2 -5.60000000000045 -420540 0
-965.2 5.59999999999954 -420540 0

-954 -5.60000000000045 -420540 0
-965.2 -5.60000000000045 -420540 0

-954 5.59999999999954 -420540 0
-965.2 5.59999999999954 -420540 0

-965.2 -5.60000000000045 -410760 0
-965.2 5.59999999999954 -410760 0

-954 -5.60000000000045 -410760 0
-954 5.59999999999954 -410760 0

-965.2 -5.60000000000045 -410760 0
-954 -5.60000000000045 -410760 0

-965.2 5.59999999999954 -410760 0
-954 5.59999999999954 -410760 0

-965.2 -5.60000000000045 -420540 0
-965.2 5.59999999999954 -420540 0

-965.2 -5.60000000000045 -410760 0
-965.2 5.59999999999954 -410760 0

-965.2 -5.60000000000045 -420540 0
-965.2 -5.60000000000045 -410760 0

-965.2 5.59999999999954 -420540 0
-965.2 5.59999999999954 -410760 0

-954 -5.60000000000045 -410760 0
-954 5.59999999999954 -410760 0

-954 -5.60000000000045 -420540 0
-954 5.59999999999954 -420540 0

-954 -5.60000000000045 -410760 0
-954 -5.60000000000045 -420540 0

-954 5.59999999999954 -410760 0
-954 5.59999999999954 -420540 0

-954 -5.60000000000045 -420540 0
-965.2 -5.60000000000045 -420540 0

-954 -5.60000000000045 -410760 0
-965.2 -5.60000000000045 -410760 0

-954 -5.60000000000045 -420540 0
-954 -5.60000000000045 -410760 0

-965.2 -5.60000000000045 -420540 0
-965.2 -5.60000000000045 -410760 0

-954 5.59999999999954 -410760 0
-965.2 5.59999999999954 -410760 0

-954 5.59999999999954 -420540 0
-965.2 5.59999999999954 -420540 0

-954 5.59999999999954 -410760 0
-954 5.59999999999954 -420540 0

-965.2 5.59999999999954 -410760 0
-965.2 5.59999999999954 -420540 0

-954 -5.60000000000045 -410760 0
-954 -4.54747350886464e-13 -410760 0

-954 -4.54747350886464e-13 -410760 0
-954 2.79999999999955 -410760 0
-954 5.59999999999954 -410760 0

-954 5.59999999999954 -410760 0

-965.2 -5.60000000000045 -410760 0
-965.2 5.59999999999954 -410760 0

-954 -5.60000000000045 -410760 0
-965.2 -5.60000000000045 -410760 0

-954 5.59999999999954 -410760 0
-965.2 5.59999999999954 -410760 0

-965.2 -5.60000000000045 -400980 0
-965.2 5.59999999999954 -400980 0

-954 -5.60000000000045 -400980 0
-954 5.59999999999954 -400980 0

-965.2 -5.60000000000045 -400980 0
-954 -5.60000000000045 -400980 0

-965.2 5.59999999999954 -400980 0
-954 5.59999999999954 -400980 0

-965.2 -5.60000000000045 -410760 0
-965.2 5.59999999999954 -410760 0

-965.2 -5.60000000000045 -400980 0
-965.2 5.59999999999954 -400980 0

-965.2 -5.60000000000045 -410760 0
-965.2 -5.60000000000045 -400980 0

-965.2 5.59999999999954 -410760 0
-965.2 5.59999999999954 -400980 0

-954 -5.60000000000045 -400980 0
-954 5.59999999999954 -400980 0

-954 -5.60000000000045 -410760 0
-954 5.59999999999954 -410760 0

-954 -5.60000000000045 -400980 0
-954 -5.60000000000045 -410760 0

-954 5.59999999999954 -400980 0
-954 5.59999999999954 -410760 0

-954 -5.60000000000045 -410760 0
-965.2 -5.60000000000045 -410760 0

-954 -5.60000000000045 -400980 0
-965.2 -5.60000000000045 -400980 0

-954 -5.60000000000045 -410760 0
-954 -5.60000000000045 -400980 0

-965.2 -5.60000000000045 -410760 0
-965.2 -5.60000000000045 -400980 0

-954 5.59999999999954 -400980 0
-965.2 5.59999999999954 -400980 0

-954 5.59999999999954 -410760 0
-965.2 5.59999999999954 -410760 0

-954 5.59999999999954 -400980 0
-954 5.59999999999954 -410760 0

-965.2 5.59999999999954 -400980 0
-965.2 5.59999999999954 -410760 0

-954 -5.60000000000045 -400980 0
-954 -4.54747350886464e-13 -400980 0

-954 -4.54747350886464e-13 -400980 0
-954 2.79999999999955 -400980 0
-954 5.59999999999954 -400980 0

-954 5.59999999999954 -400980 0

-965.2 -5.60000000000045 -400980 0
-965.2 5.59999999999954 -400980 0

-954 -5.60000000000045 -400980 0
-965.2 -5.60000000000045 -400980 0

-954 5.59999999999954 -400980 0
-965.2 5.59999999999954 -400980 0

-965.2 -5.60000000000045 -391200 0
-965.2 5.59999999999954 -391200 0

-954 -5.60000000000045 -391200 0
-954 5.59999999999954 -391200 0

-965.2 -5.60000000000045 -391200 0
-954 -5.60000000000045 -391200 0

-965.2 5.59999999999954 -391200 0
-954 5.59999999999954 -391200 0

-965.2 -5.60000000000045 -400980 0
-965.2 5.59999999999954 -400980 0

-965.2 -5.60000000000045 -391200 0
-965.2 5.59999999999954 -391200 0

-965.2 -5.60000000000045 -400980 0
-965.2 -5.60000000000045 -391200 0

-965.2 5.59999999999954 -400980 0
-965.2 5.59999999999954 -391200 0

-954 -5.60000000000045 -391200 0
-954 5.59999999999954 -391200 0

-954 -5.60000000000045 -400980 0
-954 5.59999999999954 -400980 0

-954 -5.60000000000045 -391200 0
-954 -5.60000000000045 -400980 0

-954 5.59999999999954 -391200 0
-954 5.59999999999954 -400980 0

-954 -5.60000000000045 -400980 0
-965.2 -5.60000000000045 -400980 0

-954 -5.60000000000045 -391200 0
-965.2 -5.60000000000045 -391200 0

-954 -5.60000000000045 -400980 0
-954 -5.60000000000045 -391200 0

-965.2 -5.60000000000045 -400980 0
-965.2 -5.60000000000045 -391200 0

-954 5.59999999999954 -391200 0
-965.2 5.59999999999954 -391200 0

-954 5.59999999999954 -400980 0
-965.2 5.59999999999954 -400980 0

-954 5.59999999999954 -391200 0
-954 5.59999999999954 -400980 0

-965.2 5.59999999999954 -391200 0
-965.2 5.59999999999954 -400980 0

-954 -5.60000000000045 -391200 0
-954 -4.54747350886464e-13 -391200 0

-954 -4.54747350886464e-13 -391200 0
-954 2.79999999999955 -391200 0
-954 5.59999999999954 -391200 0

-954 5.59999999999954 -391200 0

-965.2 -5.60000000000045 -391200 0
-965.2 5.59999999999954 -391200 0

-954 -5.60000000000045 -391200 0
-965.2 -5.60000000000045 -391200 0

-954 5.59999999999954 -391200 0
-965.2 5.59999999999954 -391200 0

-965.2 -5.60000000000045 -381420 0
-965.2 5.59999999999954 -381420 0

-954 -5.60000000000045 -381420 0
-954 5.59999999999954 -381420 0

-965.2 -5.60000000000045 -381420 0
-954 -5.60000000000045 -381420 0

-965.2 5.59999999999954 -381420 0
-954 5.59999999999954 -381420 0

-965.2 -5.60000000000045 -391200 0
-965.2 5.59999999999954 -391200 0

-965.2 -5.60000000000045 -381420 0
-965.2 5.59999999999954 -381420 0

-965.2 -5.60000000000045 -391200 0
-965.2 -5.60000000000045 -381420 0

-965.2 5.59999999999954 -391200 0
-965.2 5.59999999999954 -381420 0

-954 -5.60000000000045 -381420 0
-954 5.59999999999954 -381420 0

-954 -5.60000000000045 -391200 0
-954 5.59999999999954 -391200 0

-954 -5.60000000000045 -381420 0
-954 -5.60000000000045 -391200 0

-954 5.59999999999954 -381420 0
-954 5.59999999999954 -391200 0

-954 -5.60000000000045 -391200 0
-965.2 -5.60000000000045 -391200 0

-954 -5.60000000000045 -381420 0
-965.2 -5.60000000000045 -381420 0

-954 -5.60000000000045 -391200 0
-954 -5.60000000000045 -381420 0

-965.2 -5.60000000000045 -391200 0
-965.2 -5.60000000000045 -381420 0

-954 5.59999999999954 -381420 0
-965.2 5.59999999999954 -381420 0

-954 5.59999999999954 -391200 0
-965.2 5.59999999999954 -391200 0

-954 5.59999999999954 -381420 0
-954 5.59999999999954 -391200 0

-965.2 5.59999999999954 -381420 0
-965.2 5.59999999999954 -391200 0

-954 -5.60000000000045 -381420 0
-954 -4.54747350886464e-13 -381420 0

-954 -4.54747350886464e-13 -381420 0
-954 2.79999999999955 -381420 0
-954 5.59999999999954 -381420 0

-954 5.59999999999954 -381420 0

-965.2 -5.60000000000045 -381420 0
-965.2 5.59999999999954 -381420 0

-954 -5.60000000000045 -381420 0
-965.2 -5.60000000000045 -381420 0

-954 5.59999999999954 -381420 0
-965.2 5.59999999999954 -381420 0

-965.2 -5.60000000000045 -371640 0
-965.2 5.59999999999954 -371640 0

-954 -5.60000000000045 -371640 0
-954 5.59999999999954 -371640 0

-965.2 -5.60000000000045 -371640 0
-954 -5.60000000000045 -371640 0

-965.2 5.59999999999954 -371640 0
-954 5.59999999999954 -371640 0

-965.2 -5.60000000000045 -381420 0
-965.2 5.59999999999954 -381420 0

-965.2 -5.60000000000045 -371640 0
-965.2 5.59999999999954 -371640 0

-965.2 -5.60000000000045 -381420 0
-965.2 -5.60000000000045 -371640 0

-965.2 5.59999999999954 -381420 0
-965.2 5.59999999999954 -371640 0

-954 -5.60000000000045 -371640 0
-954 5.59999999999954 -371640 0

-954 -5.60000000000045 -381420 0
-954 5.59999999999954 -381420 0

-954 -5.60000000000045 -371640 0
-954 -5.60000000000045 -381420 0

-954 5.59999999999954 -371640 0
-954 5.59999999999954 -381420 0

-954 -5.60000000000045 -381420 0
-965.2 -5.60000000000045 -381420 0

-954 -5.60000000000045 -371640 0
-965.2 -5.60000000000045 -371640 0

-954 -5.60000000000045 -381420 0
-954 -5.60000000000045 -371640 0

-965.2 -5.60000000000045 -381420 0
-965.2 -5.60000000000045 -371640 0

-954 5.59999999999954 -371640 0
-965.2 5.59999999999954 -371640 0

-954 5.59999999999954 -381420 0
-965.2 5.59999999999954 -381420 0

-954 5.59999999999954 -371640 0
-954 5.59999999999954 -381420 0

-965.2 5.59999999999954 -371640 0
-965.2 5.59999999999954 -381420 0

-954 -5.60000000000045 -371640 0
-954 -4.54747350886464e-13 -371640 0

-954 -4.54747350886464e-13 -371640 0
-954 2.79999999999955 -371640 0
-954 5.59999999999954 -371640 0

-954 5.59999999999954 -371640 0

-965.2 -5.60000000000045 -371640 0
-965.2 5.59999999999954 -371640 0

-954 -5.60000000000045 -371640 0
-965.2 -5.60000000000045 -371640 0

-954 5.59999999999954 -371640 0
-965.2 5.59999999999954 -371640 0

-965.2 -5.60000000000045 -361860 0
-965.2 5.59999999999954 -361860 0

-954 -5.60000000000045 -361860 0
-954 5.59999999999954 -361860 0

-965.2 -5.60000000000045 -361860 0
-954 -5.60000000000045 -361860 0

-965.2 5.59999999999954 -361860 0
-954 5.59999999999954 -361860 0

-965.2 -5.60000000000045 -371640 0
-965.2 5.59999999999954 -371640 0

-965.2 -5.60000000000045 -361860 0
-965.2 5.59999999999954 -361860 0

-965.2 -5.60000000000045 -371640 0
-965.2 -5.60000000000045 -361860 0

-965.2 5.59999999999954 -371640 0
-965.2 5.59999999999954 -361860 0

-954 -5.60000000000045 -361860 0
-954 5.59999999999954 -361860 0

-954 -5.60000000000045 -371640 0
-954 5.59999999999954 -371640 0

-954 -5.60000000000045 -361860 0
-954 -5.60000000000045 -371640 0

-954 5.59999999999954 -361860 0
-954 5.59999999999954 -371640 0

-954 -5.60000000000045 -371640 0
-965.2 -5.60000000000045 -371640 0

-954 -5.60000000000045 -361860 0
-965.2 -5.60000000000045 -361860 0

-954 -5.60000000000045 -371640 0
-954 -5.60000000000045 -361860 0

-965.2 -5.60000000000045 -371640 0
-965.2 -5.60000000000045 -361860 0

-954 5.59999999999954 -361860 0
-965.2 5.59999999999954 -361860 0

-954 5.59999999999954 -371640 0
-965.2 5.59999999999954 -371640 0

-954 5.59999999999954 -361860 0
-954 5.59999999999954 -371640 0

-965.2 5.59999999999954 -361860 0
-965.2 5.59999999999954 -371640 0

-954 -5.60000000000045 -361860 0
-954 -4.54747350886464e-13 -361860 0

-954 -4.54747350886464e-13 -361860 0
-954 2.79999999999955 -361860 0
-954 5.59999999999954 -361860 0

-954 5.59999999999954 -361860 0

-965.2 -5.60000000000045 -361860 0
-965.2 5.59999999999954 -361860 0

-954 -5.60000000000045 -361860 0
-965.2 -5.60000000000045 -361860 0

-954 5.59999999999954 -361860 0
-965.2 5.59999999999954 -361860 0

-965.2 -5.60000000000045 -352080 0
-965.2 5.59999999999954 -352080 0

-954 -5.60000000000045 -352080 0
-954 5.59999999999954 -352080 0

-965.2 -5.60000000000045 -352080 0
-954 -5.60000000000045 -352080 0

-965.2 5.59999999999954 -352080 0
-954 5.59999999999954 -352080 0

-965.2 -5.60000000000045 -361860 0
-965.2 5.59999999999954 -361860 0

-965.2 -5.60000000000045 -352080 0
-965.2 5.59999999999954 -352080 0

-965.2 -5.60000000000045 -361860 0
-965.2 -5.60000000000045 -352080 0

-965.2 5.59999999999954 -361860 0
-965.2 5.59999999999954 -352080 0

-954 -5.60000000000045 -352080 0
-954 5.59999999999954 -352080 0

-954 -5.60000000000045 -361860 0
-954 5.59999999999954 -361860 0

-954 -5.60000000000045 -352080 0
-954 -5.60000000000045 -361860 0

-954 5.59999999999954 -352080 0
-954 5.59999999999954 -361860 0

-954 -5.60000000000045 -361860 0
-965.2 -5.60000000000045 -361860 0

-954 -5.60000000000045 -352080 0
-965.2 -5.60000000000045 -352080 0

-954 -5.60000000000045 -361860 0
-954 -5.60000000000045 -352080 0

-965.2 -5.60000000000045 -361860 0
-965.2 -5.60000000000045 -352080 0

-954 5.59999999999954 -352080 0
-965.2 5.59999999999954 -352080 0

-954 5.59999999999954 -361860 0
-965.2 5.59999999999954 -361860 0

-954 5.59999999999954 -352080 0
-954 5.59999999999954 -361860 0

-965.2 5.59999999999954 -352080 0
-965.2 5.59999999999954 -361860 0

-954 -5.60000000000045 -352080 0
-954 -4.54747350886464e-13 -352080 0

-954 -4.54747350886464e-13 -352080 0
-954 2.79999999999955 -352080 0
-954 5.59999999999954 -352080 0

-954 5.59999999999954 -352080 0

-965.2 -5.60000000000045 -352080 0
-965.2 5.59999999999954 -352080 0

-954 -5.60000000000045 -352080 0
-965.2 -5.60000000000045 -352080 0

-954 5.59999999999954 -352080 0
-965.2 5.59999999999954 -352080 0

-965.2 -5.60000000000045 -342300 0
-965.2 5.59999999999954 -342300 0

-954 -5.60000000000045 -342300 0
-954 5.59999999999954 -342300 0

-965.2 -5.60000000000045 -342300 0
-954 -5.60000000000045 -342300 0

-965.2 5.59999999999954 -342300 0
-954 5.59999999999954 -342300 0

-965.2 -5.60000000000045 -352080 0
-965.2 5.59999999999954 -352080 0

-965.2 -5.60000000000045 -342300 0
-965.2 5.59999999999954 -342300 0

-965.2 -5.60000000000045 -352080 0
-965.2 -5.60000000000045 -342300 0

-965.2 5.59999999999954 -352080 0
-965.2 5.59999999999954 -342300 0

-954 -5.60000000000045 -342300 0
-954 5.59999999999954 -342300 0

-954 -5.60000000000045 -352080 0
-954 5.59999999999954 -352080 0

-954 -5.60000000000045 -342300 0
-954 -5.60000000000045 -352080 0

-954 5.59999999999954 -342300 0
-954 5.59999999999954 -352080 0

-954 -5.60000000000045 -352080 0
-965.2 -5.60000000000045 -352080 0

-954 -5.60000000000045 -342300 0
-965.2 -5.60000000000045 -342300 0

-954 -5.60000000000045 -352080 0
-954 -5.60000000000045 -342300 0

-965.2 -5.60000000000045 -352080 0
-965.2 -5.60000000000045 -342300 0

-954 5.59999999999954 -342300 0
-965.2 5.59999999999954 -342300 0

-954 5.59999999999954 -352080 0
-965.2 5.59999999999954 -352080 0

-954 5.59999999999954 -342300 0
-954 5.59999999999954 -352080 0

-965.2 5.59999999999954 -342300 0
-965.2 5.59999999999954 -352080 0

-954 -5.60000000000045 -342300 0
-954 -4.54747350886464e-13 -342300 0

-954 -4.54747350886464e-13 -342300 0
-954 2.79999999999955 -342300 0
-954 5.59999999999954 -342300 0

-954 5.59999999999954 -342300 0

-965.2 -5.60000000000045 -342300 0
-965.2 5.59999999999954 -342300 0

-954 -5.60000000000045 -342300 0
-965.2 -5.60000000000045 -342300 0

-954 5.59999999999954 -342300 0
-965.2 5.59999999999954 -342300 0

-965.2 -5.60000000000045 -332520 0
-965.2 5.59999999999954 -332520 0

-954 -5.60000000000045 -332520 0
-954 5.59999999999954 -332520 0

-965.2 -5.60000000000045 -332520 0
-954 -5.60000000000045 -332520 0

-965.2 5.59999999999954 -332520 0
-954 5.59999999999954 -332520 0

-965.2 -5.60000000000045 -342300 0
-965.2 5.59999999999954 -342300 0

-965.2 -5.60000000000045 -332520 0
-965.2 5.59999999999954 -332520 0

-965.2 -5.60000000000045 -342300 0
-965.2 -5.60000000000045 -332520 0

-965.2 5.59999999999954 -342300 0
-965.2 5.59999999999954 -332520 0

-954 -5.60000000000045 -332520 0
-954 5.59999999999954 -332520 0

-954 -5.60000000000045 -342300 0
-954 5.59999999999954 -342300 0

-954 -5.60000000000045 -332520 0
-954 -5.60000000000045 -342300 0

-954 5.59999999999954 -332520 0
-954 5.59999999999954 -342300 0

-954 -5.60000000000045 -342300 0
-965.2 -5.60000000000045 -342300 0

-954 -5.60000000000045 -332520 0
-965.2 -5.60000000000045 -332520 0

-954 -5.60000000000045 -342300 0
-954 -5.60000000000045 -332520 0

-965.2 -5.60000000000045 -342300 0
-965.2 -5.60000000000045 -332520 0

-954 5.59999999999954 -332520 0
-965.2 5.59999999999954 -332520 0

-954 5.59999999999954 -342300 0
-965.2 5.59999999999954 -342300 0

-954 5.59999999999954 -332520 0
-954 5.59999999999954 -342300 0

-965.2 5.59999999999954 -332520 0
-965.2 5.59999999999954 -342300 0

-954 -5.60000000000045 -332520 0
-954 -4.54747350886464e-13 -332520 0

-954 -4.54747350886464e-13 -332520 0
-954 2.79999999999955 -332520 0
-954 5.59999999999954 -332520 0

-954 5.59999999999954 -332520 0

-965.2 -5.60000000000045 -332520 0
-965.2 5.59999999999954 -332520 0

-954 -5.60000000000045 -332520 0
-965.2 -5.60000000000045 -332520 0

-954 5.59999999999954 -332520 0
-965.2 5.59999999999954 -332520 0

-965.2 -5.60000000000045 -322740 0
-965.2 5.59999999999954 -322740 0

-954 -5.60000000000045 -322740 0
-954 5.59999999999954 -322740 0

-965.2 -5.60000000000045 -322740 0
-954 -5.60000000000045 -322740 0

-965.2 5.59999999999954 -322740 0
-954 5.59999999999954 -322740 0

-965.2 -5.60000000000045 -332520 0
-965.2 5.59999999999954 -332520 0

-965.2 -5.60000000000045 -322740 0
-965.2 5.59999999999954 -322740 0

-965.2 -5.60000000000045 -332520 0
-965.2 -5.60000000000045 -322740 0

-965.2 5.59999999999954 -332520 0
-965.2 5.59999999999954 -322740 0

-954 -5.60000000000045 -322740 0
-954 5.59999999999954 -322740 0

-954 -5.60000000000045 -332520 0
-954 5.59999999999954 -332520 0

-954 -5.60000000000045 -322740 0
-954 -5.60000000000045 -332520 0

-954 5.59999999999954 -322740 0
-954 5.59999999999954 -332520 0

-954 -5.60000000000045 -332520 0
-965.2 -5.60000000000045 -332520 0

-954 -5.60000000000045 -322740 0
-965.2 -5.60000000000045 -322740 0

-954 -5.60000000000045 -332520 0
-954 -5.60000000000045 -322740 0

-965.2 -5.60000000000045 -332520 0
-965.2 -5.60000000000045 -322740 0

-954 5.59999999999954 -322740 0
-965.2 5.59999999999954 -322740 0

-954 5.59999999999954 -332520 0
-965.2 5.59999999999954 -332520 0

-954 5.59999999999954 -322740 0
-954 5.59999999999954 -332520 0

-965.2 5.59999999999954 -322740 0
-965.2 5.59999999999954 -332520 0

-954 -5.60000000000045 -322740 0
-954 -4.54747350886464e-13 -322740 0

-954 -4.54747350886464e-13 -322740 0
-954 2.79999999999955 -322740 0
-954 5.59999999999954 -322740 0

-954 5.59999999999954 -322740 0

-965.2 -5.60000000000045 -322740 0
-965.2 5.59999999999954 -322740 0

-954 -5.60000000000045 -322740 0
-965.2 -5.60000000000045 -322740 0

-954 5.59999999999954 -322740 0
-965.2 5.59999999999954 -322740 0

-965.2 -5.60000000000045 -312960 0
-965.2 5.59999999999954 -312960 0

-954 -5.60000000000045 -312960 0
-954 5.59999999999954 -312960 0

-965.2 -5.60000000000045 -312960 0
-954 -5.60000000000045 -312960 0

-965.2 5.59999999999954 -312960 0
-954 5.59999999999954 -312960 0

-965.2 -5.60000000000045 -322740 0
-965.2 5.59999999999954 -322740 0

-965.2 -5.60000000000045 -312960 0
-965.2 5.59999999999954 -312960 0

-965.2 -5.60000000000045 -322740 0
-965.2 -5.60000000000045 -312960 0

-965.2 5.59999999999954 -322740 0
-965.2 5.59999999999954 -312960 0

-954 -5.60000000000045 -312960 0
-954 5.59999999999954 -312960 0

-954 -5.60000000000045 -322740 0
-954 5.59999999999954 -322740 0

-954 -5.60000000000045 -312960 0
-954 -5.60000000000045 -322740 0

-954 5.59999999999954 -312960 0
-954 5.59999999999954 -322740 0

-954 -5.60000000000045 -322740 0
-965.2 -5.60000000000045 -322740 0

-954 -5.60000000000045 -312960 0
-965.2 -5.60000000000045 -312960 0

-954 -5.60000000000045 -322740 0
-954 -5.60000000000045 -312960 0

-965.2 -5.60000000000045 -322740 0
-965.2 -5.60000000000045 -312960 0

-954 5.59999999999954 -312960 0
-965.2 5.59999999999954 -312960 0

-954 5.59999999999954 -322740 0
-965.2 5.59999999999954 -322740 0

-954 5.59999999999954 -312960 0
-954 5.59999999999954 -322740 0

-965.2 5.59999999999954 -312960 0
-965.2 5.59999999999954 -322740 0

-954 -5.60000000000045 -312960 0
-954 -4.54747350886464e-13 -312960 0

-954 -4.54747350886464e-13 -312960 0
-954 2.79999999999955 -312960 0
-954 5.59999999999954 -312960 0

-954 5.59999999999954 -312960 0

-965.2 -5.60000000000045 -312960 0
-965.2 5.59999999999954 -312960 0

-954 -5.60000000000045 -312960 0
-965.2 -5.60000000000045 -312960 0

-954 5.59999999999954 -312960 0
-965.2 5.59999999999954 -312960 0

-965.2 -5.60000000000045 -303180 0
-965.2 5.59999999999954 -303180 0

-954 -5.60000000000045 -303180 0
-954 5.59999999999954 -303180 0

-965.2 -5.60000000000045 -303180 0
-954 -5.60000000000045 -303180 0

-965.2 5.59999999999954 -303180 0
-954 5.59999999999954 -303180 0

-965.2 -5.60000000000045 -312960 0
-965.2 5.59999999999954 -312960 0

-965.2 -5.60000000000045 -303180 0
-965.2 5.59999999999954 -303180 0

-965.2 -5.60000000000045 -312960 0
-965.2 -5.60000000000045 -303180 0

-965.2 5.59999999999954 -312960 0
-965.2 5.59999999999954 -303180 0

-954 -5.60000000000045 -303180 0
-954 5.59999999999954 -303180 0

-954 -5.60000000000045 -312960 0
-954 5.59999999999954 -312960 0

-954 -5.60000000000045 -303180 0
-954 -5.60000000000045 -312960 0

-954 5.59999999999954 -303180 0
-954 5.59999999999954 -312960 0

-954 -5.60000000000045 -312960 0
-965.2 -5.60000000000045 -312960 0

-954 -5.60000000000045 -303180 0
-965.2 -5.60000000000045 -303180 0

-954 -5.60000000000045 -312960 0
-954 -5.60000000000045 -303180 0

-965.2 -5.60000000000045 -312960 0
-965.2 -5.60000000000045 -303180 0

-954 5.59999999999954 -303180 0
-965.2 5.59999999999954 -303180 0

-954 5.59999999999954 -312960 0
-965.2 5.59999999999954 -312960 0

-954 5.59999999999954 -303180 0
-954 5.59999999999954 -312960 0

-965.2 5.59999999999954 -303180 0
-965.2 5.59999999999954 -312960 0

-954 -5.60000000000045 -303180 0
-954 -4.54747350886464e-13 -303180 0

-954 -4.54747350886464e-13 -303180 0
-954 2.79999999999955 -303180 0
-954 5.59999999999954 -303180 0

-954 5.59999999999954 -303180 0

-965.2 -5.60000000000045 -303180 0
-965.2 5.59999999999954 -303180 0

-954 -5.60000000000045 -303180 0
-965.2 -5.60000000000045 -303180 0

-954 5.59999999999954 -303180 0
-965.2 5.59999999999954 -303180 0

-965.2 -5.60000000000045 -293400 0
-965.2 5.59999999999954 -293400 0

-954 -5.60000000000045 -293400 0
-954 5.59999999999954 -293400 0

-965.2 -5.60000000000045 -293400 0
-954 -5.60000000000045 -293400 0

-965.2 5.59999999999954 -293400 0
-954 5.59999999999954 -293400 0

-965.2 -5.60000000000045 -303180 0
-965.2 5.59999999999954 -303180 0

-965.2 -5.60000000000045 -293400 0
-965.2 5.59999999999954 -293400 0

-965.2 -5.60000000000045 -303180 0
-965.2 -5.60000000000045 -293400 0

-965.2 5.59999999999954 -303180 0
-965.2 5.59999999999954 -293400 0

-954 -5.60000000000045 -293400 0
-954 5.59999999999954 -293400 0

-954 -5.60000000000045 -303180 0
-954 5.59999999999954 -303180 0

-954 -5.60000000000045 -293400 0
-954 -5.60000000000045 -303180 0

-954 5.59999999999954 -293400 0
-954 5.59999999999954 -303180 0

-954 -5.60000000000045 -303180 0
-965.2 -5.60000000000045 -303180 0

-954 -5.60000000000045 -293400 0
-965.2 -5.60000000000045 -293400 0

-954 -5.60000000000045 -303180 0
-954 -5.60000000000045 -293400 0

-965.2 -5.60000000000045 -303180 0
-965.2 -5.60000000000045 -293400 0

-954 5.59999999999954 -293400 0
-965.2 5.59999999999954 -293400 0

-954 5.59999999999954 -303180 0
-965.2 5.59999999999954 -303180 0

-954 5.59999999999954 -293400 0
-954 5.59999999999954 -303180 0

-965.2 5.59999999999954 -293400 0
-965.2 5.59999999999954 -303180 0

-954 -5.60000000000045 -293400 0
-954 -4.54747350886464e-13 -293400 0

-954 -4.54747350886464e-13 -293400 0
-954 2.79999999999955 -293400 0
-954 5.59999999999954 -293400 0

-954 5.59999999999954 -293400 0

-965.2 -5.60000000000045 -293400 0
-965.2 5.59999999999954 -293400 0

-954 -5.60000000000045 -293400 0
-965.2 -5.60000000000045 -293400 0

-954 5.59999999999954 -293400 0
-965.2 5.59999999999954 -293400 0

-965.2 -5.60000000000045 -283620 0
-965.2 5.59999999999954 -283620 0

-954 -5.60000000000045 -283620 0
-954 5.59999999999954 -283620 0

-965.2 -5.60000000000045 -283620 0
-954 -5.60000000000045 -283620 0

-965.2 5.59999999999954 -283620 0
-954 5.59999999999954 -283620 0

-965.2 -5.60000000000045 -293400 0
-965.2 5.59999999999954 -293400 0

-965.2 -5.60000000000045 -283620 0
-965.2 5.59999999999954 -283620 0

-965.2 -5.60000000000045 -293400 0
-965.2 -5.60000000000045 -283620 0

-965.2 5.59999999999954 -293400 0
-965.2 5.59999999999954 -283620 0

-954 -5.60000000000045 -283620 0
-954 5.59999999999954 -283620 0

-954 -5.60000000000045 -293400 0
-954 5.59999999999954 -293400 0

-954 -5.60000000000045 -283620 0
-954 -5.60000000000045 -293400 0

-954 5.59999999999954 -283620 0
-954 5.59999999999954 -293400 0

-954 -5.60000000000045 -293400 0
-965.2 -5.60000000000045 -293400 0

-954 -5.60000000000045 -283620 0
-965.2 -5.60000000000045 -283620 0

-954 -5.60000000000045 -293400 0
-954 -5.60000000000045 -283620 0

-965.2 -5.60000000000045 -293400 0
-965.2 -5.60000000000045 -283620 0

-954 5.59999999999954 -283620 0
-965.2 5.59999999999954 -283620 0

-954 5.59999999999954 -293400 0
-965.2 5.59999999999954 -293400 0

-954 5.59999999999954 -283620 0
-954 5.59999999999954 -293400 0

-965.2 5.59999999999954 -283620 0
-965.2 5.59999999999954 -293400 0

-954 -5.60000000000045 -283620 0
-954 -4.54747350886464e-13 -283620 0

-954 -4.54747350886464e-13 -283620 0
-954 2.79999999999955 -283620 0
-954 5.59999999999954 -283620 0

-954 5.59999999999954 -283620 0

-965.2 -5.60000000000045 -283620 0
-965.2 5.59999999999954 -283620 0

-954 -5.60000000000045 -283620 0
-965.2 -5.60000000000045 -283620 0

-954 5.59999999999954 -283620 0
-965.2 5.59999999999954 -283620 0

-965.2 -5.60000000000045 -273840 0
-965.2 5.59999999999954 -273840 0

-954 -5.60000000000045 -273840 0
-954 5.59999999999954 -273840 0

-965.2 -5.60000000000045 -273840 0
-954 -5.60000000000045 -273840 0

-965.2 5.59999999999954 -273840 0
-954 5.59999999999954 -273840 0

-965.2 -5.60000000000045 -283620 0
-965.2 5.59999999999954 -283620 0

-965.2 -5.60000000000045 -273840 0
-965.2 5.59999999999954 -273840 0

-965.2 -5.60000000000045 -283620 0
-965.2 -5.60000000000045 -273840 0

-965.2 5.59999999999954 -283620 0
-965.2 5.59999999999954 -273840 0

-954 -5.60000000000045 -273840 0
-954 5.59999999999954 -273840 0

-954 -5.60000000000045 -283620 0
-954 5.59999999999954 -283620 0

-954 -5.60000000000045 -273840 0
-954 -5.60000000000045 -283620 0

-954 5.59999999999954 -273840 0
-954 5.59999999999954 -283620 0

-954 -5.60000000000045 -283620 0
-965.2 -5.60000000000045 -283620 0

-954 -5.60000000000045 -273840 0
-965.2 -5.60000000000045 -273840 0

-954 -5.60000000000045 -283620 0
-954 -5.60000000000045 -273840 0

-965.2 -5.60000000000045 -283620 0
-965.2 -5.60000000000045 -273840 0

-954 5.59999999999954 -273840 0
-965.2 5.59999999999954 -273840 0

-954 5.59999999999954 -283620 0
-965.2 5.59999999999954 -283620 0

-954 5.59999999999954 -273840 0
-954 5.59999999999954 -283620 0

-965.2 5.59999999999954 -273840 0
-965.2 5.59999999999954 -283620 0

-954 -5.60000000000045 -273840 0
-954 -4.54747350886464e-13 -273840 0

-954 -4.54747350886464e-13 -273840 0
-954 2.79999999999955 -273840 0
-954 5.59999999999954 -273840 0

-954 5.59999999999954 -273840 0

-965.2 -5.60000000000045 -273840 0
-965.2 5.59999999999954 -273840 0

-954 -5.60000000000045 -273840 0
-965.2 -5.60000000000045 -273840 0

-954 5.59999999999954 -273840 0
-965.2 5.59999999999954 -273840 0

-965.2 -5.60000000000045 -264060 0
-965.2 5.59999999999954 -264060 0

-954 -5.60000000000045 -264060 0
-954 5.59999999999954 -264060 0

-965.2 -5.60000000000045 -264060 0
-954 -5.60000000000045 -264060 0

-965.2 5.59999999999954 -264060 0
-954 5.59999999999954 -264060 0

-965.2 -5.60000000000045 -273840 0
-965.2 5.59999999999954 -273840 0

-965.2 -5.60000000000045 -264060 0
-965.2 5.59999999999954 -264060 0

-965.2 -5.60000000000045 -273840 0
-965.2 -5.60000000000045 -264060 0

-965.2 5.59999999999954 -273840 0
-965.2 5.59999999999954 -264060 0

-954 -5.60000000000045 -264060 0
-954 5.59999999999954 -264060 0

-954 -5.60000000000045 -273840 0
-954 5.59999999999954 -273840 0

-954 -5.60000000000045 -264060 0
-954 -5.60000000000045 -273840 0

-954 5.59999999999954 -264060 0
-954 5.59999999999954 -273840 0

-954 -5.60000000000045 -273840 0
-965.2 -5.60000000000045 -273840 0

-954 -5.60000000000045 -264060 0
-965.2 -5.60000000000045 -264060 0

-954 -5.60000000000045 -273840 0
-954 -5.60000000000045 -264060 0

-965.2 -5.60000000000045 -273840 0
-965.2 -5.60000000000045 -264060 0

-954 5.59999999999954 -264060 0
-965.2 5.59999999999954 -264060 0

-954 5.59999999999954 -273840 0
-965.2 5.59999999999954 -273840 0

-954 5.59999999999954 -264060 0
-954 5.59999999999954 -273840 0

-965.2 5.59999999999954 -264060 0
-965.2 5.59999999999954 -273840 0

-954 -5.60000000000045 -264060 0
-954 -4.54747350886464e-13 -264060 0

-954 -4.54747350886464e-13 -264060 0
-954 2.79999999999955 -264060 0
-954 5.59999999999954 -264060 0

-954 5.59999999999954 -264060 0

-965.2 -5.60000000000045 -264060 0
-965.2 5.59999999999954 -264060 0

-954 -5.60000000000045 -264060 0
-965.2 -5.60000000000045 -264060 0

-954 5.59999999999954 -264060 0
-965.2 5.59999999999954 -264060 0

-965.2 -5.60000000000045 -254280 0
-965.2 5.59999999999954 -254280 0

-954 -5.60000000000045 -254280 0
-954 5.59999999999954 -254280 0

-965.2 -5.60000000000045 -254280 0
-954 -5.60000000000045 -254280 0

-965.2 5.59999999999954 -254280 0
-954 5.59999999999954 -254280 0

-965.2 -5.60000000000045 -264060 0
-965.2 5.59999999999954 -264060 0

-965.2 -5.60000000000045 -254280 0
-965.2 5.59999999999954 -254280 0

-965.2 -5.60000000000045 -264060 0
-965.2 -5.60000000000045 -254280 0

-965.2 5.59999999999954 -264060 0
-965.2 5.59999999999954 -254280 0

-954 -5.60000000000045 -254280 0
-954 5.59999999999954 -254280 0

-954 -5.60000000000045 -264060 0
-954 5.59999999999954 -264060 0

-954 -5.60000000000045 -254280 0
-954 -5.60000000000045 -264060 0

-954 5.59999999999954 -254280 0
-954 5.59999999999954 -264060 0

-954 -5.60000000000045 -264060 0
-965.2 -5.60000000000045 -264060 0

-954 -5.60000000000045 -254280 0
-965.2 -5.60000000000045 -254280 0

-954 -5.60000000000045 -264060 0
-954 -5.60000000000045 -254280 0

-965.2 -5.60000000000045 -264060 0
-965.2 -5.60000000000045 -254280 0

-954 5.59999999999954 -254280 0
-965.2 5.59999999999954 -254280 0

-954 5.59999999999954 -264060 0
-965.2 5.59999999999954 -264060 0

-954 5.59999999999954 -254280 0
-954 5.59999999999954 -264060 0

-965.2 5.59999999999954 -254280 0
-965.2 5.59999999999954 -264060 0

-954 -5.60000000000045 -254280 0
-954 -4.54747350886464e-13 -254280 0

-954 -4.54747350886464e-13 -254280 0
-954 2.79999999999955 -254280 0
-954 5.59999999999954 -254280 0

-954 5.59999999999954 -254280 0

-965.2 -5.60000000000045 -254280 0
-965.2 5.59999999999954 -254280 0

-954 -5.60000000000045 -254280 0
-965.2 -5.60000000000045 -254280 0

-954 5.59999999999954 -254280 0
-965.2 5.59999999999954 -254280 0

-965.2 -5.60000000000045 -244500 0
-965.2 5.59999999999954 -244500 0

-954 -5.60000000000045 -244500 0
-954 5.59999999999954 -244500 0

-965.2 -5.60000000000045 -244500 0
-954 -5.60000000000045 -244500 0

-965.2 5.59999999999954 -244500 0
-954 5.59999999999954 -244500 0

-965.2 -5.60000000000045 -254280 0
-965.2 5.59999999999954 -254280 0

-965.2 -5.60000000000045 -244500 0
-965.2 5.59999999999954 -244500 0

-965.2 -5.60000000000045 -254280 0
-965.2 -5.60000000000045 -244500 0

-965.2 5.59999999999954 -254280 0
-965.2 5.59999999999954 -244500 0

-954 -5.60000000000045 -244500 0
-954 5.59999999999954 -244500 0

-954 -5.60000000000045 -254280 0
-954 5.59999999999954 -254280 0

-954 -5.60000000000045 -244500 0
-954 -5.60000000000045 -254280 0

-954 5.59999999999954 -244500 0
-954 5.59999999999954 -254280 0

-954 -5.60000000000045 -254280 0
-965.2 -5.60000000000045 -254280 0

-954 -5.60000000000045 -244500 0
-965.2 -5.60000000000045 -244500 0

-954 -5.60000000000045 -254280 0
-954 -5.60000000000045 -244500 0

-965.2 -5.60000000000045 -254280 0
-965.2 -5.60000000000045 -244500 0

-954 5.59999999999954 -244500 0
-965.2 5.59999999999954 -244500 0

-954 5.59999999999954 -254280 0
-965.2 5.59999999999954 -254280 0

-954 5.59999999999954 -244500 0
-954 5.59999999999954 -254280 0

-965.2 5.59999999999954 -244500 0
-965.2 5.59999999999954 -254280 0

-954 -5.60000000000045 -244500 0
-954 -4.54747350886464e-13 -244500 0

-954 -4.54747350886464e-13 -244500 0
-954 2.79999999999955 -244500 0
-954 5.59999999999954 -244500 0

-954 5.59999999999954 -244500 0

-965.2 -5.60000000000045 -244500 0
-965.2 5.59999999999954 -244500 0

-954 -5.60000000000045 -244500 0
-965.2 -5.60000000000045 -244500 0

-954 5.59999999999954 -244500 0
-965.2 5.59999999999954 -244500 0

-965.2 -5.60000000000045 -234720 0
-965.2 5.59999999999954 -234720 0

-954 -5.60000000000045 -234720 0
-954 5.59999999999954 -234720 0

-965.2 -5.60000000000045 -234720 0
-954 -5.60000000000045 -234720 0

-965.2 5.59999999999954 -234720 0
-954 5.59999999999954 -234720 0

-965.2 -5.60000000000045 -244500 0
-965.2 5.59999999999954 -244500 0

-965.2 -5.60000000000045 -234720 0
-965.2 5.59999999999954 -234720 0

-965.2 -5.60000000000045 -244500 0
-965.2 -5.60000000000045 -234720 0

-965.2 5.59999999999954 -244500 0
-965.2 5.59999999999954 -234720 0

-954 -5.60000000000045 -234720 0
-954 5.59999999999954 -234720 0

-954 -5.60000000000045 -244500 0
-954 5.59999999999954 -244500 0

-954 -5.60000000000045 -234720 0
-954 -5.60000000000045 -244500 0

-954 5.59999999999954 -234720 0
-954 5.59999999999954 -244500 0

-954 -5.60000000000045 -244500 0
-965.2 -5.60000000000045 -244500 0

-954 -5.60000000000045 -234720 0
-965.2 -5.60000000000045 -234720 0

-954 -5.60000000000045 -244500 0
-954 -5.60000000000045 -234720 0

-965.2 -5.60000000000045 -244500 0
-965.2 -5.60000000000045 -234720 0

-954 5.59999999999954 -234720 0
-965.2 5.59999999999954 -234720 0

-954 5.59999999999954 -244500 0
-965.2 5.59999999999954 -244500 0

-954 5.59999999999954 -234720 0
-954 5.59999999999954 -244500 0

-965.2 5.59999999999954 -234720 0
-965.2 5.59999999999954 -244500 0

-954 -5.60000000000045 -234720 0
-954 -4.54747350886464e-13 -234720 0

-954 -4.54747350886464e-13 -234720 0
-954 2.79999999999955 -234720 0
-954 5.59999999999954 -234720 0

-954 5.59999999999954 -234720 0

-965.2 -5.60000000000045 -234720 0
-965.2 5.59999999999954 -234720 0

-954 -5.60000000000045 -234720 0
-965.2 -5.60000000000045 -234720 0

-954 5.59999999999954 -234720 0
-965.2 5.59999999999954 -234720 0

-965.2 -5.60000000000045 -224940 0
-965.2 5.59999999999954 -224940 0

-954 -5.60000000000045 -224940 0
-954 5.59999999999954 -224940 0

-965.2 -5.60000000000045 -224940 0
-954 -5.60000000000045 -224940 0

-965.2 5.59999999999954 -224940 0
-954 5.59999999999954 -224940 0

-965.2 -5.60000000000045 -234720 0
-965.2 5.59999999999954 -234720 0

-965.2 -5.60000000000045 -224940 0
-965.2 5.59999999999954 -224940 0

-965.2 -5.60000000000045 -234720 0
-965.2 -5.60000000000045 -224940 0

-965.2 5.59999999999954 -234720 0
-965.2 5.59999999999954 -224940 0

-954 -5.60000000000045 -224940 0
-954 5.59999999999954 -224940 0

-954 -5.60000000000045 -234720 0
-954 5.59999999999954 -234720 0

-954 -5.60000000000045 -224940 0
-954 -5.60000000000045 -234720 0

-954 5.59999999999954 -224940 0
-954 5.59999999999954 -234720 0

-954 -5.60000000000045 -234720 0
-965.2 -5.60000000000045 -234720 0

-954 -5.60000000000045 -224940 0
-965.2 -5.60000000000045 -224940 0

-954 -5.60000000000045 -234720 0
-954 -5.60000000000045 -224940 0

-965.2 -5.60000000000045 -234720 0
-965.2 -5.60000000000045 -224940 0

-954 5.59999999999954 -224940 0
-965.2 5.59999999999954 -224940 0

-954 5.59999999999954 -234720 0
-965.2 5.59999999999954 -234720 0

-954 5.59999999999954 -224940 0
-954 5.59999999999954 -234720 0

-965.2 5.59999999999954 -224940 0
-965.2 5.59999999999954 -234720 0

-954 -5.60000000000045 -224940 0
-954 -4.54747350886464e-13 -224940 0

-954 -4.54747350886464e-13 -224940 0
-954 2.79999999999955 -224940 0
-954 5.59999999999954 -224940 0

-954 5.59999999999954 -224940 0

-965.2 -5.60000000000045 -224940 0
-965.2 5.59999999999954 -224940 0

-954 -5.60000000000045 -224940 0
-965.2 -5.60000000000045 -224940 0

-954 5.59999999999954 -224940 0
-965.2 5.59999999999954 -224940 0

-965.2 -5.60000000000045 -215160 0
-965.2 5.59999999999954 -215160 0

-954 -5.60000000000045 -215160 0
-954 5.59999999999954 -215160 0

-965.2 -5.60000000000045 -215160 0
-954 -5.60000000000045 -215160 0

-965.2 5.59999999999954 -215160 0
-954 5.59999999999954 -215160 0

-965.2 -5.60000000000045 -224940 0
-965.2 5.59999999999954 -224940 0

-965.2 -5.60000000000045 -215160 0
-965.2 5.59999999999954 -215160 0

-965.2 -5.60000000000045 -224940 0
-965.2 -5.60000000000045 -215160 0

-965.2 5.59999999999954 -224940 0
-965.2 5.59999999999954 -215160 0

-954 -5.60000000000045 -215160 0
-954 5.59999999999954 -215160 0

-954 -5.60000000000045 -224940 0
-954 5.59999999999954 -224940 0

-954 -5.60000000000045 -215160 0
-954 -5.60000000000045 -224940 0

-954 5.59999999999954 -215160 0
-954 5.59999999999954 -224940 0

-954 -5.60000000000045 -224940 0
-965.2 -5.60000000000045 -224940 0

-954 -5.60000000000045 -215160 0
-965.2 -5.60000000000045 -215160 0

-954 -5.60000000000045 -224940 0
-954 -5.60000000000045 -215160 0

-965.2 -5.60000000000045 -224940 0
-965.2 -5.60000000000045 -215160 0

-954 5.59999999999954 -215160 0
-965.2 5.59999999999954 -215160 0

-954 5.59999999999954 -224940 0
-965.2 5.59999999999954 -224940 0

-954 5.59999999999954 -215160 0
-954 5.59999999999954 -224940 0

-965.2 5.59999999999954 -215160 0
-965.2 5.59999999999954 -224940 0

-954 -5.60000000000045 -215160 0
-954 -4.54747350886464e-13 -215160 0

-954 -4.54747350886464e-13 -215160 0
-954 2.79999999999955 -215160 0
-954 5.59999999999954 -215160 0

-954 5.59999999999954 -215160 0

-965.2 -5.60000000000045 -215160 0
-965.2 5.59999999999954 -215160 0

-954 -5.60000000000045 -215160 0
-965.2 -5.60000000000045 -215160 0

-954 5.59999999999954 -215160 0
-965.2 5.59999999999954 -215160 0

-965.2 -5.60000000000045 -205380 0
-965.2 5.59999999999954 -205380 0

-954 -5.60000000000045 -205380 0
-954 5.59999999999954 -205380 0

-965.2 -5.60000000000045 -205380 0
-954 -5.60000000000045 -205380 0

-965.2 5.59999999999954 -205380 0
-954 5.59999999999954 -205380 0

-965.2 -5.60000000000045 -215160 0
-965.2 5.59999999999954 -215160 0

-965.2 -5.60000000000045 -205380 0
-965.2 5.59999999999954 -205380 0

-965.2 -5.60000000000045 -215160 0
-965.2 -5.60000000000045 -205380 0

-965.2 5.59999999999954 -215160 0
-965.2 5.59999999999954 -205380 0

-954 -5.60000000000045 -205380 0
-954 5.59999999999954 -205380 0

-954 -5.60000000000045 -215160 0
-954 5.59999999999954 -215160 0

-954 -5.60000000000045 -205380 0
-954 -5.60000000000045 -215160 0

-954 5.59999999999954 -205380 0
-954 5.59999999999954 -215160 0

-954 -5.60000000000045 -215160 0
-965.2 -5.60000000000045 -215160 0

-954 -5.60000000000045 -205380 0
-965.2 -5.60000000000045 -205380 0

-954 -5.60000000000045 -215160 0
-954 -5.60000000000045 -205380 0

-965.2 -5.60000000000045 -215160 0
-965.2 -5.60000000000045 -205380 0

-954 5.59999999999954 -205380 0
-965.2 5.59999999999954 -205380 0

-954 5.59999999999954 -215160 0
-965.2 5.59999999999954 -215160 0

-954 5.59999999999954 -205380 0
-954 5.59999999999954 -215160 0

-965.2 5.59999999999954 -205380 0
-965.2 5.59999999999954 -215160 0

-954 -5.60000000000045 -205380 0
-954 -4.54747350886464e-13 -205380 0

-954 -4.54747350886464e-13 -205380 0
-954 2.79999999999955 -205380 0
-954 5.59999999999954 -205380 0

-954 5.59999999999954 -205380 0

-965.2 -5.60000000000045 -205380 0
-965.2 5.59999999999954 -205380 0

-954 -5.60000000000045 -205380 0
-965.2 -5.60000000000045 -205380 0

-954 5.59999999999954 -205380 0
-965.2 5.59999999999954 -205380 0

-965.2 -5.60000000000045 -195600 0
-965.2 5.59999999999954 -195600 0

-954 -5.60000000000045 -195600 0
-954 5.59999999999954 -195600 0

-965.2 -5.60000000000045 -195600 0
-954 -5.60000000000045 -195600 0

-965.2 5.59999999999954 -195600 0
-954 5.59999999999954 -195600 0

-965.2 -5.60000000000045 -205380 0
-965.2 5.59999999999954 -205380 0

-965.2 -5.60000000000045 -195600 0
-965.2 5.59999999999954 -195600 0

-965.2 -5.60000000000045 -205380 0
-965.2 -5.60000000000045 -195600 0

-965.2 5.59999999999954 -205380 0
-965.2 5.59999999999954 -195600 0

-954 -5.60000000000045 -195600 0
-954 5.59999999999954 -195600 0

-954 -5.60000000000045 -205380 0
-954 5.59999999999954 -205380 0

-954 -5.60000000000045 -195600 0
-954 -5.60000000000045 -205380 0

-954 5.59999999999954 -195600 0
-954 5.59999999999954 -205380 0

-954 -5.60000000000045 -205380 0
-965.2 -5.60000000000045 -205380 0

-954 -5.60000000000045 -195600 0
-965.2 -5.60000000000045 -195600 0

-954 -5.60000000000045 -205380 0
-954 -5.60000000000045 -195600 0

-965.2 -5.60000000000045 -205380 0
-965.2 -5.60000000000045 -195600 0

-954 5.59999999999954 -195600 0
-965.2 5.59999999999954 -195600 0

-954 5.59999999999954 -205380 0
-965.2 5.59999999999954 -205380 0

-954 5.59999999999954 -195600 0
-954 5.59999999999954 -205380 0

-965.2 5.59999999999954 -195600 0
-965.2 5.59999999999954 -205380 0

-954 -5.60000000000045 -195600 0
-954 -4.54747350886464e-13 -195600 0

-954 -4.54747350886464e-13 -195600 0
-954 2.79999999999955 -195600 0
-954 5.59999999999954 -195600 0

-954 5.59999999999954 -195600 0

-965.2 -5.60000000000045 -195600 0
-965.2 5.59999999999954 -195600 0

-954 -5.60000000000045 -195600 0
-965.2 -5.60000000000045 -195600 0

-954 5.59999999999954 -195600 0
-965.2 5.59999999999954 -195600 0

-965.2 -5.60000000000045 -185820 0
-965.2 5.59999999999954 -185820 0

-954 -5.60000000000045 -185820 0
-954 5.59999999999954 -185820 0

-965.2 -5.60000000000045 -185820 0
-954 -5.60000000000045 -185820 0

-965.2 5.59999999999954 -185820 0
-954 5.59999999999954 -185820 0

-965.2 -5.60000000000045 -195600 0
-965.2 5.59999999999954 -195600 0

-965.2 -5.60000000000045 -185820 0
-965.2 5.59999999999954 -185820 0

-965.2 -5.60000000000045 -195600 0
-965.2 -5.60000000000045 -185820 0

-965.2 5.59999999999954 -195600 0
-965.2 5.59999999999954 -185820 0

-954 -5.60000000000045 -185820 0
-954 5.59999999999954 -185820 0

-954 -5.60000000000045 -195600 0
-954 5.59999999999954 -195600 0

-954 -5.60000000000045 -185820 0
-954 -5.60000000000045 -195600 0

-954 5.59999999999954 -185820 0
-954 5.59999999999954 -195600 0

-954 -5.60000000000045 -195600 0
-965.2 -5.60000000000045 -195600 0

-954 -5.60000000000045 -185820 0
-965.2 -5.60000000000045 -185820 0

-954 -5.60000000000045 -195600 0
-954 -5.60000000000045 -185820 0

-965.2 -5.60000000000045 -195600 0
-965.2 -5.60000000000045 -185820 0

-954 5.59999999999954 -185820 0
-965.2 5.59999999999954 -185820 0

-954 5.59999999999954 -195600 0
-965.2 5.59999999999954 -195600 0

-954 5.59999999999954 -185820 0
-954 5.59999999999954 -195600 0

-965.2 5.59999999999954 -185820 0
-965.2 5.59999999999954 -195600 0

-954 -5.60000000000045 -185820 0
-954 -4.54747350886464e-13 -185820 0

-954 -4.54747350886464e-13 -185820 0
-954 2.79999999999955 -185820 0
-954 5.59999999999954 -185820 0

-954 5.59999999999954 -185820 0

-965.2 -5.60000000000045 -185820 0
-965.2 5.59999999999954 -185820 0

-954 -5.60000000000045 -185820 0
-965.2 -5.60000000000045 -185820 0

-954 5.59999999999954 -185820 0
-965.2 5.59999999999954 -185820 0

-965.2 -5.60000000000045 -176040 0
-965.2 5.59999999999954 -176040 0

-954 -5.60000000000045 -176040 0
-954 5.59999999999954 -176040 0

-965.2 -5.60000000000045 -176040 0
-954 -5.60000000000045 -176040 0

-965.2 5.59999999999954 -176040 0
-954 5.59999999999954 -176040 0

-965.2 -5.60000000000045 -185820 0
-965.2 5.59999999999954 -185820 0

-965.2 -5.60000000000045 -176040 0
-965.2 5.59999999999954 -176040 0

-965.2 -5.60000000000045 -185820 0
-965.2 -5.60000000000045 -176040 0

-965.2 5.59999999999954 -185820 0
-965.2 5.59999999999954 -176040 0

-954 -5.60000000000045 -176040 0
-954 5.59999999999954 -176040 0

-954 -5.60000000000045 -185820 0
-954 5.59999999999954 -185820 0

-954 -5.60000000000045 -176040 0
-954 -5.60000000000045 -185820 0

-954 5.59999999999954 -176040 0
-954 5.59999999999954 -185820 0

-954 -5.60000000000045 -185820 0
-965.2 -5.60000000000045 -185820 0

-954 -5.60000000000045 -176040 0
-965.2 -5.60000000000045 -176040 0

-954 -5.60000000000045 -185820 0
-954 -5.60000000000045 -176040 0

-965.2 -5.60000000000045 -185820 0
-965.2 -5.60000000000045 -176040 0

-954 5.59999999999954 -176040 0
-965.2 5.59999999999954 -176040 0

-954 5.59999999999954 -185820 0
-965.2 5.59999999999954 -185820 0

-954 5.59999999999954 -176040 0
-954 5.59999999999954 -185820 0

-965.2 5.59999999999954 -176040 0
-965.2 5.59999999999954 -185820 0

-954 -5.60000000000045 -176040 0
-954 -4.54747350886464e-13 -176040 0

-954 -4.54747350886464e-13 -176040 0
-954 2.79999999999955 -176040 0
-954 5.59999999999954 -176040 0

-954 5.59999999999954 -176040 0

-965.2 -5.60000000000045 -176040 0
-965.2 5.59999999999954 -176040 0

-954 -5.60000000000045 -176040 0
-965.2 -5.60000000000045 -176040 0

-954 5.59999999999954 -176040 0
-965.2 5.59999999999954 -176040 0

-965.2 -5.60000000000045 -166260 0
-965.2 5.59999999999954 -166260 0

-954 -5.60000000000045 -166260 0
-954 5.59999999999954 -166260 0

-965.2 -5.60000000000045 -166260 0
-954 -5.60000000000045 -166260 0

-965.2 5.59999999999954 -166260 0
-954 5.59999999999954 -166260 0

-965.2 -5.60000000000045 -176040 0
-965.2 5.59999999999954 -176040 0

-965.2 -5.60000000000045 -166260 0
-965.2 5.59999999999954 -166260 0

-965.2 -5.60000000000045 -176040 0
-965.2 -5.60000000000045 -166260 0

-965.2 5.59999999999954 -176040 0
-965.2 5.59999999999954 -166260 0

-954 -5.60000000000045 -166260 0
-954 5.59999999999954 -166260 0

-954 -5.60000000000045 -176040 0
-954 5.59999999999954 -176040 0

-954 -5.60000000000045 -166260 0
-954 -5.60000000000045 -176040 0

-954 5.59999999999954 -166260 0
-954 5.59999999999954 -176040 0

-954 -5.60000000000045 -176040 0
-965.2 -5.60000000000045 -176040 0

-954 -5.60000000000045 -166260 0
-965.2 -5.60000000000045 -166260 0

-954 -5.60000000000045 -176040 0
-954 -5.60000000000045 -166260 0

-965.2 -5.60000000000045 -176040 0
-965.2 -5.60000000000045 -166260 0

-954 5.59999999999954 -166260 0
-965.2 5.59999999999954 -166260 0

-954 5.59999999999954 -176040 0
-965.2 5.59999999999954 -176040 0

-954 5.59999999999954 -166260 0
-954 5.59999999999954 -176040 0

-965.2 5.59999999999954 -166260 0
-965.2 5.59999999999954 -176040 0

-954 -5.60000000000045 -166260 0
-954 -4.54747350886464e-13 -166260 0

-954 -4.54747350886464e-13 -166260 0
-954 2.79999999999955 -166260 0
-954 5.59999999999954 -166260 0

-954 5.59999999999954 -166260 0

-965.2 -5.60000000000045 -166260 0
-965.2 5.59999999999954 -166260 0

-954 -5.60000000000045 -166260 0
-965.2 -5.60000000000045 -166260 0

-954 5.59999999999954 -166260 0
-965.2 5.59999999999954 -166260 0

-965.2 -5.60000000000045 -156480 0
-965.2 5.59999999999954 -156480 0

-954 -5.60000000000045 -156480 0
-954 5.59999999999954 -156480 0

-965.2 -5.60000000000045 -156480 0
-954 -5.60000000000045 -156480 0

-965.2 5.59999999999954 -156480 0
-954 5.59999999999954 -156480 0

-965.2 -5.60000000000045 -166260 0
-965.2 5.59999999999954 -166260 0

-965.2 -5.60000000000045 -156480 0
-965.2 5.59999999999954 -156480 0

-965.2 -5.60000000000045 -166260 0
-965.2 -5.60000000000045 -156480 0

-965.2 5.59999999999954 -166260 0
-965.2 5.59999999999954 -156480 0

-954 -5.60000000000045 -156480 0
-954 5.59999999999954 -156480 0

-954 -5.60000000000045 -166260 0
-954 5.59999999999954 -166260 0

-954 -5.60000000000045 -156480 0
-954 -5.60000000000045 -166260 0

-954 5.59999999999954 -156480 0
-954 5.59999999999954 -166260 0

-954 -5.60000000000045 -166260 0
-965.2 -5.60000000000045 -166260 0

-954 -5.60000000000045 -156480 0
-965.2 -5.60000000000045 -156480 0

-954 -5.60000000000045 -166260 0
-954 -5.60000000000045 -156480 0

-965.2 -5.60000000000045 -166260 0
-965.2 -5.60000000000045 -156480 0

-954 5.59999999999954 -156480 0
-965.2 5.59999999999954 -156480 0

-954 5.59999999999954 -166260 0
-965.2 5.59999999999954 -166260 0

-954 5.59999999999954 -156480 0
-954 5.59999999999954 -166260 0

-965.2 5.59999999999954 -156480 0
-965.2 5.59999999999954 -166260 0

-954 -5.60000000000045 -156480 0
-954 -4.54747350886464e-13 -156480 0

-954 -4.54747350886464e-13 -156480 0
-954 2.79999999999955 -156480 0
-954 5.59999999999954 -156480 0

-954 5.59999999999954 -156480 0

-965.2 -5.60000000000045 -156480 0
-965.2 5.59999999999954 -156480 0

-954 -5.60000000000045 -156480 0
-965.2 -5.60000000000045 -156480 0

-954 5.59999999999954 -156480 0
-965.2 5.59999999999954 -156480 0

-965.2 -5.60000000000045 -146700 0
-965.2 5.59999999999954 -146700 0

-954 -5.60000000000045 -146700 0
-954 5.59999999999954 -146700 0

-965.2 -5.60000000000045 -146700 0
-954 -5.60000000000045 -146700 0

-965.2 5.59999999999954 -146700 0
-954 5.59999999999954 -146700 0

-965.2 -5.60000000000045 -156480 0
-965.2 5.59999999999954 -156480 0

-965.2 -5.60000000000045 -146700 0
-965.2 5.59999999999954 -146700 0

-965.2 -5.60000000000045 -156480 0
-965.2 -5.60000000000045 -146700 0

-965.2 5.59999999999954 -156480 0
-965.2 5.59999999999954 -146700 0

-954 -5.60000000000045 -146700 0
-954 5.59999999999954 -146700 0

-954 -5.60000000000045 -156480 0
-954 5.59999999999954 -156480 0

-954 -5.60000000000045 -146700 0
-954 -5.60000000000045 -156480 0

-954 5.59999999999954 -146700 0
-954 5.59999999999954 -156480 0

-954 -5.60000000000045 -156480 0
-965.2 -5.60000000000045 -156480 0

-954 -5.60000000000045 -146700 0
-965.2 -5.60000000000045 -146700 0

-954 -5.60000000000045 -156480 0
-954 -5.60000000000045 -146700 0

-965.2 -5.60000000000045 -156480 0
-965.2 -5.60000000000045 -146700 0

-954 5.59999999999954 -146700 0
-965.2 5.59999999999954 -146700 0

-954 5.59999999999954 -156480 0
-965.2 5.59999999999954 -156480 0

-954 5.59999999999954 -146700 0
-954 5.59999999999954 -156480 0

-965.2 5.59999999999954 -146700 0
-965.2 5.59999999999954 -156480 0

-954 -5.60000000000045 -146700 0
-954 -4.54747350886464e-13 -146700 0

-954 -4.54747350886464e-13 -146700 0
-954 2.79999999999955 -146700 0
-954 5.59999999999954 -146700 0

-954 5.59999999999954 -146700 0

-965.2 -5.60000000000045 -146700 0
-965.2 5.59999999999954 -146700 0

-954 -5.60000000000045 -146700 0
-965.2 -5.60000000000045 -146700 0

-954 5.59999999999954 -146700 0
-965.2 5.59999999999954 -146700 0

-965.2 -5.60000000000045 -136920 0
-965.2 5.59999999999954 -136920 0

-954 -5.60000000000045 -136920 0
-954 5.59999999999954 -136920 0

-965.2 -5.60000000000045 -136920 0
-954 -5.60000000000045 -136920 0

-965.2 5.59999999999954 -136920 0
-954 5.59999999999954 -136920 0

-965.2 -5.60000000000045 -146700 0
-965.2 5.59999999999954 -146700 0

-965.2 -5.60000000000045 -136920 0
-965.2 5.59999999999954 -136920 0

-965.2 -5.60000000000045 -146700 0
-965.2 -5.60000000000045 -136920 0

-965.2 5.59999999999954 -146700 0
-965.2 5.59999999999954 -136920 0

-954 -5.60000000000045 -136920 0
-954 5.59999999999954 -136920 0

-954 -5.60000000000045 -146700 0
-954 5.59999999999954 -146700 0

-954 -5.60000000000045 -136920 0
-954 -5.60000000000045 -146700 0

-954 5.59999999999954 -136920 0
-954 5.59999999999954 -146700 0

-954 -5.60000000000045 -146700 0
-965.2 -5.60000000000045 -146700 0

-954 -5.60000000000045 -136920 0
-965.2 -5.60000000000045 -136920 0

-954 -5.60000000000045 -146700 0
-954 -5.60000000000045 -136920 0

-965.2 -5.60000000000045 -146700 0
-965.2 -5.60000000000045 -136920 0

-954 5.59999999999954 -136920 0
-965.2 5.59999999999954 -136920 0

-954 5.59999999999954 -146700 0
-965.2 5.59999999999954 -146700 0

-954 5.59999999999954 -136920 0
-954 5.59999999999954 -146700 0

-965.2 5.59999999999954 -136920 0
-965.2 5.59999999999954 -146700 0

-954 -5.60000000000045 -136920 0
-954 -4.54747350886464e-13 -136920 0

-954 -4.54747350886464e-13 -136920 0
-954 2.79999999999955 -136920 0
-954 5.59999999999954 -136920 0

-954 5.59999999999954 -136920 0

-965.2 -5.60000000000045 -136920 0
-965.2 5.59999999999954 -136920 0

-954 -5.60000000000045 -136920 0
-965.2 -5.60000000000045 -136920 0

-954 5.59999999999954 -136920 0
-965.2 5.59999999999954 -136920 0

-965.2 -5.60000000000045 -127140 0
-965.2 5.59999999999954 -127140 0

-954 -5.60000000000045 -127140 0
-954 5.59999999999954 -127140 0

-965.2 -5.60000000000045 -127140 0
-954 -5.60000000000045 -127140 0

-965.2 5.59999999999954 -127140 0
-954 5.59999999999954 -127140 0

-965.2 -5.60000000000045 -136920 0
-965.2 5.59999999999954 -136920 0

-965.2 -5.60000000000045 -127140 0
-965.2 5.59999999999954 -127140 0

-965.2 -5.60000000000045 -136920 0
-965.2 -5.60000000000045 -127140 0

-965.2 5.59999999999954 -136920 0
-965.2 5.59999999999954 -127140 0

-954 -5.60000000000045 -127140 0
-954 5.59999999999954 -127140 0

-954 -5.60000000000045 -136920 0
-954 5.59999999999954 -136920 0

-954 -5.60000000000045 -127140 0
-954 -5.60000000000045 -136920 0

-954 5.59999999999954 -127140 0
-954 5.59999999999954 -136920 0

-954 -5.60000000000045 -136920 0
-965.2 -5.60000000000045 -136920 0

-954 -5.60000000000045 -127140 0
-965.2 -5.60000000000045 -127140 0

-954 -5.60000000000045 -136920 0
-954 -5.60000000000045 -127140 0

-965.2 -5.60000000000045 -136920 0
-965.2 -5.60000000000045 -127140 0

-954 5.59999999999954 -127140 0
-965.2 5.59999999999954 -127140 0

-954 5.59999999999954 -136920 0
-965.2 5.59999999999954 -136920 0

-954 5.59999999999954 -127140 0
-954 5.59999999999954 -136920 0

-965.2 5.59999999999954 -127140 0
-965.2 5.59999999999954 -136920 0

-954 -5.60000000000045 -127140 0
-954 -4.54747350886464e-13 -127140 0

-954 -4.54747350886464e-13 -127140 0
-954 2.79999999999955 -127140 0
-954 5.59999999999954 -127140 0

-954 5.59999999999954 -127140 0

-965.2 -5.60000000000045 -127140 0
-965.2 5.59999999999954 -127140 0

-954 -5.60000000000045 -127140 0
-965.2 -5.60000000000045 -127140 0

-954 5.59999999999954 -127140 0
-965.2 5.59999999999954 -127140 0

-965.2 -5.60000000000045 -117360 0
-965.2 5.59999999999954 -117360 0

-954 -5.60000000000045 -117360 0
-954 5.59999999999954 -117360 0

-965.2 -5.60000000000045 -117360 0
-954 -5.60000000000045 -117360 0

-965.2 5.59999999999954 -117360 0
-954 5.59999999999954 -117360 0

-965.2 -5.60000000000045 -127140 0
-965.2 5.59999999999954 -127140 0

-965.2 -5.60000000000045 -117360 0
-965.2 5.59999999999954 -117360 0

-965.2 -5.60000000000045 -127140 0
-965.2 -5.60000000000045 -117360 0

-965.2 5.59999999999954 -127140 0
-965.2 5.59999999999954 -117360 0

-954 -5.60000000000045 -117360 0
-954 5.59999999999954 -117360 0

-954 -5.60000000000045 -127140 0
-954 5.59999999999954 -127140 0

-954 -5.60000000000045 -117360 0
-954 -5.60000000000045 -127140 0

-954 5.59999999999954 -117360 0
-954 5.59999999999954 -127140 0

-954 -5.60000000000045 -127140 0
-965.2 -5.60000000000045 -127140 0

-954 -5.60000000000045 -117360 0
-965.2 -5.60000000000045 -117360 0

-954 -5.60000000000045 -127140 0
-954 -5.60000000000045 -117360 0

-965.2 -5.60000000000045 -127140 0
-965.2 -5.60000000000045 -117360 0

-954 5.59999999999954 -117360 0
-965.2 5.59999999999954 -117360 0

-954 5.59999999999954 -127140 0
-965.2 5.59999999999954 -127140 0

-954 5.59999999999954 -117360 0
-954 5.59999999999954 -127140 0

-965.2 5.59999999999954 -117360 0
-965.2 5.59999999999954 -127140 0

-954 -5.60000000000045 -117360 0
-954 -4.54747350886464e-13 -117360 0

-954 -4.54747350886464e-13 -117360 0
-954 2.79999999999955 -117360 0
-954 5.59999999999954 -117360 0

-954 5.59999999999954 -117360 0

-965.2 -5.60000000000045 -117360 0
-965.2 5.59999999999954 -117360 0

-954 -5.60000000000045 -117360 0
-965.2 -5.60000000000045 -117360 0

-954 5.59999999999954 -117360 0
-965.2 5.59999999999954 -117360 0

-965.2 -5.60000000000045 -107580 0
-965.2 5.59999999999954 -107580 0

-954 -5.60000000000045 -107580 0
-954 5.59999999999954 -107580 0

-965.2 -5.60000000000045 -107580 0
-954 -5.60000000000045 -107580 0

-965.2 5.59999999999954 -107580 0
-954 5.59999999999954 -107580 0

-965.2 -5.60000000000045 -117360 0
-965.2 5.59999999999954 -117360 0

-965.2 -5.60000000000045 -107580 0
-965.2 5.59999999999954 -107580 0

-965.2 -5.60000000000045 -117360 0
-965.2 -5.60000000000045 -107580 0

-965.2 5.59999999999954 -117360 0
-965.2 5.59999999999954 -107580 0

-954 -5.60000000000045 -107580 0
-954 5.59999999999954 -107580 0

-954 -5.60000000000045 -117360 0
-954 5.59999999999954 -117360 0

-954 -5.60000000000045 -107580 0
-954 -5.60000000000045 -117360 0

-954 5.59999999999954 -107580 0
-954 5.59999999999954 -117360 0

-954 -5.60000000000045 -117360 0
-965.2 -5.60000000000045 -117360 0

-954 -5.60000000000045 -107580 0
-965.2 -5.60000000000045 -107580 0

-954 -5.60000000000045 -117360 0
-954 -5.60000000000045 -107580 0

-965.2 -5.60000000000045 -117360 0
-965.2 -5.60000000000045 -107580 0

-954 5.59999999999954 -107580 0
-965.2 5.59999999999954 -107580 0

-954 5.59999999999954 -117360 0
-965.2 5.59999999999954 -117360 0

-954 5.59999999999954 -107580 0
-954 5.59999999999954 -117360 0

-965.2 5.59999999999954 -107580 0
-965.2 5.59999999999954 -117360 0

-954 -5.60000000000045 -107580 0
-954 -4.54747350886464e-13 -107580 0

-954 -4.54747350886464e-13 -107580 0
-954 2.79999999999955 -107580 0
-954 5.59999999999954 -107580 0

-954 5.59999999999954 -107580 0

-965.2 -5.60000000000045 -107580 0
-965.2 5.59999999999954 -107580 0

-954 -5.60000000000045 -107580 0
-965.2 -5.60000000000045 -107580 0

-954 5.59999999999954 -107580 0
-965.2 5.59999999999954 -107580 0

-965.2 -5.60000000000045 -97800 0
-965.2 5.59999999999954 -97800 0

-954 -5.60000000000045 -97800 0
-954 5.59999999999954 -97800 0

-965.2 -5.60000000000045 -97800 0
-954 -5.60000000000045 -97800 0

-965.2 5.59999999999954 -97800 0
-954 5.59999999999954 -97800 0

-965.2 -5.60000000000045 -107580 0
-965.2 5.59999999999954 -107580 0

-965.2 -5.60000000000045 -97800 0
-965.2 5.59999999999954 -97800 0

-965.2 -5.60000000000045 -107580 0
-965.2 -5.60000000000045 -97800 0

-965.2 5.59999999999954 -107580 0
-965.2 5.59999999999954 -97800 0

-954 -5.60000000000045 -97800 0
-954 5.59999999999954 -97800 0

-954 -5.60000000000045 -107580 0
-954 5.59999999999954 -107580 0

-954 -5.60000000000045 -97800 0
-954 -5.60000000000045 -107580 0

-954 5.59999999999954 -97800 0
-954 5.59999999999954 -107580 0

-954 -5.60000000000045 -107580 0
-965.2 -5.60000000000045 -107580 0

-954 -5.60000000000045 -97800 0
-965.2 -5.60000000000045 -97800 0

-954 -5.60000000000045 -107580 0
-954 -5.60000000000045 -97800 0

-965.2 -5.60000000000045 -107580 0
-965.2 -5.60000000000045 -97800 0

-954 5.59999999999954 -97800 0
-965.2 5.59999999999954 -97800 0

-954 5.59999999999954 -107580 0
-965.2 5.59999999999954 -107580 0

-954 5.59999999999954 -97800 0
-954 5.59999999999954 -107580 0

-965.2 5.59999999999954 -97800 0
-965.2 5.59999999999954 -107580 0

-954 -5.60000000000045 -97800 0
-954 -4.54747350886464e-13 -97800 0

-954 -4.54747350886464e-13 -97800 0
-954 2.79999999999955 -97800 0
-954 5.59999999999954 -97800 0

-954 5.59999999999954 -97800 0

-965.2 -5.60000000000045 -97800 0
-965.2 5.59999999999954 -97800 0

-954 -5.60000000000045 -97800 0
-965.2 -5.60000000000045 -97800 0

-954 5.59999999999954 -97800 0
-965.2 5.59999999999954 -97800 0

-965.2 -5.60000000000045 -88020 0
-965.2 5.59999999999954 -88020 0

-954 -5.60000000000045 -88020 0
-954 5.59999999999954 -88020 0

-965.2 -5.60000000000045 -88020 0
-954 -5.60000000000045 -88020 0

-965.2 5.59999999999954 -88020 0
-954 5.59999999999954 -88020 0

-965.2 -5.60000000000045 -97800 0
-965.2 5.59999999999954 -97800 0

-965.2 -5.60000000000045 -88020 0
-965.2 5.59999999999954 -88020 0

-965.2 -5.60000000000045 -97800 0
-965.2 -5.60000000000045 -88020 0

-965.2 5.59999999999954 -97800 0
-965.2 5.59999999999954 -88020 0

-954 -5.60000000000045 -88020 0
-954 5.59999999999954 -88020 0

-954 -5.60000000000045 -97800 0
-954 5.59999999999954 -97800 0

-954 -5.60000000000045 -88020 0
-954 -5.60000000000045 -97800 0

-954 5.59999999999954 -88020 0
-954 5.59999999999954 -97800 0

-954 -5.60000000000045 -97800 0
-965.2 -5.60000000000045 -97800 0

-954 -5.60000000000045 -88020 0
-965.2 -5.60000000000045 -88020 0

-954 -5.60000000000045 -97800 0
-954 -5.60000000000045 -88020 0

-965.2 -5.60000000000045 -97800 0
-965.2 -5.60000000000045 -88020 0

-954 5.59999999999954 -88020 0
-965.2 5.59999999999954 -88020 0

-954 5.59999999999954 -97800 0
-965.2 5.59999999999954 -97800 0

-954 5.59999999999954 -88020 0
-954 5.59999999999954 -97800 0

-965.2 5.59999999999954 -88020 0
-965.2 5.59999999999954 -97800 0

-954 -5.60000000000045 -88020 0
-954 -4.54747350886464e-13 -88020 0

-954 -4.54747350886464e-13 -88020 0
-954 2.79999999999955 -88020 0
-954 5.59999999999954 -88020 0

-954 5.59999999999954 -88020 0

-965.2 -5.60000000000045 -88020 0
-965.2 5.59999999999954 -88020 0

-954 -5.60000000000045 -88020 0
-965.2 -5.60000000000045 -88020 0

-954 5.59999999999954 -88020 0
-965.2 5.59999999999954 -88020 0

-965.2 -5.60000000000045 -78240 0
-965.2 5.59999999999954 -78240 0

-954 -5.60000000000045 -78240 0
-954 5.59999999999954 -78240 0

-965.2 -5.60000000000045 -78240 0
-954 -5.60000000000045 -78240 0

-965.2 5.59999999999954 -78240 0
-954 5.59999999999954 -78240 0

-965.2 -5.60000000000045 -88020 0
-965.2 5.59999999999954 -88020 0

-965.2 -5.60000000000045 -78240 0
-965.2 5.59999999999954 -78240 0

-965.2 -5.60000000000045 -88020 0
-965.2 -5.60000000000045 -78240 0

-965.2 5.59999999999954 -88020 0
-965.2 5.59999999999954 -78240 0

-954 -5.60000000000045 -78240 0
-954 5.59999999999954 -78240 0

-954 -5.60000000000045 -88020 0
-954 5.59999999999954 -88020 0

-954 -5.60000000000045 -78240 0
-954 -5.60000000000045 -88020 0

-954 5.59999999999954 -78240 0
-954 5.59999999999954 -88020 0

-954 -5.60000000000045 -88020 0
-965.2 -5.60000000000045 -88020 0

-954 -5.60000000000045 -78240 0
-965.2 -5.60000000000045 -78240 0

-954 -5.60000000000045 -88020 0
-954 -5.60000000000045 -78240 0

-965.2 -5.60000000000045 -88020 0
-965.2 -5.60000000000045 -78240 0

-954 5.59999999999954 -78240 0
-965.2 5.59999999999954 -78240 0

-954 5.59999999999954 -88020 0
-965.2 5.59999999999954 -88020 0

-954 5.59999999999954 -78240 0
-954 5.59999999999954 -88020 0

-965.2 5.59999999999954 -78240 0
-965.2 5.59999999999954 -88020 0

-954 -5.60000000000045 -78240 0
-954 -4.54747350886464e-13 -78240 0

-954 -4.54747350886464e-13 -78240 0
-954 2.79999999999955 -78240 0
-954 5.59999999999954 -78240 0

-954 5.59999999999954 -78240 0

-965.2 -5.60000000000045 -78240 0
-965.2 5.59999999999954 -78240 0

-954 -5.60000000000045 -78240 0
-965.2 -5.60000000000045 -78240 0

-954 5.59999999999954 -78240 0
-965.2 5.59999999999954 -78240 0

-965.2 -5.60000000000045 -68460 0
-965.2 5.59999999999954 -68460 0

-954 -5.60000000000045 -68460 0
-954 5.59999999999954 -68460 0

-965.2 -5.60000000000045 -68460 0
-954 -5.60000000000045 -68460 0

-965.2 5.59999999999954 -68460 0
-954 5.59999999999954 -68460 0

-965.2 -5.60000000000045 -78240 0
-965.2 5.59999999999954 -78240 0

-965.2 -5.60000000000045 -68460 0
-965.2 5.59999999999954 -68460 0

-965.2 -5.60000000000045 -78240 0
-965.2 -5.60000000000045 -68460 0

-965.2 5.59999999999954 -78240 0
-965.2 5.59999999999954 -68460 0

-954 -5.60000000000045 -68460 0
-954 5.59999999999954 -68460 0

-954 -5.60000000000045 -78240 0
-954 5.59999999999954 -78240 0

-954 -5.60000000000045 -68460 0
-954 -5.60000000000045 -78240 0

-954 5.59999999999954 -68460 0
-954 5.59999999999954 -78240 0

-954 -5.60000000000045 -78240 0
-965.2 -5.60000000000045 -78240 0

-954 -5.60000000000045 -68460 0
-965.2 -5.60000000000045 -68460 0

-954 -5.60000000000045 -78240 0
-954 -5.60000000000045 -68460 0

-965.2 -5.60000000000045 -78240 0
-965.2 -5.60000000000045 -68460 0

-954 5.59999999999954 -68460 0
-965.2 5.59999999999954 -68460 0

-954 5.59999999999954 -78240 0
-965.2 5.59999999999954 -78240 0

-954 5.59999999999954 -68460 0
-954 5.59999999999954 -78240 0

-965.2 5.59999999999954 -68460 0
-965.2 5.59999999999954 -78240 0

-954 -5.60000000000045 -68460 0
-954 -4.54747350886464e-13 -68460 0

-954 -4.54747350886464e-13 -68460 0
-954 2.79999999999955 -68460 0
-954 5.59999999999954 -68460 0

-954 5.59999999999954 -68460 0

-965.2 -5.60000000000045 -68460 0
-965.2 5.59999999999954 -68460 0

-954 -5.60000000000045 -68460 0
-965.2 -5.60000000000045 -68460 0

-954 5.59999999999954 -68460 0
-965.2 5.59999999999954 -68460 0

-965.2 -5.60000000000045 -58680 0
-965.2 5.59999999999954 -58680 0

-954 -5.60000000000045 -58680 0
-954 5.59999999999954 -58680 0

-965.2 -5.60000000000045 -58680 0
-954 -5.60000000000045 -58680 0

-965.2 5.59999999999954 -58680 0
-954 5.59999999999954 -58680 0

-965.2 -5.60000000000045 -68460 0
-965.2 5.59999999999954 -68460 0

-965.2 -5.60000000000045 -58680 0
-965.2 5.59999999999954 -58680 0

-965.2 -5.60000000000045 -68460 0
-965.2 -5.60000000000045 -58680 0

-965.2 5.59999999999954 -68460 0
-965.2 5.59999999999954 -58680 0

-954 -5.60000000000045 -58680 0
-954 5.59999999999954 -58680 0

-954 -5.60000000000045 -68460 0
-954 5.59999999999954 -68460 0

-954 -5.60000000000045 -58680 0
-954 -5.60000000000045 -68460 0

-954 5.59999999999954 -58680 0
-954 5.59999999999954 -68460 0

-954 -5.60000000000045 -68460 0
-965.2 -5.60000000000045 -68460 0

-954 -5.60000000000045 -58680 0
-965.2 -5.60000000000045 -58680 0

-954 -5.60000000000045 -68460 0
-954 -5.60000000000045 -58680 0

-965.2 -5.60000000000045 -68460 0
-965.2 -5.60000000000045 -58680 0

-954 5.59999999999954 -58680 0
-965.2 5.59999999999954 -58680 0

-954 5.59999999999954 -68460 0
-965.2 5.59999999999954 -68460 0

-954 5.59999999999954 -58680 0
-954 5.59999999999954 -68460 0

-965.2 5.59999999999954 -58680 0
-965.2 5.59999999999954 -68460 0

-954 -5.60000000000045 -58680 0
-954 -4.54747350886464e-13 -58680 0

-954 -4.54747350886464e-13 -58680 0
-954 2.79999999999955 -58680 0
-954 5.59999999999954 -58680 0

-954 5.59999999999954 -58680 0

-965.2 -5.60000000000045 -58680 0
-965.2 5.59999999999954 -58680 0

-954 -5.60000000000045 -58680 0
-965.2 -5.60000000000045 -58680 0

-954 5.59999999999954 -58680 0
-965.2 5.59999999999954 -58680 0

-965.2 -5.60000000000045 -48900 0
-965.2 5.59999999999954 -48900 0

-954 -5.60000000000045 -48900 0
-954 5.59999999999954 -48900 0

-965.2 -5.60000000000045 -48900 0
-954 -5.60000000000045 -48900 0

-965.2 5.59999999999954 -48900 0
-954 5.59999999999954 -48900 0

-965.2 -5.60000000000045 -58680 0
-965.2 5.59999999999954 -58680 0

-965.2 -5.60000000000045 -48900 0
-965.2 5.59999999999954 -48900 0

-965.2 -5.60000000000045 -58680 0
-965.2 -5.60000000000045 -48900 0

-965.2 5.59999999999954 -58680 0
-965.2 5.59999999999954 -48900 0

-954 -5.60000000000045 -48900 0
-954 5.59999999999954 -48900 0

-954 -5.60000000000045 -58680 0
-954 5.59999999999954 -58680 0

-954 -5.60000000000045 -48900 0
-954 -5.60000000000045 -58680 0

-954 5.59999999999954 -48900 0
-954 5.59999999999954 -58680 0

-954 -5.60000000000045 -58680 0
-965.2 -5.60000000000045 -58680 0

-954 -5.60000000000045 -48900 0
-965.2 -5.60000000000045 -48900 0

-954 -5.60000000000045 -58680 0
-954 -5.60000000000045 -48900 0

-965.2 -5.60000000000045 -58680 0
-965.2 -5.60000000000045 -48900 0

-954 5.59999999999954 -48900 0
-965.2 5.59999999999954 -48900 0

-954 5.59999999999954 -58680 0
-965.2 5.59999999999954 -58680 0

-954 5.59999999999954 -48900 0
-954 5.59999999999954 -58680 0

-965.2 5.59999999999954 -48900 0
-965.2 5.59999999999954 -58680 0

-954 -5.60000000000045 -48900 0
-954 -4.54747350886464e-13 -48900 0

-954 -4.54747350886464e-13 -48900 0
-954 2.79999999999955 -48900 0
-954 5.59999999999954 -48900 0

-954 5.59999999999954 -48900 0

-965.2 -5.60000000000045 -48900 0
-965.2 5.59999999999954 -48900 0

-954 -5.60000000000045 -48900 0
-965.2 -5.60000000000045 -48900 0

-954 5.59999999999954 -48900 0
-965.2 5.59999999999954 -48900 0

-965.2 -5.60000000000045 -39120 0
-965.2 5.59999999999954 -39120 0

-954 -5.60000000000045 -39120 0
-954 5.59999999999954 -39120 0

-965.2 -5.60000000000045 -39120 0
-954 -5.60000000000045 -39120 0

-965.2 5.59999999999954 -39120 0
-954 5.59999999999954 -39120 0

-965.2 -5.60000000000045 -48900 0
-965.2 5.59999999999954 -48900 0

-965.2 -5.60000000000045 -39120 0
-965.2 5.59999999999954 -39120 0

-965.2 -5.60000000000045 -48900 0
-965.2 -5.60000000000045 -39120 0

-965.2 5.59999999999954 -48900 0
-965.2 5.59999999999954 -39120 0

-954 -5.60000000000045 -39120 0
-954 5.59999999999954 -39120 0

-954 -5.60000000000045 -48900 0
-954 5.59999999999954 -48900 0

-954 -5.60000000000045 -39120 0
-954 -5.60000000000045 -48900 0

-954 5.59999999999954 -39120 0
-954 5.59999999999954 -48900 0

-954 -5.60000000000045 -48900 0
-965.2 -5.60000000000045 -48900 0

-954 -5.60000000000045 -39120 0
-965.2 -5.60000000000045 -39120 0

-954 -5.60000000000045 -48900 0
-954 -5.60000000000045 -39120 0

-965.2 -5.60000000000045 -48900 0
-965.2 -5.60000000000045 -39120 0

-954 5.59999999999954 -39120 0
-965.2 5.59999999999954 -39120 0

-954 5.59999999999954 -48900 0
-965.2 5.59999999999954 -48900 0

-954 5.59999999999954 -39120 0
-954 5.59999999999954 -48900 0

-965.2 5.59999999999954 -39120 0
-965.2 5.59999999999954 -48900 0

-954 -5.60000000000045 -39120 0
-954 -4.54747350886464e-13 -39120 0

-954 -4.54747350886464e-13 -39120 0
-954 2.79999999999955 -39120 0
-954 5.59999999999954 -39120 0

-954 5.59999999999954 -39120 0

-965.2 -5.60000000000045 -39120 0
-965.2 5.59999999999954 -39120 0

-954 -5.60000000000045 -39120 0
-965.2 -5.60000000000045 -39120 0

-954 5.59999999999954 -39120 0
-965.2 5.59999999999954 -39120 0

-965.2 -5.60000000000045 -29340 0
-965.2 5.59999999999954 -29340 0

-954 -5.60000000000045 -29340 0
-954 5.59999999999954 -29340 0

-965.2 -5.60000000000045 -29340 0
-954 -5.60000000000045 -29340 0

-965.2 5.59999999999954 -29340 0
-954 5.59999999999954 -29340 0

-965.2 -5.60000000000045 -39120 0
-965.2 5.59999999999954 -39120 0

-965.2 -5.60000000000045 -29340 0
-965.2 5.59999999999954 -29340 0

-965.2 -5.60000000000045 -39120 0
-965.2 -5.60000000000045 -29340 0

-965.2 5.59999999999954 -39120 0
-965.2 5.59999999999954 -29340 0

-954 -5.60000000000045 -29340 0
-954 5.59999999999954 -29340 0

-954 -5.60000000000045 -39120 0
-954 5.59999999999954 -39120 0

-954 -5.60000000000045 -29340 0
-954 -5.60000000000045 -39120 0

-954 5.59999999999954 -29340 0
-954 5.59999999999954 -39120 0

-954 -5.60000000000045 -39120 0
-965.2 -5.60000000000045 -39120 0

-954 -5.60000000000045 -29340 0
-965.2 -5.60000000000045 -29340 0

-954 -5.60000000000045 -39120 0
-954 -5.60000000000045 -29340 0

-965.2 -5.60000000000045 -39120 0
-965.2 -5.60000000000045 -29340 0

-954 5.59999999999954 -29340 0
-965.2 5.59999999999954 -29340 0

-954 5.59999999999954 -39120 0
-965.2 5.59999999999954 -39120 0

-954 5.59999999999954 -29340 0
-954 5.59999999999954 -39120 0

-965.2 5.59999999999954 -29340 0
-965.2 5.59999999999954 -39120 0

-954 -5.60000000000045 -29340 0
-954 -4.54747350886464e-13 -29340 0

-954 -4.54747350886464e-13 -29340 0
-954 2.79999999999955 -29340 0
-954 5.59999999999954 -29340 0

-954 5.59999999999954 -29340 0

-965.2 -5.60000000000045 -29340 0
-965.2 5.59999999999954 -29340 0

-954 -5.60000000000045 -29340 0
-965.2 -5.60000000000045 -29340 0

-954 5.59999999999954 -29340 0
-965.2 5.59999999999954 -29340 0

-965.2 -5.60000000000045 -19560 0
-965.2 5.59999999999954 -19560 0

-954 -5.60000000000045 -19560 0
-954 5.59999999999954 -19560 0

-965.2 -5.60000000000045 -19560 0
-954 -5.60000000000045 -19560 0

-965.2 5.59999999999954 -19560 0
-954 5.59999999999954 -19560 0

-965.2 -5.60000000000045 -29340 0
-965.2 5.59999999999954 -29340 0

-965.2 -5.60000000000045 -19560 0
-965.2 5.59999999999954 -19560 0

-965.2 -5.60000000000045 -29340 0
-965.2 -5.60000000000045 -19560 0

-965.2 5.59999999999954 -29340 0
-965.2 5.59999999999954 -19560 0

-954 -5.60000000000045 -19560 0
-954 5.59999999999954 -19560 0

-954 -5.60000000000045 -29340 0
-954 5.59999999999954 -29340 0

-954 -5.60000000000045 -19560 0
-954 -5.60000000000045 -29340 0

-954 5.59999999999954 -19560 0
-954 5.59999999999954 -29340 0

-954 -5.60000000000045 -29340 0
-965.2 -5.60000000000045 -29340 0

-954 -5.60000000000045 -19560 0
-965.2 -5.60000000000045 -19560 0

-954 -5.60000000000045 -29340 0
-954 -5.60000000000045 -19560 0

-965.2 -5.60000000000045 -29340 0
-965.2 -5.60000000000045 -19560 0

-954 5.59999999999954 -19560 0
-965.2 5.59999999999954 -19560 0

-954 5.59999999999954 -29340 0
-965.2 5.59999999999954 -29340 0

-954 5.59999999999954 -19560 0
-954 5.59999999999954 -29340 0

-965.2 5.59999999999954 -19560 0
-965.2 5.59999999999954 -29340 0

-954 -5.60000000000045 -19560 0
-954 -4.54747350886464e-13 -19560 0

-954 -4.54747350886464e-13 -19560 0
-954 2.79999999999955 -19560 0
-954 5.59999999999954 -19560 0

-954 5.59999999999954 -19560 0

-965.2 -5.60000000000045 -19560 0
-965.2 5.59999999999954 -19560 0

-954 -5.60000000000045 -19560 0
-965.2 -5.60000000000045 -19560 0

-954 5.59999999999954 -19560 0
-965.2 5.59999999999954 -19560 0

-965.2 -5.60000000000045 -9780 0
-965.2 5.59999999999954 -9780 0

-954 -5.60000000000045 -9780 0
-954 5.59999999999954 -9780 0

-965.2 -5.60000000000045 -9780 0
-954 -5.60000000000045 -9780 0

-965.2 5.59999999999954 -9780 0
-954 5.59999999999954 -9780 0

-965.2 -5.60000000000045 -19560 0
-965.2 5.59999999999954 -19560 0

-965.2 -5.60000000000045 -9780 0
-965.2 5.59999999999954 -9780 0

-965.2 -5.60000000000045 -19560 0
-965.2 -5.60000000000045 -9780 0

-965.2 5.59999999999954 -19560 0
-965.2 5.59999999999954 -9780 0

-954 -5.60000000000045 -9780 0
-954 5.59999999999954 -9780 0

-954 -5.60000000000045 -19560 0
-954 5.59999999999954 -19560 0

-954 -5.60000000000045 -9780 0
-954 -5.60000000000045 -19560 0

-954 5.59999999999954 -9780 0
-954 5.59999999999954 -19560 0

-954 -5.60000000000045 -19560 0
-965.2 -5.60000000000045 -19560 0

-954 -5.60000000000045 -9780 0
-965.2 -5.60000000000045 -9780 0

-954 -5.60000000000045 -19560 0
-954 -5.60000000000045 -9780 0

-965.2 -5.60000000000045 -19560 0
-965.2 -5.60000000000045 -9780 0

-954 5.59999999999954 -9780 0
-965.2 5.59999999999954 -9780 0

-954 5.59999999999954 -19560 0
-965.2 5.59999999999954 -19560 0

-954 5.59999999999954 -9780 0
-954 5.59999999999954 -19560 0

-965.2 5.59999999999954 -9780 0
-965.2 5.59999999999954 -19560 0

-954 -5.60000000000045 -9780 0
-954 -4.54747350886464e-13 -9780 0

-954 -4.54747350886464e-13 -9780 0
-954 2.79999999999955 -9780 0
-954 5.59999999999954 -9780 0

-954 5.59999999999954 -9780 0

-965.2 -5.60000000000045 -9780 0
-965.2 5.59999999999954 -9780 0

-954 -5.60000000000045 -9780 0
-965.2 -5.60000000000045 -9780 0

-954 5.59999999999954 -9780 0
-965.2 5.59999999999954 -9780 0

-965.2 -5.60000000000045 0 0
-965.2 5.59999999999954 0 0

-954 -5.60000000000045 0 0
-954 5.59999999999954 0 0

-965.2 -5.60000000000045 0 0
-954 -5.60000000000045 0 0

-965.2 5.59999999999954 0 0
-954 5.59999999999954 0 0

-965.2 -5.60000000000045 -9780 0
-965.2 5.59999999999954 -9780 0

-965.2 -5.60000000000045 0 0
-965.2 5.59999999999954 0 0

-965.2 -5.60000000000045 -9780 0
-965.2 -5.60000000000045 0 0

-965.2 5.59999999999954 -9780 0
-965.2 5.59999999999954 0 0

-954 -5.60000000000045 0 0
-954 5.59999999999954 0 0

-954 -5.60000000000045 -9780 0
-954 5.59999999999954 -9780 0

-954 -5.60000000000045 0 0
-954 -5.60000000000045 -9780 0

-954 5.59999999999954 0 0
-954 5.59999999999954 -9780 0

-954 -5.60000000000045 -9780 0
-965.2 -5.60000000000045 -9780 0

-954 -5.60000000000045 0 0
-965.2 -5.60000000000045 0 0

-954 -5.60000000000045 -9780 0
-954 -5.60000000000045 0 0

-965.2 -5.60000000000045 -9780 0
-965.2 -5.60000000000045 0 0

-954 5.59999999999954 0 0
-965.2 5.59999999999954 0 0

-954 5.59999999999954 -9780 0
-965.2 5.59999999999954 -9780 0

-954 5.59999999999954 0 0
-954 5.59999999999954 -9780 0

-965.2 5.59999999999954 0 0
-965.2 5.59999999999954 -9780 0

-954 -5.60000000000045 0 0
-954 -4.54747350886464e-13 0 0

-954 -4.54747350886464e-13 0 0
-954 2.79999999999955 0 0
-954 5.59999999999954 0 0

-954 5.59999999999954 0 0

-965.2 -5.60000000000045 0 0
-965.2 5.59999999999954 0 0

-954 -5.60000000000045 0 0
-965.2 -5.60000000000045 0 0

-954 5.59999999999954 0 0
-965.2 5.59999999999954 0 0

-965.2 -5.60000000000045 9780 0
-965.2 5.59999999999954 9780 0

-954 -5.60000000000045 9780 0
-954 5.59999999999954 9780 0

-965.2 -5.60000000000045 9780 0
-954 -5.60000000000045 9780 0

-965.2 5.59999999999954 9780 0
-954 5.59999999999954 9780 0

-965.2 -5.60000000000045 0 0
-965.2 5.59999999999954 0 0

-965.2 -5.60000000000045 9780 0
-965.2 5.59999999999954 9780 0

-965.2 -5.60000000000045 0 0
-965.2 -5.60000000000045 9780 0

-965.2 5.59999999999954 0 0
-965.2 5.59999999999954 9780 0

-954 -5.60000000000045 9780 0
-954 5.59999999999954 9780 0

-954 -5.60000000000045 0 0
-954 5.59999999999954 0 0

-954 -5.60000000000045 9780 0
-954 -5.60000000000045 0 0

-954 5.59999999999954 9780 0
-954 5.59999999999954 0 0

-954 -5.60000000000045 0 0
-965.2 -5.60000000000045 0 0

-954 -5.60000000000045 9780 0
-965.2 -5.60000000000045 9780 0

-954 -5.60000000000045 0 0
-954 -5.60000000000045 9780 0

-965.2 -5.60000000000045 0 0
-965.2 -5.60000000000045 9780 0

-954 5.59999999999954 9780 0
-965.2 5.59999999999954 9780 0

-954 5.59999999999954 0 0
-965.2 5.59999999999954 0 0

-954 5.59999999999954 9780 0
-954 5.59999999999954 0 0

-965.2 5.59999999999954 9780 0
-965.2 5.59999999999954 0 0

-954 -5.60000000000045 9780 0
-954 -4.54747350886464e-13 9780 0

-954 -4.54747350886464e-13 9780 0
-954 2.79999999999955 9780 0
-954 5.59999999999954 9780 0

-954 5.59999999999954 9780 0

-965.2 -5.60000000000045 9780 0
-965.2 5.59999999999954 9780 0

-954 -5.60000000000045 9780 0
-965.2 -5.60000000000045 9780 0

-954 5.59999999999954 9780 0
-965.2 5.59999999999954 9780 0

-965.2 -5.60000000000045 19560 0
-965.2 5.59999999999954 19560 0

-954 -5.60000000000045 19560 0
-954 5.59999999999954 19560 0

-965.2 -5.60000000000045 19560 0
-954 -5.60000000000045 19560 0

-965.2 5.59999999999954 19560 0
-954 5.59999999999954 19560 0

-965.2 -5.60000000000045 9780 0
-965.2 5.59999999999954 9780 0

-965.2 -5.60000000000045 19560 0
-965.2 5.59999999999954 19560 0

-965.2 -5.60000000000045 9780 0
-965.2 -5.60000000000045 19560 0

-965.2 5.59999999999954 9780 0
-965.2 5.59999999999954 19560 0

-954 -5.60000000000045 19560 0
-954 5.59999999999954 19560 0

-954 -5.60000000000045 9780 0
-954 5.59999999999954 9780 0

-954 -5.60000000000045 19560 0
-954 -5.60000000000045 9780 0

-954 5.59999999999954 19560 0
-954 5.59999999999954 9780 0

-954 -5.60000000000045 9780 0
-965.2 -5.60000000000045 9780 0

-954 -5.60000000000045 19560 0
-965.2 -5.60000000000045 19560 0

-954 -5.60000000000045 9780 0
-954 -5.60000000000045 19560 0

-965.2 -5.60000000000045 9780 0
-965.2 -5.60000000000045 19560 0

-954 5.59999999999954 19560 0
-965.2 5.59999999999954 19560 0

-954 5.59999999999954 9780 0
-965.2 5.59999999999954 9780 0

-954 5.59999999999954 19560 0
-954 5.59999999999954 9780 0

-965.2 5.59999999999954 19560 0
-965.2 5.59999999999954 9780 0

-954 -5.60000000000045 19560 0
-954 -4.54747350886464e-13 19560 0

-954 -4.54747350886464e-13 19560 0
-954 2.79999999999955 19560 0
-954 5.59999999999954 19560 0

-954 5.59999999999954 19560 0

-965.2 -5.60000000000045 19560 0
-965.2 5.59999999999954 19560 0

-954 -5.60000000000045 19560 0
-965.2 -5.60000000000045 19560 0

-954 5.59999999999954 19560 0
-965.2 5.59999999999954 19560 0

-965.2 -5.60000000000045 29340 0
-965.2 5.59999999999954 29340 0

-954 -5.60000000000045 29340 0
-954 5.59999999999954 29340 0

-965.2 -5.60000000000045 29340 0
-954 -5.60000000000045 29340 0

-965.2 5.59999999999954 29340 0
-954 5.59999999999954 29340 0

-965.2 -5.60000000000045 19560 0
-965.2 5.59999999999954 19560 0

-965.2 -5.60000000000045 29340 0
-965.2 5.59999999999954 29340 0

-965.2 -5.60000000000045 19560 0
-965.2 -5.60000000000045 29340 0

-965.2 5.59999999999954 19560 0
-965.2 5.59999999999954 29340 0

-954 -5.60000000000045 29340 0
-954 5.59999999999954 29340 0

-954 -5.60000000000045 19560 0
-954 5.59999999999954 19560 0

-954 -5.60000000000045 29340 0
-954 -5.60000000000045 19560 0

-954 5.59999999999954 29340 0
-954 5.59999999999954 19560 0

-954 -5.60000000000045 19560 0
-965.2 -5.60000000000045 19560 0

-954 -5.60000000000045 29340 0
-965.2 -5.60000000000045 29340 0

-954 -5.60000000000045 19560 0
-954 -5.60000000000045 29340 0

-965.2 -5.60000000000045 19560 0
-965.2 -5.60000000000045 29340 0

-954 5.59999999999954 29340 0
-965.2 5.59999999999954 29340 0

-954 5.59999999999954 19560 0
-965.2 5.59999999999954 19560 0

-954 5.59999999999954 29340 0
-954 5.59999999999954 19560 0

-965.2 5.59999999999954 29340 0
-965.2 5.59999999999954 19560 0

-954 -5.60000000000045 29340 0
-954 -4.54747350886464e-13 29340 0

-954 -4.54747350886464e-13 29340 0
-954 2.79999999999955 29340 0
-954 5.59999999999954 29340 0

-954 5.59999999999954 29340 0

-965.2 -5.60000000000045 29340 0
-965.2 5.59999999999954 29340 0

-954 -5.60000000000045 29340 0
-965.2 -5.60000000000045 29340 0

-954 5.59999999999954 29340 0
-965.2 5.59999999999954 29340 0

-965.2 -5.60000000000045 39120 0
-965.2 5.59999999999954 39120 0

-954 -5.60000000000045 39120 0
-954 5.59999999999954 39120 0

-965.2 -5.60000000000045 39120 0
-954 -5.60000000000045 39120 0

-965.2 5.59999999999954 39120 0
-954 5.59999999999954 39120 0

-965.2 -5.60000000000045 29340 0
-965.2 5.59999999999954 29340 0

-965.2 -5.60000000000045 39120 0
-965.2 5.59999999999954 39120 0

-965.2 -5.60000000000045 29340 0
-965.2 -5.60000000000045 39120 0

-965.2 5.59999999999954 29340 0
-965.2 5.59999999999954 39120 0

-954 -5.60000000000045 39120 0
-954 5.59999999999954 39120 0

-954 -5.60000000000045 29340 0
-954 5.59999999999954 29340 0

-954 -5.60000000000045 39120 0
-954 -5.60000000000045 29340 0

-954 5.59999999999954 39120 0
-954 5.59999999999954 29340 0

-954 -5.60000000000045 29340 0
-965.2 -5.60000000000045 29340 0

-954 -5.60000000000045 39120 0
-965.2 -5.60000000000045 39120 0

-954 -5.60000000000045 29340 0
-954 -5.60000000000045 39120 0

-965.2 -5.60000000000045 29340 0
-965.2 -5.60000000000045 39120 0

-954 5.59999999999954 39120 0
-965.2 5.59999999999954 39120 0

-954 5.59999999999954 29340 0
-965.2 5.59999999999954 29340 0

-954 5.59999999999954 39120 0
-954 5.59999999999954 29340 0

-965.2 5.59999999999954 39120 0
-965.2 5.59999999999954 29340 0

-954 -5.60000000000045 39120 0
-954 -4.54747350886464e-13 39120 0

-954 -4.54747350886464e-13 39120 0
-954 2.79999999999955 39120 0
-954 5.59999999999954 39120 0

-954 5.59999999999954 39120 0

-965.2 -5.60000000000045 39120 0
-965.2 5.59999999999954 39120 0

-954 -5.60000000000045 39120 0
-965.2 -5.60000000000045 39120 0

-954 5.59999999999954 39120 0
-965.2 5.59999999999954 39120 0

-965.2 -5.60000000000045 48900 0
-965.2 5.59999999999954 48900 0

-954 -5.60000000000045 48900 0
-954 5.59999999999954 48900 0

-965.2 -5.60000000000045 48900 0
-954 -5.60000000000045 48900 0

-965.2 5.59999999999954 48900 0
-954 5.59999999999954 48900 0

-965.2 -5.60000000000045 39120 0
-965.2 5.59999999999954 39120 0

-965.2 -5.60000000000045 48900 0
-965.2 5.59999999999954 48900 0

-965.2 -5.60000000000045 39120 0
-965.2 -5.60000000000045 48900 0

-965.2 5.59999999999954 39120 0
-965.2 5.59999999999954 48900 0

-954 -5.60000000000045 48900 0
-954 5.59999999999954 48900 0

-954 -5.60000000000045 39120 0
-954 5.59999999999954 39120 0

-954 -5.60000000000045 48900 0
-954 -5.60000000000045 39120 0

-954 5.59999999999954 48900 0
-954 5.59999999999954 39120 0

-954 -5.60000000000045 39120 0
-965.2 -5.60000000000045 39120 0

-954 -5.60000000000045 48900 0
-965.2 -5.60000000000045 48900 0

-954 -5.60000000000045 39120 0
-954 -5.60000000000045 48900 0

-965.2 -5.60000000000045 39120 0
-965.2 -5.60000000000045 48900 0

-954 5.59999999999954 48900 0
-965.2 5.59999999999954 48900 0

-954 5.59999999999954 39120 0
-965.2 5.59999999999954 39120 0

-954 5.59999999999954 48900 0
-954 5.59999999999954 39120 0

-965.2 5.59999999999954 48900 0
-965.2 5.59999999999954 39120 0

-954 -5.60000000000045 48900 0
-954 -4.54747350886464e-13 48900 0

-954 -4.54747350886464e-13 48900 0
-954 2.79999999999955 48900 0
-954 5.59999999999954 48900 0

-954 5.59999999999954 48900 0

-965.2 -5.60000000000045 48900 0
-965.2 5.59999999999954 48900 0

-954 -5.60000000000045 48900 0
-965.2 -5.60000000000045 48900 0

-954 5.59999999999954 48900 0
-965.2 5.59999999999954 48900 0

-965.2 -5.60000000000045 58680 0
-965.2 5.59999999999954 58680 0

-954 -5.60000000000045 58680 0
-954 5.59999999999954 58680 0

-965.2 -5.60000000000045 58680 0
-954 -5.60000000000045 58680 0

-965.2 5.59999999999954 58680 0
-954 5.59999999999954 58680 0

-965.2 -5.60000000000045 48900 0
-965.2 5.59999999999954 48900 0

-965.2 -5.60000000000045 58680 0
-965.2 5.59999999999954 58680 0

-965.2 -5.60000000000045 48900 0
-965.2 -5.60000000000045 58680 0

-965.2 5.59999999999954 48900 0
-965.2 5.59999999999954 58680 0

-954 -5.60000000000045 58680 0
-954 5.59999999999954 58680 0

-954 -5.60000000000045 48900 0
-954 5.59999999999954 48900 0

-954 -5.60000000000045 58680 0
-954 -5.60000000000045 48900 0

-954 5.59999999999954 58680 0
-954 5.59999999999954 48900 0

-954 -5.60000000000045 48900 0
-965.2 -5.60000000000045 48900 0

-954 -5.60000000000045 58680 0
-965.2 -5.60000000000045 58680 0

-954 -5.60000000000045 48900 0
-954 -5.60000000000045 58680 0

-965.2 -5.60000000000045 48900 0
-965.2 -5.60000000000045 58680 0

-954 5.59999999999954 58680 0
-965.2 5.59999999999954 58680 0

-954 5.59999999999954 48900 0
-965.2 5.59999999999954 48900 0

-954 5.59999999999954 58680 0
-954 5.59999999999954 48900 0

-965.2 5.59999999999954 58680 0
-965.2 5.59999999999954 48900 0

-954 -5.60000000000045 58680 0
-954 -4.54747350886464e-13 58680 0

-954 -4.54747350886464e-13 58680 0
-954 2.79999999999955 58680 0
-954 5.59999999999954 58680 0

-954 5.59999999999954 58680 0

-965.2 -5.60000000000045 58680 0
-965.2 5.59999999999954 58680 0

-954 -5.60000000000045 58680 0
-965.2 -5.60000000000045 58680 0

-954 5.59999999999954 58680 0
-965.2 5.59999999999954 58680 0

-965.2 -5.60000000000045 68460 0
-965.2 5.59999999999954 68460 0

-954 -5.60000000000045 68460 0
-954 5.59999999999954 68460 0

-965.2 -5.60000000000045 68460 0
-954 -5.60000000000045 68460 0

-965.2 5.59999999999954 68460 0
-954 5.59999999999954 68460 0

-965.2 -5.60000000000045 58680 0
-965.2 5.59999999999954 58680 0

-965.2 -5.60000000000045 68460 0
-965.2 5.59999999999954 68460 0

-965.2 -5.60000000000045 58680 0
-965.2 -5.60000000000045 68460 0

-965.2 5.59999999999954 58680 0
-965.2 5.59999999999954 68460 0

-954 -5.60000000000045 68460 0
-954 5.59999999999954 68460 0

-954 -5.60000000000045 58680 0
-954 5.59999999999954 58680 0

-954 -5.60000000000045 68460 0
-954 -5.60000000000045 58680 0

-954 5.59999999999954 68460 0
-954 5.59999999999954 58680 0

-954 -5.60000000000045 58680 0
-965.2 -5.60000000000045 58680 0

-954 -5.60000000000045 68460 0
-965.2 -5.60000000000045 68460 0

-954 -5.60000000000045 58680 0
-954 -5.60000000000045 68460 0

-965.2 -5.60000000000045 58680 0
-965.2 -5.60000000000045 68460 0

-954 5.59999999999954 68460 0
-965.2 5.59999999999954 68460 0

-954 5.59999999999954 58680 0
-965.2 5.59999999999954 58680 0

-954 5.59999999999954 68460 0
-954 5.59999999999954 58680 0

-965.2 5.59999999999954 68460 0
-965.2 5.59999999999954 58680 0

-954 -5.60000000000045 68460 0
-954 -4.54747350886464e-13 68460 0

-954 -4.54747350886464e-13 68460 0
-954 2.79999999999955 68460 0
-954 5.59999999999954 68460 0

-954 5.59999999999954 68460 0

-965.2 -5.60000000000045 68460 0
-965.2 5.59999999999954 68460 0

-954 -5.60000000000045 68460 0
-965.2 -5.60000000000045 68460 0

-954 5.59999999999954 68460 0
-965.2 5.59999999999954 68460 0

-965.2 -5.60000000000045 78240 0
-965.2 5.59999999999954 78240 0

-954 -5.60000000000045 78240 0
-954 5.59999999999954 78240 0

-965.2 -5.60000000000045 78240 0
-954 -5.60000000000045 78240 0

-965.2 5.59999999999954 78240 0
-954 5.59999999999954 78240 0

-965.2 -5.60000000000045 68460 0
-965.2 5.59999999999954 68460 0

-965.2 -5.60000000000045 78240 0
-965.2 5.59999999999954 78240 0

-965.2 -5.60000000000045 68460 0
-965.2 -5.60000000000045 78240 0

-965.2 5.59999999999954 68460 0
-965.2 5.59999999999954 78240 0

-954 -5.60000000000045 78240 0
-954 5.59999999999954 78240 0

-954 -5.60000000000045 68460 0
-954 5.59999999999954 68460 0

-954 -5.60000000000045 78240 0
-954 -5.60000000000045 68460 0

-954 5.59999999999954 78240 0
-954 5.59999999999954 68460 0

-954 -5.60000000000045 68460 0
-965.2 -5.60000000000045 68460 0

-954 -5.60000000000045 78240 0
-965.2 -5.60000000000045 78240 0

-954 -5.60000000000045 68460 0
-954 -5.60000000000045 78240 0

-965.2 -5.60000000000045 68460 0
-965.2 -5.60000000000045 78240 0

-954 5.59999999999954 78240 0
-965.2 5.59999999999954 78240 0

-954 5.59999999999954 68460 0
-965.2 5.59999999999954 68460 0

-954 5.59999999999954 78240 0
-954 5.59999999999954 68460 0

-965.2 5.59999999999954 78240 0
-965.2 5.59999999999954 68460 0

-954 -5.60000000000045 78240 0
-954 -4.54747350886464e-13 78240 0

-954 -4.54747350886464e-13 78240 0
-954 2.79999999999955 78240 0
-954 5.59999999999954 78240 0

-954 5.59999999999954 78240 0

-965.2 -5.60000000000045 78240 0
-965.2 5.59999999999954 78240 0

-954 -5.60000000000045 78240 0
-965.2 -5.60000000000045 78240 0

-954 5.59999999999954 78240 0
-965.2 5.59999999999954 78240 0

-965.2 -5.60000000000045 88020 0
-965.2 5.59999999999954 88020 0

-954 -5.60000000000045 88020 0
-954 5.59999999999954 88020 0

-965.2 -5.60000000000045 88020 0
-954 -5.60000000000045 88020 0

-965.2 5.59999999999954 88020 0
-954 5.59999999999954 88020 0

-965.2 -5.60000000000045 78240 0
-965.2 5.59999999999954 78240 0

-965.2 -5.60000000000045 88020 0
-965.2 5.59999999999954 88020 0

-965.2 -5.60000000000045 78240 0
-965.2 -5.60000000000045 88020 0

-965.2 5.59999999999954 78240 0
-965.2 5.59999999999954 88020 0

-954 -5.60000000000045 88020 0
-954 5.59999999999954 88020 0

-954 -5.60000000000045 78240 0
-954 5.59999999999954 78240 0

-954 -5.60000000000045 88020 0
-954 -5.60000000000045 78240 0

-954 5.59999999999954 88020 0
-954 5.59999999999954 78240 0

-954 -5.60000000000045 78240 0
-965.2 -5.60000000000045 78240 0

-954 -5.60000000000045 88020 0
-965.2 -5.60000000000045 88020 0

-954 -5.60000000000045 78240 0
-954 -5.60000000000045 88020 0

-965.2 -5.60000000000045 78240 0
-965.2 -5.60000000000045 88020 0

-954 5.59999999999954 88020 0
-965.2 5.59999999999954 88020 0

-954 5.59999999999954 78240 0
-965.2 5.59999999999954 78240 0

-954 5.59999999999954 88020 0
-954 5.59999999999954 78240 0

-965.2 5.59999999999954 88020 0
-965.2 5.59999999999954 78240 0

-954 -5.60000000000045 88020 0
-954 -4.54747350886464e-13 88020 0

-954 -4.54747350886464e-13 88020 0
-954 2.79999999999955 88020 0
-954 5.59999999999954 88020 0

-954 5.59999999999954 88020 0

-965.2 -5.60000000000045 88020 0
-965.2 5.59999999999954 88020 0

-954 -5.60000000000045 88020 0
-965.2 -5.60000000000045 88020 0

-954 5.59999999999954 88020 0
-965.2 5.59999999999954 88020 0

-965.2 -5.60000000000045 97800 0
-965.2 5.59999999999954 97800 0

-954 -5.60000000000045 97800 0
-954 5.59999999999954 97800 0

-965.2 -5.60000000000045 97800 0
-954 -5.60000000000045 97800 0

-965.2 5.59999999999954 97800 0
-954 5.59999999999954 97800 0

-965.2 -5.60000000000045 88020 0
-965.2 5.59999999999954 88020 0

-965.2 -5.60000000000045 97800 0
-965.2 5.59999999999954 97800 0

-965.2 -5.60000000000045 88020 0
-965.2 -5.60000000000045 97800 0

-965.2 5.59999999999954 88020 0
-965.2 5.59999999999954 97800 0

-954 -5.60000000000045 97800 0
-954 5.59999999999954 97800 0

-954 -5.60000000000045 88020 0
-954 5.59999999999954 88020 0

-954 -5.60000000000045 97800 0
-954 -5.60000000000045 88020 0

-954 5.59999999999954 97800 0
-954 5.59999999999954 88020 0

-954 -5.60000000000045 88020 0
-965.2 -5.60000000000045 88020 0

-954 -5.60000000000045 97800 0
-965.2 -5.60000000000045 97800 0

-954 -5.60000000000045 88020 0
-954 -5.60000000000045 97800 0

-965.2 -5.60000000000045 88020 0
-965.2 -5.60000000000045 97800 0

-954 5.59999999999954 97800 0
-965.2 5.59999999999954 97800 0

-954 5.59999999999954 88020 0
-965.2 5.59999999999954 88020 0

-954 5.59999999999954 97800 0
-954 5.59999999999954 88020 0

-965.2 5.59999999999954 97800 0
-965.2 5.59999999999954 88020 0

-954 -5.60000000000045 97800 0
-954 -4.54747350886464e-13 97800 0

-954 -4.54747350886464e-13 97800 0
-954 2.79999999999955 97800 0
-954 5.59999999999954 97800 0

-954 5.59999999999954 97800 0

-965.2 -5.60000000000045 97800 0
-965.2 5.59999999999954 97800 0

-954 -5.60000000000045 97800 0
-965.2 -5.60000000000045 97800 0

-954 5.59999999999954 97800 0
-965.2 5.59999999999954 97800 0

-965.2 -5.60000000000045 107580 0
-965.2 5.59999999999954 107580 0

-954 -5.60000000000045 107580 0
-954 5.59999999999954 107580 0

-965.2 -5.60000000000045 107580 0
-954 -5.60000000000045 107580 0

-965.2 5.59999999999954 107580 0
-954 5.59999999999954 107580 0

-965.2 -5.60000000000045 97800 0
-965.2 5.59999999999954 97800 0

-965.2 -5.60000000000045 107580 0
-965.2 5.59999999999954 107580 0

-965.2 -5.60000000000045 97800 0
-965.2 -5.60000000000045 107580 0

-965.2 5.59999999999954 97800 0
-965.2 5.59999999999954 107580 0

-954 -5.60000000000045 107580 0
-954 5.59999999999954 107580 0

-954 -5.60000000000045 97800 0
-954 5.59999999999954 97800 0

-954 -5.60000000000045 107580 0
-954 -5.60000000000045 97800 0

-954 5.59999999999954 107580 0
-954 5.59999999999954 97800 0

-954 -5.60000000000045 97800 0
-965.2 -5.60000000000045 97800 0

-954 -5.60000000000045 107580 0
-965.2 -5.60000000000045 107580 0

-954 -5.60000000000045 97800 0
-954 -5.60000000000045 107580 0

-965.2 -5.60000000000045 97800 0
-965.2 -5.60000000000045 107580 0

-954 5.59999999999954 107580 0
-965.2 5.59999999999954 107580 0

-954 5.59999999999954 97800 0
-965.2 5.59999999999954 97800 0

-954 5.59999999999954 107580 0
-954 5.59999999999954 97800 0

-965.2 5.59999999999954 107580 0
-965.2 5.59999999999954 97800 0

-954 -5.60000000000045 107580 0
-954 -4.54747350886464e-13 107580 0

-954 -4.54747350886464e-13 107580 0
-954 2.79999999999955 107580 0
-954 5.59999999999954 107580 0

-954 5.59999999999954 107580 0

-965.2 -5.60000000000045 107580 0
-965.2 5.59999999999954 107580 0

-954 -5.60000000000045 107580 0
-965.2 -5.60000000000045 107580 0

-954 5.59999999999954 107580 0
-965.2 5.59999999999954 107580 0

-965.2 -5.60000000000045 117360 0
-965.2 5.59999999999954 117360 0

-954 -5.60000000000045 117360 0
-954 5.59999999999954 117360 0

-965.2 -5.60000000000045 117360 0
-954 -5.60000000000045 117360 0

-965.2 5.59999999999954 117360 0
-954 5.59999999999954 117360 0

-965.2 -5.60000000000045 107580 0
-965.2 5.59999999999954 107580 0

-965.2 -5.60000000000045 117360 0
-965.2 5.59999999999954 117360 0

-965.2 -5.60000000000045 107580 0
-965.2 -5.60000000000045 117360 0

-965.2 5.59999999999954 107580 0
-965.2 5.59999999999954 117360 0

-954 -5.60000000000045 117360 0
-954 5.59999999999954 117360 0

-954 -5.60000000000045 107580 0
-954 5.59999999999954 107580 0

-954 -5.60000000000045 117360 0
-954 -5.60000000000045 107580 0

-954 5.59999999999954 117360 0
-954 5.59999999999954 107580 0

-954 -5.60000000000045 107580 0
-965.2 -5.60000000000045 107580 0

-954 -5.60000000000045 117360 0
-965.2 -5.60000000000045 117360 0

-954 -5.60000000000045 107580 0
-954 -5.60000000000045 117360 0

-965.2 -5.60000000000045 107580 0
-965.2 -5.60000000000045 117360 0

-954 5.59999999999954 117360 0
-965.2 5.59999999999954 117360 0

-954 5.59999999999954 107580 0
-965.2 5.59999999999954 107580 0

-954 5.59999999999954 117360 0
-954 5.59999999999954 107580 0

-965.2 5.59999999999954 117360 0
-965.2 5.59999999999954 107580 0

-954 -5.60000000000045 117360 0
-954 -4.54747350886464e-13 117360 0

-954 -4.54747350886464e-13 117360 0
-954 2.79999999999955 117360 0
-954 5.59999999999954 117360 0

-954 5.59999999999954 117360 0

-965.2 -5.60000000000045 117360 0
-965.2 5.59999999999954 117360 0

-954 -5.60000000000045 117360 0
-965.2 -5.60000000000045 117360 0

-954 5.59999999999954 117360 0
-965.2 5.59999999999954 117360 0

-965.2 -5.60000000000045 127140 0
-965.2 5.59999999999954 127140 0

-954 -5.60000000000045 127140 0
-954 5.59999999999954 127140 0

-965.2 -5.60000000000045 127140 0
-954 -5.60000000000045 127140 0

-965.2 5.59999999999954 127140 0
-954 5.59999999999954 127140 0

-965.2 -5.60000000000045 117360 0
-965.2 5.59999999999954 117360 0

-965.2 -5.60000000000045 127140 0
-965.2 5.59999999999954 127140 0

-965.2 -5.60000000000045 117360 0
-965.2 -5.60000000000045 127140 0

-965.2 5.59999999999954 117360 0
-965.2 5.59999999999954 127140 0

-954 -5.60000000000045 127140 0
-954 5.59999999999954 127140 0

-954 -5.60000000000045 117360 0
-954 5.59999999999954 117360 0

-954 -5.60000000000045 127140 0
-954 -5.60000000000045 117360 0

-954 5.59999999999954 127140 0
-954 5.59999999999954 117360 0

-954 -5.60000000000045 117360 0
-965.2 -5.60000000000045 117360 0

-954 -5.60000000000045 127140 0
-965.2 -5.60000000000045 127140 0

-954 -5.60000000000045 117360 0
-954 -5.60000000000045 127140 0

-965.2 -5.60000000000045 117360 0
-965.2 -5.60000000000045 127140 0

-954 5.59999999999954 127140 0
-965.2 5.59999999999954 127140 0

-954 5.59999999999954 117360 0
-965.2 5.59999999999954 117360 0

-954 5.59999999999954 127140 0
-954 5.59999999999954 117360 0

-965.2 5.59999999999954 127140 0
-965.2 5.59999999999954 117360 0

-954 -5.60000000000045 127140 0
-954 -4.54747350886464e-13 127140 0

-954 -4.54747350886464e-13 127140 0
-954 2.79999999999955 127140 0
-954 5.59999999999954 127140 0

-954 5.59999999999954 127140 0

-965.2 -5.60000000000045 127140 0
-965.2 5.59999999999954 127140 0

-954 -5.60000000000045 127140 0
-965.2 -5.60000000000045 127140 0

-954 5.59999999999954 127140 0
-965.2 5.59999999999954 127140 0

-965.2 -5.60000000000045 136920 0
-965.2 5.59999999999954 136920 0

-954 -5.60000000000045 136920 0
-954 5.59999999999954 136920 0

-965.2 -5.60000000000045 136920 0
-954 -5.60000000000045 136920 0

-965.2 5.59999999999954 136920 0
-954 5.59999999999954 136920 0

-965.2 -5.60000000000045 127140 0
-965.2 5.59999999999954 127140 0

-965.2 -5.60000000000045 136920 0
-965.2 5.59999999999954 136920 0

-965.2 -5.60000000000045 127140 0
-965.2 -5.60000000000045 136920 0

-965.2 5.59999999999954 127140 0
-965.2 5.59999999999954 136920 0

-954 -5.60000000000045 136920 0
-954 5.59999999999954 136920 0

-954 -5.60000000000045 127140 0
-954 5.59999999999954 127140 0

-954 -5.60000000000045 136920 0
-954 -5.60000000000045 127140 0

-954 5.59999999999954 136920 0
-954 5.59999999999954 127140 0

-954 -5.60000000000045 127140 0
-965.2 -5.60000000000045 127140 0

-954 -5.60000000000045 136920 0
-965.2 -5.60000000000045 136920 0

-954 -5.60000000000045 127140 0
-954 -5.60000000000045 136920 0

-965.2 -5.60000000000045 127140 0
-965.2 -5.60000000000045 136920 0

-954 5.59999999999954 136920 0
-965.2 5.59999999999954 136920 0

-954 5.59999999999954 127140 0
-965.2 5.59999999999954 127140 0

-954 5.59999999999954 136920 0
-954 5.59999999999954 127140 0

-965.2 5.59999999999954 136920 0
-965.2 5.59999999999954 127140 0

-954 -5.60000000000045 136920 0
-954 -4.54747350886464e-13 136920 0

-954 -4.54747350886464e-13 136920 0
-954 2.79999999999955 136920 0
-954 5.59999999999954 136920 0

-954 5.59999999999954 136920 0

-965.2 -5.60000000000045 136920 0
-965.2 5.59999999999954 136920 0

-954 -5.60000000000045 136920 0
-965.2 -5.60000000000045 136920 0

-954 5.59999999999954 136920 0
-965.2 5.59999999999954 136920 0

-965.2 -5.60000000000045 146700 0
-965.2 5.59999999999954 146700 0

-954 -5.60000000000045 146700 0
-954 5.59999999999954 146700 0

-965.2 -5.60000000000045 146700 0
-954 -5.60000000000045 146700 0

-965.2 5.59999999999954 146700 0
-954 5.59999999999954 146700 0

-965.2 -5.60000000000045 136920 0
-965.2 5.59999999999954 136920 0

-965.2 -5.60000000000045 146700 0
-965.2 5.59999999999954 146700 0

-965.2 -5.60000000000045 136920 0
-965.2 -5.60000000000045 146700 0

-965.2 5.59999999999954 136920 0
-965.2 5.59999999999954 146700 0

-954 -5.60000000000045 146700 0
-954 5.59999999999954 146700 0

-954 -5.60000000000045 136920 0
-954 5.59999999999954 136920 0

-954 -5.60000000000045 146700 0
-954 -5.60000000000045 136920 0

-954 5.59999999999954 146700 0
-954 5.59999999999954 136920 0

-954 -5.60000000000045 136920 0
-965.2 -5.60000000000045 136920 0

-954 -5.60000000000045 146700 0
-965.2 -5.60000000000045 146700 0

-954 -5.60000000000045 136920 0
-954 -5.60000000000045 146700 0

-965.2 -5.60000000000045 136920 0
-965.2 -5.60000000000045 146700 0

-954 5.59999999999954 146700 0
-965.2 5.59999999999954 146700 0

-954 5.59999999999954 136920 0
-965.2 5.59999999999954 136920 0

-954 5.59999999999954 146700 0
-954 5.59999999999954 136920 0

-965.2 5.59999999999954 146700 0
-965.2 5.59999999999954 136920 0

-954 -5.60000000000045 146700 0
-954 -4.54747350886464e-13 146700 0

-954 -4.54747350886464e-13 146700 0
-954 2.79999999999955 146700 0
-954 5.59999999999954 146700 0

-954 5.59999999999954 146700 0

-965.2 -5.60000000000045 146700 0
-965.2 5.59999999999954 146700 0

-954 -5.60000000000045 146700 0
-965.2 -5.60000000000045 146700 0

-954 5.59999999999954 146700 0
-965.2 5.59999999999954 146700 0

-965.2 -5.60000000000045 156480 0
-965.2 5.59999999999954 156480 0

-954 -5.60000000000045 156480 0
-954 5.59999999999954 156480 0

-965.2 -5.60000000000045 156480 0
-954 -5.60000000000045 156480 0

-965.2 5.59999999999954 156480 0
-954 5.59999999999954 156480 0

-965.2 -5.60000000000045 146700 0
-965.2 5.59999999999954 146700 0

-965.2 -5.60000000000045 156480 0
-965.2 5.59999999999954 156480 0

-965.2 -5.60000000000045 146700 0
-965.2 -5.60000000000045 156480 0

-965.2 5.59999999999954 146700 0
-965.2 5.59999999999954 156480 0

-954 -5.60000000000045 156480 0
-954 5.59999999999954 156480 0

-954 -5.60000000000045 146700 0
-954 5.59999999999954 146700 0

-954 -5.60000000000045 156480 0
-954 -5.60000000000045 146700 0

-954 5.59999999999954 156480 0
-954 5.59999999999954 146700 0

-954 -5.60000000000045 146700 0
-965.2 -5.60000000000045 146700 0

-954 -5.60000000000045 156480 0
-965.2 -5.60000000000045 156480 0

-954 -5.60000000000045 146700 0
-954 -5.60000000000045 156480 0

-965.2 -5.60000000000045 146700 0
-965.2 -5.60000000000045 156480 0

-954 5.59999999999954 156480 0
-965.2 5.59999999999954 156480 0

-954 5.59999999999954 146700 0
-965.2 5.59999999999954 146700 0

-954 5.59999999999954 156480 0
-954 5.59999999999954 146700 0

-965.2 5.59999999999954 156480 0
-965.2 5.59999999999954 146700 0

-954 -5.60000000000045 156480 0
-954 -4.54747350886464e-13 156480 0

-954 -4.54747350886464e-13 156480 0
-954 2.79999999999955 156480 0
-954 5.59999999999954 156480 0

-954 5.59999999999954 156480 0

-965.2 -5.60000000000045 156480 0
-965.2 5.59999999999954 156480 0

-954 -5.60000000000045 156480 0
-965.2 -5.60000000000045 156480 0

-954 5.59999999999954 156480 0
-965.2 5.59999999999954 156480 0

-965.2 -5.60000000000045 166260 0
-965.2 5.59999999999954 166260 0

-954 -5.60000000000045 166260 0
-954 5.59999999999954 166260 0

-965.2 -5.60000000000045 166260 0
-954 -5.60000000000045 166260 0

-965.2 5.59999999999954 166260 0
-954 5.59999999999954 166260 0

-965.2 -5.60000000000045 156480 0
-965.2 5.59999999999954 156480 0

-965.2 -5.60000000000045 166260 0
-965.2 5.59999999999954 166260 0

-965.2 -5.60000000000045 156480 0
-965.2 -5.60000000000045 166260 0

-965.2 5.59999999999954 156480 0
-965.2 5.59999999999954 166260 0

-954 -5.60000000000045 166260 0
-954 5.59999999999954 166260 0

-954 -5.60000000000045 156480 0
-954 5.59999999999954 156480 0

-954 -5.60000000000045 166260 0
-954 -5.60000000000045 156480 0

-954 5.59999999999954 166260 0
-954 5.59999999999954 156480 0

-954 -5.60000000000045 156480 0
-965.2 -5.60000000000045 156480 0

-954 -5.60000000000045 166260 0
-965.2 -5.60000000000045 166260 0

-954 -5.60000000000045 156480 0
-954 -5.60000000000045 166260 0

-965.2 -5.60000000000045 156480 0
-965.2 -5.60000000000045 166260 0

-954 5.59999999999954 166260 0
-965.2 5.59999999999954 166260 0

-954 5.59999999999954 156480 0
-965.2 5.59999999999954 156480 0

-954 5.59999999999954 166260 0
-954 5.59999999999954 156480 0

-965.2 5.59999999999954 166260 0
-965.2 5.59999999999954 156480 0

-954 -5.60000000000045 166260 0
-954 -4.54747350886464e-13 166260 0

-954 -4.54747350886464e-13 166260 0
-954 2.79999999999955 166260 0
-954 5.59999999999954 166260 0

-954 5.59999999999954 166260 0

-965.2 -5.60000000000045 166260 0
-965.2 5.59999999999954 166260 0

-954 -5.60000000000045 166260 0
-965.2 -5.60000000000045 166260 0

-954 5.59999999999954 166260 0
-965.2 5.59999999999954 166260 0

-965.2 -5.60000000000045 176040 0
-965.2 5.59999999999954 176040 0

-954 -5.60000000000045 176040 0
-954 5.59999999999954 176040 0

-965.2 -5.60000000000045 176040 0
-954 -5.60000000000045 176040 0

-965.2 5.59999999999954 176040 0
-954 5.59999999999954 176040 0

-965.2 -5.60000000000045 166260 0
-965.2 5.59999999999954 166260 0

-965.2 -5.60000000000045 176040 0
-965.2 5.59999999999954 176040 0

-965.2 -5.60000000000045 166260 0
-965.2 -5.60000000000045 176040 0

-965.2 5.59999999999954 166260 0
-965.2 5.59999999999954 176040 0

-954 -5.60000000000045 176040 0
-954 5.59999999999954 176040 0

-954 -5.60000000000045 166260 0
-954 5.59999999999954 166260 0

-954 -5.60000000000045 176040 0
-954 -5.60000000000045 166260 0

-954 5.59999999999954 176040 0
-954 5.59999999999954 166260 0

-954 -5.60000000000045 166260 0
-965.2 -5.60000000000045 166260 0

-954 -5.60000000000045 176040 0
-965.2 -5.60000000000045 176040 0

-954 -5.60000000000045 166260 0
-954 -5.60000000000045 176040 0

-965.2 -5.60000000000045 166260 0
-965.2 -5.60000000000045 176040 0

-954 5.59999999999954 176040 0
-965.2 5.59999999999954 176040 0

-954 5.59999999999954 166260 0
-965.2 5.59999999999954 166260 0

-954 5.59999999999954 176040 0
-954 5.59999999999954 166260 0

-965.2 5.59999999999954 176040 0
-965.2 5.59999999999954 166260 0

-954 -5.60000000000045 176040 0
-954 -4.54747350886464e-13 176040 0

-954 -4.54747350886464e-13 176040 0
-954 2.79999999999955 176040 0
-954 5.59999999999954 176040 0

-954 5.59999999999954 176040 0

-965.2 -5.60000000000045 176040 0
-965.2 5.59999999999954 176040 0

-954 -5.60000000000045 176040 0
-965.2 -5.60000000000045 176040 0

-954 5.59999999999954 176040 0
-965.2 5.59999999999954 176040 0

-965.2 -5.60000000000045 185820 0
-965.2 5.59999999999954 185820 0

-954 -5.60000000000045 185820 0
-954 5.59999999999954 185820 0

-965.2 -5.60000000000045 185820 0
-954 -5.60000000000045 185820 0

-965.2 5.59999999999954 185820 0
-954 5.59999999999954 185820 0

-965.2 -5.60000000000045 176040 0
-965.2 5.59999999999954 176040 0

-965.2 -5.60000000000045 185820 0
-965.2 5.59999999999954 185820 0

-965.2 -5.60000000000045 176040 0
-965.2 -5.60000000000045 185820 0

-965.2 5.59999999999954 176040 0
-965.2 5.59999999999954 185820 0

-954 -5.60000000000045 185820 0
-954 5.59999999999954 185820 0

-954 -5.60000000000045 176040 0
-954 5.59999999999954 176040 0

-954 -5.60000000000045 185820 0
-954 -5.60000000000045 176040 0

-954 5.59999999999954 185820 0
-954 5.59999999999954 176040 0

-954 -5.60000000000045 176040 0
-965.2 -5.60000000000045 176040 0

-954 -5.60000000000045 185820 0
-965.2 -5.60000000000045 185820 0

-954 -5.60000000000045 176040 0
-954 -5.60000000000045 185820 0

-965.2 -5.60000000000045 176040 0
-965.2 -5.60000000000045 185820 0

-954 5.59999999999954 185820 0
-965.2 5.59999999999954 185820 0

-954 5.59999999999954 176040 0
-965.2 5.59999999999954 176040 0

-954 5.59999999999954 185820 0
-954 5.59999999999954 176040 0

-965.2 5.59999999999954 185820 0
-965.2 5.59999999999954 176040 0

-954 -5.60000000000045 185820 0
-954 -4.54747350886464e-13 185820 0

-954 -4.54747350886464e-13 185820 0
-954 2.79999999999955 185820 0
-954 5.59999999999954 185820 0

-954 5.59999999999954 185820 0

-965.2 -5.60000000000045 185820 0
-965.2 5.59999999999954 185820 0

-954 -5.60000000000045 185820 0
-965.2 -5.60000000000045 185820 0

-954 5.59999999999954 185820 0
-965.2 5.59999999999954 185820 0

-965.2 -5.60000000000045 195600 0
-965.2 5.59999999999954 195600 0

-954 -5.60000000000045 195600 0
-954 5.59999999999954 195600 0

-965.2 -5.60000000000045 195600 0
-954 -5.60000000000045 195600 0

-965.2 5.59999999999954 195600 0
-954 5.59999999999954 195600 0

-965.2 -5.60000000000045 185820 0
-965.2 5.59999999999954 185820 0

-965.2 -5.60000000000045 195600 0
-965.2 5.59999999999954 195600 0

-965.2 -5.60000000000045 185820 0
-965.2 -5.60000000000045 195600 0

-965.2 5.59999999999954 185820 0
-965.2 5.59999999999954 195600 0

-954 -5.60000000000045 195600 0
-954 5.59999999999954 195600 0

-954 -5.60000000000045 185820 0
-954 5.59999999999954 185820 0

-954 -5.60000000000045 195600 0
-954 -5.60000000000045 185820 0

-954 5.59999999999954 195600 0
-954 5.59999999999954 185820 0

-954 -5.60000000000045 185820 0
-965.2 -5.60000000000045 185820 0

-954 -5.60000000000045 195600 0
-965.2 -5.60000000000045 195600 0

-954 -5.60000000000045 185820 0
-954 -5.60000000000045 195600 0

-965.2 -5.60000000000045 185820 0
-965.2 -5.60000000000045 195600 0

-954 5.59999999999954 195600 0
-965.2 5.59999999999954 195600 0

-954 5.59999999999954 185820 0
-965.2 5.59999999999954 185820 0

-954 5.59999999999954 195600 0
-954 5.59999999999954 185820 0

-965.2 5.59999999999954 195600 0
-965.2 5.59999999999954 185820 0

-954 -5.60000000000045 195600 0
-954 -4.54747350886464e-13 195600 0

-954 -4.54747350886464e-13 195600 0
-954 2.79999999999955 195600 0
-954 5.59999999999954 195600 0

-954 5.59999999999954 195600 0

-965.2 -5.60000000000045 195600 0
-965.2 5.59999999999954 195600 0

-954 -5.60000000000045 195600 0
-965.2 -5.60000000000045 195600 0

-954 5.59999999999954 195600 0
-965.2 5.59999999999954 195600 0

-965.2 -5.60000000000045 205380 0
-965.2 5.59999999999954 205380 0

-954 -5.60000000000045 205380 0
-954 5.59999999999954 205380 0

-965.2 -5.60000000000045 205380 0
-954 -5.60000000000045 205380 0

-965.2 5.59999999999954 205380 0
-954 5.59999999999954 205380 0

-965.2 -5.60000000000045 195600 0
-965.2 5.59999999999954 195600 0

-965.2 -5.60000000000045 205380 0
-965.2 5.59999999999954 205380 0

-965.2 -5.60000000000045 195600 0
-965.2 -5.60000000000045 205380 0

-965.2 5.59999999999954 195600 0
-965.2 5.59999999999954 205380 0

-954 -5.60000000000045 205380 0
-954 5.59999999999954 205380 0

-954 -5.60000000000045 195600 0
-954 5.59999999999954 195600 0

-954 -5.60000000000045 205380 0
-954 -5.60000000000045 195600 0

-954 5.59999999999954 205380 0
-954 5.59999999999954 195600 0

-954 -5.60000000000045 195600 0
-965.2 -5.60000000000045 195600 0

-954 -5.60000000000045 205380 0
-965.2 -5.60000000000045 205380 0

-954 -5.60000000000045 195600 0
-954 -5.60000000000045 205380 0

-965.2 -5.60000000000045 195600 0
-965.2 -5.60000000000045 205380 0

-954 5.59999999999954 205380 0
-965.2 5.59999999999954 205380 0

-954 5.59999999999954 195600 0
-965.2 5.59999999999954 195600 0

-954 5.59999999999954 205380 0
-954 5.59999999999954 195600 0

-965.2 5.59999999999954 205380 0
-965.2 5.59999999999954 195600 0

-954 -5.60000000000045 205380 0
-954 -4.54747350886464e-13 205380 0

-954 -4.54747350886464e-13 205380 0
-954 2.79999999999955 205380 0
-954 5.59999999999954 205380 0

-954 5.59999999999954 205380 0

-965.2 -5.60000000000045 205380 0
-965.2 5.59999999999954 205380 0

-954 -5.60000000000045 205380 0
-965.2 -5.60000000000045 205380 0

-954 5.59999999999954 205380 0
-965.2 5.59999999999954 205380 0

-965.2 -5.60000000000045 215160 0
-965.2 5.59999999999954 215160 0

-954 -5.60000000000045 215160 0
-954 5.59999999999954 215160 0

-965.2 -5.60000000000045 215160 0
-954 -5.60000000000045 215160 0

-965.2 5.59999999999954 215160 0
-954 5.59999999999954 215160 0

-965.2 -5.60000000000045 205380 0
-965.2 5.59999999999954 205380 0

-965.2 -5.60000000000045 215160 0
-965.2 5.59999999999954 215160 0

-965.2 -5.60000000000045 205380 0
-965.2 -5.60000000000045 215160 0

-965.2 5.59999999999954 205380 0
-965.2 5.59999999999954 215160 0

-954 -5.60000000000045 215160 0
-954 5.59999999999954 215160 0

-954 -5.60000000000045 205380 0
-954 5.59999999999954 205380 0

-954 -5.60000000000045 215160 0
-954 -5.60000000000045 205380 0

-954 5.59999999999954 215160 0
-954 5.59999999999954 205380 0

-954 -5.60000000000045 205380 0
-965.2 -5.60000000000045 205380 0

-954 -5.60000000000045 215160 0
-965.2 -5.60000000000045 215160 0

-954 -5.60000000000045 205380 0
-954 -5.60000000000045 215160 0

-965.2 -5.60000000000045 205380 0
-965.2 -5.60000000000045 215160 0

-954 5.59999999999954 215160 0
-965.2 5.59999999999954 215160 0

-954 5.59999999999954 205380 0
-965.2 5.59999999999954 205380 0

-954 5.59999999999954 215160 0
-954 5.59999999999954 205380 0

-965.2 5.59999999999954 215160 0
-965.2 5.59999999999954 205380 0

-954 -5.60000000000045 215160 0
-954 -4.54747350886464e-13 215160 0

-954 -4.54747350886464e-13 215160 0
-954 2.79999999999955 215160 0
-954 5.59999999999954 215160 0

-954 5.59999999999954 215160 0

-965.2 -5.60000000000045 215160 0
-965.2 5.59999999999954 215160 0

-954 -5.60000000000045 215160 0
-965.2 -5.60000000000045 215160 0

-954 5.59999999999954 215160 0
-965.2 5.59999999999954 215160 0

-965.2 -5.60000000000045 224940 0
-965.2 5.59999999999954 224940 0

-954 -5.60000000000045 224940 0
-954 5.59999999999954 224940 0

-965.2 -5.60000000000045 224940 0
-954 -5.60000000000045 224940 0

-965.2 5.59999999999954 224940 0
-954 5.59999999999954 224940 0

-965.2 -5.60000000000045 215160 0
-965.2 5.59999999999954 215160 0

-965.2 -5.60000000000045 224940 0
-965.2 5.59999999999954 224940 0

-965.2 -5.60000000000045 215160 0
-965.2 -5.60000000000045 224940 0

-965.2 5.59999999999954 215160 0
-965.2 5.59999999999954 224940 0

-954 -5.60000000000045 224940 0
-954 5.59999999999954 224940 0

-954 -5.60000000000045 215160 0
-954 5.59999999999954 215160 0

-954 -5.60000000000045 224940 0
-954 -5.60000000000045 215160 0

-954 5.59999999999954 224940 0
-954 5.59999999999954 215160 0

-954 -5.60000000000045 215160 0
-965.2 -5.60000000000045 215160 0

-954 -5.60000000000045 224940 0
-965.2 -5.60000000000045 224940 0

-954 -5.60000000000045 215160 0
-954 -5.60000000000045 224940 0

-965.2 -5.60000000000045 215160 0
-965.2 -5.60000000000045 224940 0

-954 5.59999999999954 224940 0
-965.2 5.59999999999954 224940 0

-954 5.59999999999954 215160 0
-965.2 5.59999999999954 215160 0

-954 5.59999999999954 224940 0
-954 5.59999999999954 215160 0

-965.2 5.59999999999954 224940 0
-965.2 5.59999999999954 215160 0

-954 -5.60000000000045 224940 0
-954 -4.54747350886464e-13 224940 0

-954 -4.54747350886464e-13 224940 0
-954 2.79999999999955 224940 0
-954 5.59999999999954 224940 0

-954 5.59999999999954 224940 0

-965.2 -5.60000000000045 224940 0
-965.2 5.59999999999954 224940 0

-954 -5.60000000000045 224940 0
-965.2 -5.60000000000045 224940 0

-954 5.59999999999954 224940 0
-965.2 5.59999999999954 224940 0

-965.2 -5.60000000000045 234720 0
-965.2 5.59999999999954 234720 0

-954 -5.60000000000045 234720 0
-954 5.59999999999954 234720 0

-965.2 -5.60000000000045 234720 0
-954 -5.60000000000045 234720 0

-965.2 5.59999999999954 234720 0
-954 5.59999999999954 234720 0

-965.2 -5.60000000000045 224940 0
-965.2 5.59999999999954 224940 0

-965.2 -5.60000000000045 234720 0
-965.2 5.59999999999954 234720 0

-965.2 -5.60000000000045 224940 0
-965.2 -5.60000000000045 234720 0

-965.2 5.59999999999954 224940 0
-965.2 5.59999999999954 234720 0

-954 -5.60000000000045 234720 0
-954 5.59999999999954 234720 0

-954 -5.60000000000045 224940 0
-954 5.59999999999954 224940 0

-954 -5.60000000000045 234720 0
-954 -5.60000000000045 224940 0

-954 5.59999999999954 234720 0
-954 5.59999999999954 224940 0

-954 -5.60000000000045 224940 0
-965.2 -5.60000000000045 224940 0

-954 -5.60000000000045 234720 0
-965.2 -5.60000000000045 234720 0

-954 -5.60000000000045 224940 0
-954 -5.60000000000045 234720 0

-965.2 -5.60000000000045 224940 0
-965.2 -5.60000000000045 234720 0

-954 5.59999999999954 234720 0
-965.2 5.59999999999954 234720 0

-954 5.59999999999954 224940 0
-965.2 5.59999999999954 224940 0

-954 5.59999999999954 234720 0
-954 5.59999999999954 224940 0

-965.2 5.59999999999954 234720 0
-965.2 5.59999999999954 224940 0

-954 -5.60000000000045 234720 0
-954 -4.54747350886464e-13 234720 0

-954 -4.54747350886464e-13 234720 0
-954 2.79999999999955 234720 0
-954 5.59999999999954 234720 0

-954 5.59999999999954 234720 0

-965.2 -5.60000000000045 234720 0
-965.2 5.59999999999954 234720 0

-954 -5.60000000000045 234720 0
-965.2 -5.60000000000045 234720 0

-954 5.59999999999954 234720 0
-965.2 5.59999999999954 234720 0

-965.2 -5.60000000000045 244500 0
-965.2 5.59999999999954 244500 0

-954 -5.60000000000045 244500 0
-954 5.59999999999954 244500 0

-965.2 -5.60000000000045 244500 0
-954 -5.60000000000045 244500 0

-965.2 5.59999999999954 244500 0
-954 5.59999999999954 244500 0

-965.2 -5.60000000000045 234720 0
-965.2 5.59999999999954 234720 0

-965.2 -5.60000000000045 244500 0
-965.2 5.59999999999954 244500 0

-965.2 -5.60000000000045 234720 0
-965.2 -5.60000000000045 244500 0

-965.2 5.59999999999954 234720 0
-965.2 5.59999999999954 244500 0

-954 -5.60000000000045 244500 0
-954 5.59999999999954 244500 0

-954 -5.60000000000045 234720 0
-954 5.59999999999954 234720 0

-954 -5.60000000000045 244500 0
-954 -5.60000000000045 234720 0

-954 5.59999999999954 244500 0
-954 5.59999999999954 234720 0

-954 -5.60000000000045 234720 0
-965.2 -5.60000000000045 234720 0

-954 -5.60000000000045 244500 0
-965.2 -5.60000000000045 244500 0

-954 -5.60000000000045 234720 0
-954 -5.60000000000045 244500 0

-965.2 -5.60000000000045 234720 0
-965.2 -5.60000000000045 244500 0

-954 5.59999999999954 244500 0
-965.2 5.59999999999954 244500 0

-954 5.59999999999954 234720 0
-965.2 5.59999999999954 234720 0

-954 5.59999999999954 244500 0
-954 5.59999999999954 234720 0

-965.2 5.59999999999954 244500 0
-965.2 5.59999999999954 234720 0

-954 -5.60000000000045 244500 0
-954 -4.54747350886464e-13 244500 0

-954 -4.54747350886464e-13 244500 0
-954 2.79999999999955 244500 0
-954 5.59999999999954 244500 0

-954 5.59999999999954 244500 0

-965.2 -5.60000000000045 244500 0
-965.2 5.59999999999954 244500 0

-954 -5.60000000000045 244500 0
-965.2 -5.60000000000045 244500 0

-954 5.59999999999954 244500 0
-965.2 5.59999999999954 244500 0

-965.2 -5.60000000000045 254280 0
-965.2 5.59999999999954 254280 0

-954 -5.60000000000045 254280 0
-954 5.59999999999954 254280 0

-965.2 -5.60000000000045 254280 0
-954 -5.60000000000045 254280 0

-965.2 5.59999999999954 254280 0
-954 5.59999999999954 254280 0

-965.2 -5.60000000000045 244500 0
-965.2 5.59999999999954 244500 0

-965.2 -5.60000000000045 254280 0
-965.2 5.59999999999954 254280 0

-965.2 -5.60000000000045 244500 0
-965.2 -5.60000000000045 254280 0

-965.2 5.59999999999954 244500 0
-965.2 5.59999999999954 254280 0

-954 -5.60000000000045 254280 0
-954 5.59999999999954 254280 0

-954 -5.60000000000045 244500 0
-954 5.59999999999954 244500 0

-954 -5.60000000000045 254280 0
-954 -5.60000000000045 244500 0

-954 5.59999999999954 254280 0
-954 5.59999999999954 244500 0

-954 -5.60000000000045 244500 0
-965.2 -5.60000000000045 244500 0

-954 -5.60000000000045 254280 0
-965.2 -5.60000000000045 254280 0

-954 -5.60000000000045 244500 0
-954 -5.60000000000045 254280 0

-965.2 -5.60000000000045 244500 0
-965.2 -5.60000000000045 254280 0

-954 5.59999999999954 254280 0
-965.2 5.59999999999954 254280 0

-954 5.59999999999954 244500 0
-965.2 5.59999999999954 244500 0

-954 5.59999999999954 254280 0
-954 5.59999999999954 244500 0

-965.2 5.59999999999954 254280 0
-965.2 5.59999999999954 244500 0

-954 -5.60000000000045 254280 0
-954 -4.54747350886464e-13 254280 0

-954 -4.54747350886464e-13 254280 0
-954 2.79999999999955 254280 0
-954 5.59999999999954 254280 0

-954 5.59999999999954 254280 0

-965.2 -5.60000000000045 254280 0
-965.2 5.59999999999954 254280 0

-954 -5.60000000000045 254280 0
-965.2 -5.60000000000045 254280 0

-954 5.59999999999954 254280 0
-965.2 5.59999999999954 254280 0

-965.2 -5.60000000000045 264060 0
-965.2 5.59999999999954 264060 0

-954 -5.60000000000045 264060 0
-954 5.59999999999954 264060 0

-965.2 -5.60000000000045 264060 0
-954 -5.60000000000045 264060 0

-965.2 5.59999999999954 264060 0
-954 5.59999999999954 264060 0

-965.2 -5.60000000000045 254280 0
-965.2 5.59999999999954 254280 0

-965.2 -5.60000000000045 264060 0
-965.2 5.59999999999954 264060 0

-965.2 -5.60000000000045 254280 0
-965.2 -5.60000000000045 264060 0

-965.2 5.59999999999954 254280 0
-965.2 5.59999999999954 264060 0

-954 -5.60000000000045 264060 0
-954 5.59999999999954 264060 0

-954 -5.60000000000045 254280 0
-954 5.59999999999954 254280 0

-954 -5.60000000000045 264060 0
-954 -5.60000000000045 254280 0

-954 5.59999999999954 264060 0
-954 5.59999999999954 254280 0

-954 -5.60000000000045 254280 0
-965.2 -5.60000000000045 254280 0

-954 -5.60000000000045 264060 0
-965.2 -5.60000000000045 264060 0

-954 -5.60000000000045 254280 0
-954 -5.60000000000045 264060 0

-965.2 -5.60000000000045 254280 0
-965.2 -5.60000000000045 264060 0

-954 5.59999999999954 264060 0
-965.2 5.59999999999954 264060 0

-954 5.59999999999954 254280 0
-965.2 5.59999999999954 254280 0

-954 5.59999999999954 264060 0
-954 5.59999999999954 254280 0

-965.2 5.59999999999954 264060 0
-965.2 5.59999999999954 254280 0

-954 -5.60000000000045 264060 0
-954 -4.54747350886464e-13 264060 0

-954 -4.54747350886464e-13 264060 0
-954 2.79999999999955 264060 0
-954 5.59999999999954 264060 0

-954 5.59999999999954 264060 0

-965.2 -5.60000000000045 264060 0
-965.2 5.59999999999954 264060 0

-954 -5.60000000000045 264060 0
-965.2 -5.60000000000045 264060 0

-954 5.59999999999954 264060 0
-965.2 5.59999999999954 264060 0

-965.2 -5.60000000000045 273840 0
-965.2 5.59999999999954 273840 0

-954 -5.60000000000045 273840 0
-954 5.59999999999954 273840 0

-965.2 -5.60000000000045 273840 0
-954 -5.60000000000045 273840 0

-965.2 5.59999999999954 273840 0
-954 5.59999999999954 273840 0

-965.2 -5.60000000000045 264060 0
-965.2 5.59999999999954 264060 0

-965.2 -5.60000000000045 273840 0
-965.2 5.59999999999954 273840 0

-965.2 -5.60000000000045 264060 0
-965.2 -5.60000000000045 273840 0

-965.2 5.59999999999954 264060 0
-965.2 5.59999999999954 273840 0

-954 -5.60000000000045 273840 0
-954 5.59999999999954 273840 0

-954 -5.60000000000045 264060 0
-954 5.59999999999954 264060 0

-954 -5.60000000000045 273840 0
-954 -5.60000000000045 264060 0

-954 5.59999999999954 273840 0
-954 5.59999999999954 264060 0

-954 -5.60000000000045 264060 0
-965.2 -5.60000000000045 264060 0

-954 -5.60000000000045 273840 0
-965.2 -5.60000000000045 273840 0

-954 -5.60000000000045 264060 0
-954 -5.60000000000045 273840 0

-965.2 -5.60000000000045 264060 0
-965.2 -5.60000000000045 273840 0

-954 5.59999999999954 273840 0
-965.2 5.59999999999954 273840 0

-954 5.59999999999954 264060 0
-965.2 5.59999999999954 264060 0

-954 5.59999999999954 273840 0
-954 5.59999999999954 264060 0

-965.2 5.59999999999954 273840 0
-965.2 5.59999999999954 264060 0

-954 -5.60000000000045 273840 0
-954 -4.54747350886464e-13 273840 0

-954 -4.54747350886464e-13 273840 0
-954 2.79999999999955 273840 0
-954 5.59999999999954 273840 0

-954 5.59999999999954 273840 0

-965.2 -5.60000000000045 273840 0
-965.2 5.59999999999954 273840 0

-954 -5.60000000000045 273840 0
-965.2 -5.60000000000045 273840 0

-954 5.59999999999954 273840 0
-965.2 5.59999999999954 273840 0

-965.2 -5.60000000000045 283620 0
-965.2 5.59999999999954 283620 0

-954 -5.60000000000045 283620 0
-954 5.59999999999954 283620 0

-965.2 -5.60000000000045 283620 0
-954 -5.60000000000045 283620 0

-965.2 5.59999999999954 283620 0
-954 5.59999999999954 283620 0

-965.2 -5.60000000000045 273840 0
-965.2 5.59999999999954 273840 0

-965.2 -5.60000000000045 283620 0
-965.2 5.59999999999954 283620 0

-965.2 -5.60000000000045 273840 0
-965.2 -5.60000000000045 283620 0

-965.2 5.59999999999954 273840 0
-965.2 5.59999999999954 283620 0

-954 -5.60000000000045 283620 0
-954 5.59999999999954 283620 0

-954 -5.60000000000045 273840 0
-954 5.59999999999954 273840 0

-954 -5.60000000000045 283620 0
-954 -5.60000000000045 273840 0

-954 5.59999999999954 283620 0
-954 5.59999999999954 273840 0

-954 -5.60000000000045 273840 0
-965.2 -5.60000000000045 273840 0

-954 -5.60000000000045 283620 0
-965.2 -5.60000000000045 283620 0

-954 -5.60000000000045 273840 0
-954 -5.60000000000045 283620 0

-965.2 -5.60000000000045 273840 0
-965.2 -5.60000000000045 283620 0

-954 5.59999999999954 283620 0
-965.2 5.59999999999954 283620 0

-954 5.59999999999954 273840 0
-965.2 5.59999999999954 273840 0

-954 5.59999999999954 283620 0
-954 5.59999999999954 273840 0

-965.2 5.59999999999954 283620 0
-965.2 5.59999999999954 273840 0

-954 -5.60000000000045 283620 0
-954 -4.54747350886464e-13 283620 0

-954 -4.54747350886464e-13 283620 0
-954 2.79999999999955 283620 0
-954 5.59999999999954 283620 0

-954 5.59999999999954 283620 0

-965.2 -5.60000000000045 283620 0
-965.2 5.59999999999954 283620 0

-954 -5.60000000000045 283620 0
-965.2 -5.60000000000045 283620 0

-954 5.59999999999954 283620 0
-965.2 5.59999999999954 283620 0

-965.2 -5.60000000000045 293400 0
-965.2 5.59999999999954 293400 0

-954 -5.60000000000045 293400 0
-954 5.59999999999954 293400 0

-965.2 -5.60000000000045 293400 0
-954 -5.60000000000045 293400 0

-965.2 5.59999999999954 293400 0
-954 5.59999999999954 293400 0

-965.2 -5.60000000000045 283620 0
-965.2 5.59999999999954 283620 0

-965.2 -5.60000000000045 293400 0
-965.2 5.59999999999954 293400 0

-965.2 -5.60000000000045 283620 0
-965.2 -5.60000000000045 293400 0

-965.2 5.59999999999954 283620 0
-965.2 5.59999999999954 293400 0

-954 -5.60000000000045 293400 0
-954 5.59999999999954 293400 0

-954 -5.60000000000045 283620 0
-954 5.59999999999954 283620 0

-954 -5.60000000000045 293400 0
-954 -5.60000000000045 283620 0

-954 5.59999999999954 293400 0
-954 5.59999999999954 283620 0

-954 -5.60000000000045 283620 0
-965.2 -5.60000000000045 283620 0

-954 -5.60000000000045 293400 0
-965.2 -5.60000000000045 293400 0

-954 -5.60000000000045 283620 0
-954 -5.60000000000045 293400 0

-965.2 -5.60000000000045 283620 0
-965.2 -5.60000000000045 293400 0

-954 5.59999999999954 293400 0
-965.2 5.59999999999954 293400 0

-954 5.59999999999954 283620 0
-965.2 5.59999999999954 283620 0

-954 5.59999999999954 293400 0
-954 5.59999999999954 283620 0

-965.2 5.59999999999954 293400 0
-965.2 5.59999999999954 283620 0

-954 -5.60000000000045 293400 0
-954 -4.54747350886464e-13 293400 0

-954 -4.54747350886464e-13 293400 0
-954 2.79999999999955 293400 0
-954 5.59999999999954 293400 0

-954 5.59999999999954 293400 0

-965.2 -5.60000000000045 293400 0
-965.2 5.59999999999954 293400 0

-954 -5.60000000000045 293400 0
-965.2 -5.60000000000045 293400 0

-954 5.59999999999954 293400 0
-965.2 5.59999999999954 293400 0

-965.2 -5.60000000000045 303180 0
-965.2 5.59999999999954 303180 0

-954 -5.60000000000045 303180 0
-954 5.59999999999954 303180 0

-965.2 -5.60000000000045 303180 0
-954 -5.60000000000045 303180 0

-965.2 5.59999999999954 303180 0
-954 5.59999999999954 303180 0

-965.2 -5.60000000000045 293400 0
-965.2 5.59999999999954 293400 0

-965.2 -5.60000000000045 303180 0
-965.2 5.59999999999954 303180 0

-965.2 -5.60000000000045 293400 0
-965.2 -5.60000000000045 303180 0

-965.2 5.59999999999954 293400 0
-965.2 5.59999999999954 303180 0

-954 -5.60000000000045 303180 0
-954 5.59999999999954 303180 0

-954 -5.60000000000045 293400 0
-954 5.59999999999954 293400 0

-954 -5.60000000000045 303180 0
-954 -5.60000000000045 293400 0

-954 5.59999999999954 303180 0
-954 5.59999999999954 293400 0

-954 -5.60000000000045 293400 0
-965.2 -5.60000000000045 293400 0

-954 -5.60000000000045 303180 0
-965.2 -5.60000000000045 303180 0

-954 -5.60000000000045 293400 0
-954 -5.60000000000045 303180 0

-965.2 -5.60000000000045 293400 0
-965.2 -5.60000000000045 303180 0

-954 5.59999999999954 303180 0
-965.2 5.59999999999954 303180 0

-954 5.59999999999954 293400 0
-965.2 5.59999999999954 293400 0

-954 5.59999999999954 303180 0
-954 5.59999999999954 293400 0

-965.2 5.59999999999954 303180 0
-965.2 5.59999999999954 293400 0

-954 -5.60000000000045 303180 0
-954 -4.54747350886464e-13 303180 0

-954 -4.54747350886464e-13 303180 0
-954 2.79999999999955 303180 0
-954 5.59999999999954 303180 0

-954 5.59999999999954 303180 0

-965.2 -5.60000000000045 303180 0
-965.2 5.59999999999954 303180 0

-954 -5.60000000000045 303180 0
-965.2 -5.60000000000045 303180 0

-954 5.59999999999954 303180 0
-965.2 5.59999999999954 303180 0

-965.2 -5.60000000000045 312960 0
-965.2 5.59999999999954 312960 0

-954 -5.60000000000045 312960 0
-954 5.59999999999954 312960 0

-965.2 -5.60000000000045 312960 0
-954 -5.60000000000045 312960 0

-965.2 5.59999999999954 312960 0
-954 5.59999999999954 312960 0

-965.2 -5.60000000000045 303180 0
-965.2 5.59999999999954 303180 0

-965.2 -5.60000000000045 312960 0
-965.2 5.59999999999954 312960 0

-965.2 -5.60000000000045 303180 0
-965.2 -5.60000000000045 312960 0

-965.2 5.59999999999954 303180 0
-965.2 5.59999999999954 312960 0

-954 -5.60000000000045 312960 0
-954 5.59999999999954 312960 0

-954 -5.60000000000045 303180 0
-954 5.59999999999954 303180 0

-954 -5.60000000000045 312960 0
-954 -5.60000000000045 303180 0

-954 5.59999999999954 312960 0
-954 5.59999999999954 303180 0

-954 -5.60000000000045 303180 0
-965.2 -5.60000000000045 303180 0

-954 -5.60000000000045 312960 0
-965.2 -5.60000000000045 312960 0

-954 -5.60000000000045 303180 0
-954 -5.60000000000045 312960 0

-965.2 -5.60000000000045 303180 0
-965.2 -5.60000000000045 312960 0

-954 5.59999999999954 312960 0
-965.2 5.59999999999954 312960 0

-954 5.59999999999954 303180 0
-965.2 5.59999999999954 303180 0

-954 5.59999999999954 312960 0
-954 5.59999999999954 303180 0

-965.2 5.59999999999954 312960 0
-965.2 5.59999999999954 303180 0

-954 -5.60000000000045 312960 0
-954 -4.54747350886464e-13 312960 0

-954 -4.54747350886464e-13 312960 0
-954 2.79999999999955 312960 0
-954 5.59999999999954 312960 0

-954 5.59999999999954 312960 0

-965.2 -5.60000000000045 312960 0
-965.2 5.59999999999954 312960 0

-954 -5.60000000000045 312960 0
-965.2 -5.60000000000045 312960 0

-954 5.59999999999954 312960 0
-965.2 5.59999999999954 312960 0

-965.2 -5.60000000000045 322740 0
-965.2 5.59999999999954 322740 0

-954 -5.60000000000045 322740 0
-954 5.59999999999954 322740 0

-965.2 -5.60000000000045 322740 0
-954 -5.60000000000045 322740 0

-965.2 5.59999999999954 322740 0
-954 5.59999999999954 322740 0

-965.2 -5.60000000000045 312960 0
-965.2 5.59999999999954 312960 0

-965.2 -5.60000000000045 322740 0
-965.2 5.59999999999954 322740 0

-965.2 -5.60000000000045 312960 0
-965.2 -5.60000000000045 322740 0

-965.2 5.59999999999954 312960 0
-965.2 5.59999999999954 322740 0

-954 -5.60000000000045 322740 0
-954 5.59999999999954 322740 0

-954 -5.60000000000045 312960 0
-954 5.59999999999954 312960 0

-954 -5.60000000000045 322740 0
-954 -5.60000000000045 312960 0

-954 5.59999999999954 322740 0
-954 5.59999999999954 312960 0

-954 -5.60000000000045 312960 0
-965.2 -5.60000000000045 312960 0

-954 -5.60000000000045 322740 0
-965.2 -5.60000000000045 322740 0

-954 -5.60000000000045 312960 0
-954 -5.60000000000045 322740 0

-965.2 -5.60000000000045 312960 0
-965.2 -5.60000000000045 322740 0

-954 5.59999999999954 322740 0
-965.2 5.59999999999954 322740 0

-954 5.59999999999954 312960 0
-965.2 5.59999999999954 312960 0

-954 5.59999999999954 322740 0
-954 5.59999999999954 312960 0

-965.2 5.59999999999954 322740 0
-965.2 5.59999999999954 312960 0

-954 -5.60000000000045 322740 0
-954 -4.54747350886464e-13 322740 0

-954 -4.54747350886464e-13 322740 0
-954 2.79999999999955 322740 0
-954 5.59999999999954 322740 0

-954 5.59999999999954 322740 0

-965.2 -5.60000000000045 322740 0
-965.2 5.59999999999954 322740 0

-954 -5.60000000000045 322740 0
-965.2 -5.60000000000045 322740 0

-954 5.59999999999954 322740 0
-965.2 5.59999999999954 322740 0

-965.2 -5.60000000000045 332520 0
-965.2 5.59999999999954 332520 0

-954 -5.60000000000045 332520 0
-954 5.59999999999954 332520 0

-965.2 -5.60000000000045 332520 0
-954 -5.60000000000045 332520 0

-965.2 5.59999999999954 332520 0
-954 5.59999999999954 332520 0

-965.2 -5.60000000000045 322740 0
-965.2 5.59999999999954 322740 0

-965.2 -5.60000000000045 332520 0
-965.2 5.59999999999954 332520 0

-965.2 -5.60000000000045 322740 0
-965.2 -5.60000000000045 332520 0

-965.2 5.59999999999954 322740 0
-965.2 5.59999999999954 332520 0

-954 -5.60000000000045 332520 0
-954 5.59999999999954 332520 0

-954 -5.60000000000045 322740 0
-954 5.59999999999954 322740 0

-954 -5.60000000000045 332520 0
-954 -5.60000000000045 322740 0

-954 5.59999999999954 332520 0
-954 5.59999999999954 322740 0

-954 -5.60000000000045 322740 0
-965.2 -5.60000000000045 322740 0

-954 -5.60000000000045 332520 0
-965.2 -5.60000000000045 332520 0

-954 -5.60000000000045 322740 0
-954 -5.60000000000045 332520 0

-965.2 -5.60000000000045 322740 0
-965.2 -5.60000000000045 332520 0

-954 5.59999999999954 332520 0
-965.2 5.59999999999954 332520 0

-954 5.59999999999954 322740 0
-965.2 5.59999999999954 322740 0

-954 5.59999999999954 332520 0
-954 5.59999999999954 322740 0

-965.2 5.59999999999954 332520 0
-965.2 5.59999999999954 322740 0

-954 -5.60000000000045 332520 0
-954 -4.54747350886464e-13 332520 0

-954 -4.54747350886464e-13 332520 0
-954 2.79999999999955 332520 0
-954 5.59999999999954 332520 0

-954 5.59999999999954 332520 0

-965.2 -5.60000000000045 332520 0
-965.2 5.59999999999954 332520 0

-954 -5.60000000000045 332520 0
-965.2 -5.60000000000045 332520 0

-954 5.59999999999954 332520 0
-965.2 5.59999999999954 332520 0

-965.2 -5.60000000000045 342300 0
-965.2 5.59999999999954 342300 0

-954 -5.60000000000045 342300 0
-954 5.59999999999954 342300 0

-965.2 -5.60000000000045 342300 0
-954 -5.60000000000045 342300 0

-965.2 5.59999999999954 342300 0
-954 5.59999999999954 342300 0

-965.2 -5.60000000000045 332520 0
-965.2 5.59999999999954 332520 0

-965.2 -5.60000000000045 342300 0
-965.2 5.59999999999954 342300 0

-965.2 -5.60000000000045 332520 0
-965.2 -5.60000000000045 342300 0

-965.2 5.59999999999954 332520 0
-965.2 5.59999999999954 342300 0

-954 -5.60000000000045 342300 0
-954 5.59999999999954 342300 0

-954 -5.60000000000045 332520 0
-954 5.59999999999954 332520 0

-954 -5.60000000000045 342300 0
-954 -5.60000000000045 332520 0

-954 5.59999999999954 342300 0
-954 5.59999999999954 332520 0

-954 -5.60000000000045 332520 0
-965.2 -5.60000000000045 332520 0

-954 -5.60000000000045 342300 0
-965.2 -5.60000000000045 342300 0

-954 -5.60000000000045 332520 0
-954 -5.60000000000045 342300 0

-965.2 -5.60000000000045 332520 0
-965.2 -5.60000000000045 342300 0

-954 5.59999999999954 342300 0
-965.2 5.59999999999954 342300 0

-954 5.59999999999954 332520 0
-965.2 5.59999999999954 332520 0

-954 5.59999999999954 342300 0
-954 5.59999999999954 332520 0

-965.2 5.59999999999954 342300 0
-965.2 5.59999999999954 332520 0

-954 -5.60000000000045 342300 0
-954 -4.54747350886464e-13 342300 0

-954 -4.54747350886464e-13 342300 0
-954 2.79999999999955 342300 0
-954 5.59999999999954 342300 0

-954 5.59999999999954 342300 0

-965.2 -5.60000000000045 342300 0
-965.2 5.59999999999954 342300 0

-954 -5.60000000000045 342300 0
-965.2 -5.60000000000045 342300 0

-954 5.59999999999954 342300 0
-965.2 5.59999999999954 342300 0

-965.2 -5.60000000000045 352080 0
-965.2 5.59999999999954 352080 0

-954 -5.60000000000045 352080 0
-954 5.59999999999954 352080 0

-965.2 -5.60000000000045 352080 0
-954 -5.60000000000045 352080 0

-965.2 5.59999999999954 352080 0
-954 5.59999999999954 352080 0

-965.2 -5.60000000000045 342300 0
-965.2 5.59999999999954 342300 0

-965.2 -5.60000000000045 352080 0
-965.2 5.59999999999954 352080 0

-965.2 -5.60000000000045 342300 0
-965.2 -5.60000000000045 352080 0

-965.2 5.59999999999954 342300 0
-965.2 5.59999999999954 352080 0

-954 -5.60000000000045 352080 0
-954 5.59999999999954 352080 0

-954 -5.60000000000045 342300 0
-954 5.59999999999954 342300 0

-954 -5.60000000000045 352080 0
-954 -5.60000000000045 342300 0

-954 5.59999999999954 352080 0
-954 5.59999999999954 342300 0

-954 -5.60000000000045 342300 0
-965.2 -5.60000000000045 342300 0

-954 -5.60000000000045 352080 0
-965.2 -5.60000000000045 352080 0

-954 -5.60000000000045 342300 0
-954 -5.60000000000045 352080 0

-965.2 -5.60000000000045 342300 0
-965.2 -5.60000000000045 352080 0

-954 5.59999999999954 352080 0
-965.2 5.59999999999954 352080 0

-954 5.59999999999954 342300 0
-965.2 5.59999999999954 342300 0

-954 5.59999999999954 352080 0
-954 5.59999999999954 342300 0

-965.2 5.59999999999954 352080 0
-965.2 5.59999999999954 342300 0

-954 -5.60000000000045 352080 0
-954 -4.54747350886464e-13 352080 0

-954 -4.54747350886464e-13 352080 0
-954 2.79999999999955 352080 0
-954 5.59999999999954 352080 0

-954 5.59999999999954 352080 0

-965.2 -5.60000000000045 352080 0
-965.2 5.59999999999954 352080 0

-954 -5.60000000000045 352080 0
-965.2 -5.60000000000045 352080 0

-954 5.59999999999954 352080 0
-965.2 5.59999999999954 352080 0

-965.2 -5.60000000000045 361860 0
-965.2 5.59999999999954 361860 0

-954 -5.60000000000045 361860 0
-954 5.59999999999954 361860 0

-965.2 -5.60000000000045 361860 0
-954 -5.60000000000045 361860 0

-965.2 5.59999999999954 361860 0
-954 5.59999999999954 361860 0

-965.2 -5.60000000000045 352080 0
-965.2 5.59999999999954 352080 0

-965.2 -5.60000000000045 361860 0
-965.2 5.59999999999954 361860 0

-965.2 -5.60000000000045 352080 0
-965.2 -5.60000000000045 361860 0

-965.2 5.59999999999954 352080 0
-965.2 5.59999999999954 361860 0

-954 -5.60000000000045 361860 0
-954 5.59999999999954 361860 0

-954 -5.60000000000045 352080 0
-954 5.59999999999954 352080 0

-954 -5.60000000000045 361860 0
-954 -5.60000000000045 352080 0

-954 5.59999999999954 361860 0
-954 5.59999999999954 352080 0

-954 -5.60000000000045 352080 0
-965.2 -5.60000000000045 352080 0

-954 -5.60000000000045 361860 0
-965.2 -5.60000000000045 361860 0

-954 -5.60000000000045 352080 0
-954 -5.60000000000045 361860 0

-965.2 -5.60000000000045 352080 0
-965.2 -5.60000000000045 361860 0

-954 5.59999999999954 361860 0
-965.2 5.59999999999954 361860 0

-954 5.59999999999954 352080 0
-965.2 5.59999999999954 352080 0

-954 5.59999999999954 361860 0
-954 5.59999999999954 352080 0

-965.2 5.59999999999954 361860 0
-965.2 5.59999999999954 352080 0

-954 -5.60000000000045 361860 0
-954 -4.54747350886464e-13 361860 0

-954 -4.54747350886464e-13 361860 0
-954 2.79999999999955 361860 0
-954 5.59999999999954 361860 0

-954 5.59999999999954 361860 0

-965.2 -5.60000000000045 361860 0
-965.2 5.59999999999954 361860 0

-954 -5.60000000000045 361860 0
-965.2 -5.60000000000045 361860 0

-954 5.59999999999954 361860 0
-965.2 5.59999999999954 361860 0

-965.2 -5.60000000000045 371640 0
-965.2 5.59999999999954 371640 0

-954 -5.60000000000045 371640 0
-954 5.59999999999954 371640 0

-965.2 -5.60000000000045 371640 0
-954 -5.60000000000045 371640 0

-965.2 5.59999999999954 371640 0
-954 5.59999999999954 371640 0

-965.2 -5.60000000000045 361860 0
-965.2 5.59999999999954 361860 0

-965.2 -5.60000000000045 371640 0
-965.2 5.59999999999954 371640 0

-965.2 -5.60000000000045 361860 0
-965.2 -5.60000000000045 371640 0

-965.2 5.59999999999954 361860 0
-965.2 5.59999999999954 371640 0

-954 -5.60000000000045 371640 0
-954 5.59999999999954 371640 0

-954 -5.60000000000045 361860 0
-954 5.59999999999954 361860 0

-954 -5.60000000000045 371640 0
-954 -5.60000000000045 361860 0

-954 5.59999999999954 371640 0
-954 5.59999999999954 361860 0

-954 -5.60000000000045 361860 0
-965.2 -5.60000000000045 361860 0

-954 -5.60000000000045 371640 0
-965.2 -5.60000000000045 371640 0

-954 -5.60000000000045 361860 0
-954 -5.60000000000045 371640 0

-965.2 -5.60000000000045 361860 0
-965.2 -5.60000000000045 371640 0

-954 5.59999999999954 371640 0
-965.2 5.59999999999954 371640 0

-954 5.59999999999954 361860 0
-965.2 5.59999999999954 361860 0

-954 5.59999999999954 371640 0
-954 5.59999999999954 361860 0

-965.2 5.59999999999954 371640 0
-965.2 5.59999999999954 361860 0

-954 -5.60000000000045 371640 0
-954 -4.54747350886464e-13 371640 0

-954 -4.54747350886464e-13 371640 0
-954 2.79999999999955 371640 0
-954 5.59999999999954 371640 0

-954 5.59999999999954 371640 0

-965.2 -5.60000000000045 371640 0
-965.2 5.59999999999954 371640 0

-954 -5.60000000000045 371640 0
-965.2 -5.60000000000045 371640 0

-954 5.59999999999954 371640 0
-965.2 5.59999999999954 371640 0

-965.2 -5.60000000000045 381420 0
-965.2 5.59999999999954 381420 0

-954 -5.60000000000045 381420 0
-954 5.59999999999954 381420 0

-965.2 -5.60000000000045 381420 0
-954 -5.60000000000045 381420 0

-965.2 5.59999999999954 381420 0
-954 5.59999999999954 381420 0

-965.2 -5.60000000000045 371640 0
-965.2 5.59999999999954 371640 0

-965.2 -5.60000000000045 381420 0
-965.2 5.59999999999954 381420 0

-965.2 -5.60000000000045 371640 0
-965.2 -5.60000000000045 381420 0

-965.2 5.59999999999954 371640 0
-965.2 5.59999999999954 381420 0

-954 -5.60000000000045 381420 0
-954 5.59999999999954 381420 0

-954 -5.60000000000045 371640 0
-954 5.59999999999954 371640 0

-954 -5.60000000000045 381420 0
-954 -5.60000000000045 371640 0

-954 5.59999999999954 381420 0
-954 5.59999999999954 371640 0

-954 -5.60000000000045 371640 0
-965.2 -5.60000000000045 371640 0

-954 -5.60000000000045 381420 0
-965.2 -5.60000000000045 381420 0

-954 -5.60000000000045 371640 0
-954 -5.60000000000045 381420 0

-965.2 -5.60000000000045 371640 0
-965.2 -5.60000000000045 381420 0

-954 5.59999999999954 381420 0
-965.2 5.59999999999954 381420 0

-954 5.59999999999954 371640 0
-965.2 5.59999999999954 371640 0

-954 5.59999999999954 381420 0
-954 5.59999999999954 371640 0

-965.2 5.59999999999954 381420 0
-965.2 5.59999999999954 371640 0

-954 -5.60000000000045 381420 0
-954 -4.54747350886464e-13 381420 0

-954 -4.54747350886464e-13 381420 0
-954 2.79999999999955 381420 0
-954 5.59999999999954 381420 0

-954 5.59999999999954 381420 0

-965.2 -5.60000000000045 381420 0
-965.2 5.59999999999954 381420 0

-954 -5.60000000000045 381420 0
-965.2 -5.60000000000045 381420 0

-954 5.59999999999954 381420 0
-965.2 5.59999999999954 381420 0

-965.2 -5.60000000000045 391200 0
-965.2 5.59999999999954 391200 0

-954 -5.60000000000045 391200 0
-954 5.59999999999954 391200 0

-965.2 -5.60000000000045 391200 0
-954 -5.60000000000045 391200 0

-965.2 5.59999999999954 391200 0
-954 5.59999999999954 391200 0

-965.2 -5.60000000000045 381420 0
-965.2 5.59999999999954 381420 0

-965.2 -5.60000000000045 391200 0
-965.2 5.59999999999954 391200 0

-965.2 -5.60000000000045 381420 0
-965.2 -5.60000000000045 391200 0

-965.2 5.59999999999954 381420 0
-965.2 5.59999999999954 391200 0

-954 -5.60000000000045 391200 0
-954 5.59999999999954 391200 0

-954 -5.60000000000045 381420 0
-954 5.59999999999954 381420 0

-954 -5.60000000000045 391200 0
-954 -5.60000000000045 381420 0

-954 5.59999999999954 391200 0
-954 5.59999999999954 381420 0

-954 -5.60000000000045 381420 0
-965.2 -5.60000000000045 381420 0

-954 -5.60000000000045 391200 0
-965.2 -5.60000000000045 391200 0

-954 -5.60000000000045 381420 0
-954 -5.60000000000045 391200 0

-965.2 -5.60000000000045 381420 0
-965.2 -5.60000000000045 391200 0

-954 5.59999999999954 391200 0
-965.2 5.59999999999954 391200 0

-954 5.59999999999954 381420 0
-965.2 5.59999999999954 381420 0

-954 5.59999999999954 391200 0
-954 5.59999999999954 381420 0

-965.2 5.59999999999954 391200 0
-965.2 5.59999999999954 381420 0

-954 -5.60000000000045 391200 0
-954 -4.54747350886464e-13 391200 0

-954 -4.54747350886464e-13 391200 0
-954 2.79999999999955 391200 0
-954 5.59999999999954 391200 0

-954 5.59999999999954 391200 0

-965.2 -5.60000000000045 391200 0
-965.2 5.59999999999954 391200 0

-954 -5.60000000000045 391200 0
-965.2 -5.60000000000045 391200 0

-954 5.59999999999954 391200 0
-965.2 5.59999999999954 391200 0

-965.2 -5.60000000000045 400980 0
-965.2 5.59999999999954 400980 0

-954 -5.60000000000045 400980 0
-954 5.59999999999954 400980 0

-965.2 -5.60000000000045 400980 0
-954 -5.60000000000045 400980 0

-965.2 5.59999999999954 400980 0
-954 5.59999999999954 400980 0

-965.2 -5.60000000000045 391200 0
-965.2 5.59999999999954 391200 0

-965.2 -5.60000000000045 400980 0
-965.2 5.59999999999954 400980 0

-965.2 -5.60000000000045 391200 0
-965.2 -5.60000000000045 400980 0

-965.2 5.59999999999954 391200 0
-965.2 5.59999999999954 400980 0

-954 -5.60000000000045 400980 0
-954 5.59999999999954 400980 0

-954 -5.60000000000045 391200 0
-954 5.59999999999954 391200 0

-954 -5.60000000000045 400980 0
-954 -5.60000000000045 391200 0

-954 5.59999999999954 400980 0
-954 5.59999999999954 391200 0

-954 -5.60000000000045 391200 0
-965.2 -5.60000000000045 391200 0

-954 -5.60000000000045 400980 0
-965.2 -5.60000000000045 400980 0

-954 -5.60000000000045 391200 0
-954 -5.60000000000045 400980 0

-965.2 -5.60000000000045 391200 0
-965.2 -5.60000000000045 400980 0

-954 5.59999999999954 400980 0
-965.2 5.59999999999954 400980 0

-954 5.59999999999954 391200 0
-965.2 5.59999999999954 391200 0

-954 5.59999999999954 400980 0
-954 5.59999999999954 391200 0

-965.2 5.59999999999954 400980 0
-965.2 5.59999999999954 391200 0

-954 -5.60000000000045 400980 0
-954 -4.54747350886464e-13 400980 0

-954 -4.54747350886464e-13 400980 0
-954 2.79999999999955 400980 0
-954 5.59999999999954 400980 0

-954 5.59999999999954 400980 0

-965.2 -5.60000000000045 400980 0
-965.2 5.59999999999954 400980 0

-954 -5.60000000000045 400980 0
-965.2 -5.60000000000045 400980 0

-954 5.59999999999954 400980 0
-965.2 5.59999999999954 400980 0

-965.2 -5.60000000000045 410760 0
-965.2 5.59999999999954 410760 0

-954 -5.60000000000045 410760 0
-954 5.59999999999954 410760 0

-965.2 -5.60000000000045 410760 0
-954 -5.60000000000045 410760 0

-965.2 5.59999999999954 410760 0
-954 5.59999999999954 410760 0

-965.2 -5.60000000000045 400980 0
-965.2 5.59999999999954 400980 0

-965.2 -5.60000000000045 410760 0
-965.2 5.59999999999954 410760 0

-965.2 -5.60000000000045 400980 0
-965.2 -5.60000000000045 410760 0

-965.2 5.59999999999954 400980 0
-965.2 5.59999999999954 410760 0

-954 -5.60000000000045 410760 0
-954 5.59999999999954 410760 0

-954 -5.60000000000045 400980 0
-954 5.59999999999954 400980 0

-954 -5.60000000000045 410760 0
-954 -5.60000000000045 400980 0

-954 5.59999999999954 410760 0
-954 5.59999999999954 400980 0

-954 -5.60000000000045 400980 0
-965.2 -5.60000000000045 400980 0

-954 -5.60000000000045 410760 0
-965.2 -5.60000000000045 410760 0

-954 -5.60000000000045 400980 0
-954 -5.60000000000045 410760 0

-965.2 -5.60000000000045 400980 0
-965.2 -5.60000000000045 410760 0

-954 5.59999999999954 410760 0
-965.2 5.59999999999954 410760 0

-954 5.59999999999954 400980 0
-965.2 5.59999999999954 400980 0

-954 5.59999999999954 410760 0
-954 5.59999999999954 400980 0

-965.2 5.59999999999954 410760 0
-965.2 5.59999999999954 400980 0

-954 -5.60000000000045 410760 0
-954 -4.54747350886464e-13 410760 0

-954 -4.54747350886464e-13 410760 0
-954 2.79999999999955 410760 0
-954 5.59999999999954 410760 0

-954 5.59999999999954 410760 0

-965.2 -5.60000000000045 410760 0
-965.2 5.59999999999954 410760 0

-954 -5.60000000000045 410760 0
-965.2 -5.60000000000045 410760 0

-954 5.59999999999954 410760 0
-965.2 5.59999999999954 410760 0

-965.2 -5.60000000000045 420540 0
-965.2 5.59999999999954 420540 0

-954 -5.60000000000045 420540 0
-954 5.59999999999954 420540 0

-965.2 -5.60000000000045 420540 0
-954 -5.60000000000045 420540 0

-965.2 5.59999999999954 420540 0
-954 5.59999999999954 420540 0

-965.2 -5.60000000000045 410760 0
-965.2 5.59999999999954 410760 0

-965.2 -5.60000000000045 420540 0
-965.2 5.59999999999954 420540 0

-965.2 -5.60000000000045 410760 0
-965.2 -5.60000000000045 420540 0

-965.2 5.59999999999954 410760 0
-965.2 5.59999999999954 420540 0

-954 -5.60000000000045 420540 0
-954 5.59999999999954 420540 0

-954 -5.60000000000045 410760 0
-954 5.59999999999954 410760 0

-954 -5.60000000000045 420540 0
-954 -5.60000000000045 410760 0

-954 5.59999999999954 420540 0
-954 5.59999999999954 410760 0

-954 -5.60000000000045 410760 0
-965.2 -5.60000000000045 410760 0

-954 -5.60000000000045 420540 0
-965.2 -5.60000000000045 420540 0

-954 -5.60000000000045 410760 0
-954 -5.60000000000045 420540 0

-965.2 -5.60000000000045 410760 0
-965.2 -5.60000000000045 420540 0

-954 5.59999999999954 420540 0
-965.2 5.59999999999954 420540 0

-954 5.59999999999954 410760 0
-965.2 5.59999999999954 410760 0

-954 5.59999999999954 420540 0
-954 5.59999999999954 410760 0

-965.2 5.59999999999954 420540 0
-965.2 5.59999999999954 410760 0

-954 -5.60000000000045 420540 0
-954 -4.54747350886464e-13 420540 0

-954 -4.54747350886464e-13 420540 0
-954 2.79999999999955 420540 0
-954 5.59999999999954 420540 0

-954 5.59999999999954 420540 0

-965.2 -5.60000000000045 420540 0
-965.2 5.59999999999954 420540 0

-954 -5.60000000000045 420540 0
-965.2 -5.60000000000045 420540 0

-954 5.59999999999954 420540 0
-965.2 5.59999999999954 420540 0

-965.2 -5.60000000000045 430320 0
-965.2 5.59999999999954 430320 0

-954 -5.60000000000045 430320 0
-954 5.59999999999954 430320 0

-965.2 -5.60000000000045 430320 0
-954 -5.60000000000045 430320 0

-965.2 5.59999999999954 430320 0
-954 5.59999999999954 430320 0

-965.2 -5.60000000000045 420540 0
-965.2 5.59999999999954 420540 0

-965.2 -5.60000000000045 430320 0
-965.2 5.59999999999954 430320 0

-965.2 -5.60000000000045 420540 0
-965.2 -5.60000000000045 430320 0

-965.2 5.59999999999954 420540 0
-965.2 5.59999999999954 430320 0

-954 -5.60000000000045 430320 0
-954 5.59999999999954 430320 0

-954 -5.60000000000045 420540 0
-954 5.59999999999954 420540 0

-954 -5.60000000000045 430320 0
-954 -5.60000000000045 420540 0

-954 5.59999999999954 430320 0
-954 5.59999999999954 420540 0

-954 -5.60000000000045 420540 0
-965.2 -5.60000000000045 420540 0

-954 -5.60000000000045 430320 0
-965.2 -5.60000000000045 430320 0

-954 -5.60000000000045 420540 0
-954 -5.60000000000045 430320 0

-965.2 -5.60000000000045 420540 0
-965.2 -5.60000000000045 430320 0

-954 5.59999999999954 430320 0
-965.2 5.59999999999954 430320 0

-954 5.59999999999954 420540 0
-965.2 5.59999999999954 420540 0

-954 5.59999999999954 430320 0
-954 5.59999999999954 420540 0

-965.2 5.59999999999954 430320 0
-965.2 5.59999999999954 420540 0

-954 -5.60000000000045 430320 0
-954 -4.54747350886464e-13 430320 0

-954 -4.54747350886464e-13 430320 0
-954 2.79999999999955 430320 0
-954 5.59999999999954 430320 0

-954 5.59999999999954 430320 0

-965.2 -5.60000000000045 430320 0
-965.2 5.59999999999954 430320 0

-954 -5.60000000000045 430320 0
-965.2 -5.60000000000045 430320 0

-954 5.59999999999954 430320 0
-965.2 5.59999999999954 430320 0

-965.2 -5.60000000000045 440100 0
-965.2 5.59999999999954 440100 0

-954 -5.60000000000045 440100 0
-954 5.59999999999954 440100 0

-965.2 -5.60000000000045 440100 0
-954 -5.60000000000045 440100 0

-965.2 5.59999999999954 440100 0
-954 5.59999999999954 440100 0

-965.2 -5.60000000000045 430320 0
-965.2 5.59999999999954 430320 0

-965.2 -5.60000000000045 440100 0
-965.2 5.59999999999954 440100 0

-965.2 -5.60000000000045 430320 0
-965.2 -5.60000000000045 440100 0

-965.2 5.59999999999954 430320 0
-965.2 5.59999999999954 440100 0

-954 -5.60000000000045 440100 0
-954 5.59999999999954 440100 0

-954 -5.60000000000045 430320 0
-954 5.59999999999954 430320 0

-954 -5.60000000000045 440100 0
-954 -5.60000000000045 430320 0

-954 5.59999999999954 440100 0
-954 5.59999999999954 430320 0

-954 -5.60000000000045 430320 0
-965.2 -5.60000000000045 430320 0

-954 -5.60000000000045 440100 0
-965.2 -5.60000000000045 440100 0

-954 -5.60000000000045 430320 0
-954 -5.60000000000045 440100 0

-965.2 -5.60000000000045 430320 0
-965.2 -5.60000000000045 440100 0

-954 5.59999999999954 440100 0
-965.2 5.59999999999954 440100 0

-954 5.59999999999954 430320 0
-965.2 5.59999999999954 430320 0

-954 5.59999999999954 440100 0
-954 5.59999999999954 430320 0

-965.2 5.59999999999954 440100 0
-965.2 5.59999999999954 430320 0

-954 -5.60000000000045 440100 0
-954 -4.54747350886464e-13 440100 0

-954 -4.54747350886464e-13 440100 0
-954 2.79999999999955 440100 0
-954 5.59999999999954 440100 0

-954 5.59999999999954 440100 0

-965.2 -5.60000000000045 440100 0
-965.2 5.59999999999954 440100 0

-954 -5.60000000000045 440100 0
-965.2 -5.60000000000045 440100 0

-954 5.59999999999954 440100 0
-965.2 5.59999999999954 440100 0

-965.2 -5.60000000000045 449880 0
-965.2 5.59999999999954 449880 0

-954 -5.60000000000045 449880 0
-954 5.59999999999954 449880 0

-965.2 -5.60000000000045 449880 0
-954 -5.60000000000045 449880 0

-965.2 5.59999999999954 449880 0
-954 5.59999999999954 449880 0

-965.2 -5.60000000000045 440100 0
-965.2 5.59999999999954 440100 0

-965.2 -5.60000000000045 449880 0
-965.2 5.59999999999954 449880 0

-965.2 -5.60000000000045 440100 0
-965.2 -5.60000000000045 449880 0

-965.2 5.59999999999954 440100 0
-965.2 5.59999999999954 449880 0

-954 -5.60000000000045 449880 0
-954 5.59999999999954 449880 0

-954 -5.60000000000045 440100 0
-954 5.59999999999954 440100 0

-954 -5.60000000000045 449880 0
-954 -5.60000000000045 440100 0

-954 5.59999999999954 449880 0
-954 5.59999999999954 440100 0

-954 -5.60000000000045 440100 0
-965.2 -5.60000000000045 440100 0

-954 -5.60000000000045 449880 0
-965.2 -5.60000000000045 449880 0

-954 -5.60000000000045 440100 0
-954 -5.60000000000045 449880 0

-965.2 -5.60000000000045 440100 0
-965.2 -5.60000000000045 449880 0

-954 5.59999999999954 449880 0
-965.2 5.59999999999954 449880 0

-954 5.59999999999954 440100 0
-965.2 5.59999999999954 440100 0

-954 5.59999999999954 449880 0
-954 5.59999999999954 440100 0

-965.2 5.59999999999954 449880 0
-965.2 5.59999999999954 440100 0

-954 -5.60000000000045 449880 0
-954 -4.54747350886464e-13 449880 0

-954 -4.54747350886464e-13 449880 0
-954 2.79999999999955 449880 0
-954 5.59999999999954 449880 0

-954 5.59999999999954 449880 0

-965.2 -5.60000000000045 449880 0
-965.2 5.59999999999954 449880 0

-954 -5.60000000000045 449880 0
-965.2 -5.60000000000045 449880 0

-954 5.59999999999954 449880 0
-965.2 5.59999999999954 449880 0

-965.2 -5.60000000000045 459660 0
-965.2 5.59999999999954 459660 0

-954 -5.60000000000045 459660 0
-954 5.59999999999954 459660 0

-965.2 -5.60000000000045 459660 0
-954 -5.60000000000045 459660 0

-965.2 5.59999999999954 459660 0
-954 5.59999999999954 459660 0

-965.2 -5.60000000000045 449880 0
-965.2 5.59999999999954 449880 0

-965.2 -5.60000000000045 459660 0
-965.2 5.59999999999954 459660 0

-965.2 -5.60000000000045 449880 0
-965.2 -5.60000000000045 459660 0

-965.2 5.59999999999954 449880 0
-965.2 5.59999999999954 459660 0

-954 -5.60000000000045 459660 0
-954 5.59999999999954 459660 0

-954 -5.60000000000045 449880 0
-954 5.59999999999954 449880 0

-954 -5.60000000000045 459660 0
-954 -5.60000000000045 449880 0

-954 5.59999999999954 459660 0
-954 5.59999999999954 449880 0

-954 -5.60000000000045 449880 0
-965.2 -5.60000000000045 449880 0

-954 -5.60000000000045 459660 0
-965.2 -5.60000000000045 459660 0

-954 -5.60000000000045 449880 0
-954 -5.60000000000045 459660 0

-965.2 -5.60000000000045 449880 0
-965.2 -5.60000000000045 459660 0

-954 5.59999999999954 459660 0
-965.2 5.59999999999954 459660 0

-954 5.59999999999954 449880 0
-965.2 5.59999999999954 449880 0

-954 5.59999999999954 459660 0
-954 5.59999999999954 449880 0

-965.2 5.59999999999954 459660 0
-965.2 5.59999999999954 449880 0

-954 -5.60000000000045 459660 0
-954 -4.54747350886464e-13 459660 0

-954 -4.54747350886464e-13 459660 0
-954 2.79999999999955 459660 0
-954 5.59999999999954 459660 0

-954 5.59999999999954 459660 0

-965.2 -5.60000000000045 459660 0
-965.2 5.59999999999954 459660 0

-954 -5.60000000000045 459660 0
-965.2 -5.60000000000045 459660 0

-954 5.59999999999954 459660 0
-965.2 5.59999999999954 459660 0

-965.2 -5.60000000000045 469440 0
-965.2 5.59999999999954 469440 0

-954 -5.60000000000045 469440 0
-954 5.59999999999954 469440 0

-965.2 -5.60000000000045 469440 0
-954 -5.60000000000045 469440 0

-965.2 5.59999999999954 469440 0
-954 5.59999999999954 469440 0

-965.2 -5.60000000000045 459660 0
-965.2 5.59999999999954 459660 0

-965.2 -5.60000000000045 469440 0
-965.2 5.59999999999954 469440 0

-965.2 -5.60000000000045 459660 0
-965.2 -5.60000000000045 469440 0

-965.2 5.59999999999954 459660 0
-965.2 5.59999999999954 469440 0

-954 -5.60000000000045 469440 0
-954 5.59999999999954 469440 0

-954 -5.60000000000045 459660 0
-954 5.59999999999954 459660 0

-954 -5.60000000000045 469440 0
-954 -5.60000000000045 459660 0

-954 5.59999999999954 469440 0
-954 5.59999999999954 459660 0

-954 -5.60000000000045 459660 0
-965.2 -5.60000000000045 459660 0

-954 -5.60000000000045 469440 0
-965.2 -5.60000000000045 469440 0

-954 -5.60000000000045 459660 0
-954 -5.60000000000045 469440 0

-965.2 -5.60000000000045 459660 0
-965.2 -5.60000000000045 469440 0

-954 5.59999999999954 469440 0
-965.2 5.59999999999954 469440 0

-954 5.59999999999954 459660 0
-965.2 5.59999999999954 459660 0

-954 5.59999999999954 469440 0
-954 5.59999999999954 459660 0

-965.2 5.59999999999954 469440 0
-965.2 5.59999999999954 459660 0

-954 -5.60000000000045 469440 0
-954 -4.54747350886464e-13 469440 0

-954 -4.54747350886464e-13 469440 0
-954 2.79999999999955 469440 0
-954 5.59999999999954 469440 0

-954 5.59999999999954 469440 0

-965.2 -5.60000000000045 469440 0
-965.2 5.59999999999954 469440 0

-954 -5.60000000000045 469440 0
-965.2 -5.60000000000045 469440 0

-954 5.59999999999954 469440 0
-965.2 5.59999999999954 469440 0

-965.2 -5.60000000000045 479220 0
-965.2 5.59999999999954 479220 0

-954 -5.60000000000045 479220 0
-954 5.59999999999954 479220 0

-965.2 -5.60000000000045 479220 0
-954 -5.60000000000045 479220 0

-965.2 5.59999999999954 479220 0
-954 5.59999999999954 479220 0

-965.2 -5.60000000000045 469440 0
-965.2 5.59999999999954 469440 0

-965.2 -5.60000000000045 479220 0
-965.2 5.59999999999954 479220 0

-965.2 -5.60000000000045 469440 0
-965.2 -5.60000000000045 479220 0

-965.2 5.59999999999954 469440 0
-965.2 5.59999999999954 479220 0

-954 -5.60000000000045 479220 0
-954 5.59999999999954 479220 0

-954 -5.60000000000045 469440 0
-954 5.59999999999954 469440 0

-954 -5.60000000000045 479220 0
-954 -5.60000000000045 469440 0

-954 5.59999999999954 479220 0
-954 5.59999999999954 469440 0

-954 -5.60000000000045 469440 0
-965.2 -5.60000000000045 469440 0

-954 -5.60000000000045 479220 0
-965.2 -5.60000000000045 479220 0

-954 -5.60000000000045 469440 0
-954 -5.60000000000045 479220 0

-965.2 -5.60000000000045 469440 0
-965.2 -5.60000000000045 479220 0

-954 5.59999999999954 479220 0
-965.2 5.59999999999954 479220 0

-954 5.59999999999954 469440 0
-965.2 5.59999999999954 469440 0

-954 5.59999999999954 479220 0
-954 5.59999999999954 469440 0

-965.2 5.59999999999954 479220 0
-965.2 5.59999999999954 469440 0

-954 -5.60000000000045 479220 0
-954 -4.54747350886464e-13 479220 0

-954 -4.54747350886464e-13 479220 0
-954 2.79999999999955 479220 0
-954 5.59999999999954 479220 0

-954 5.59999999999954 479220 0

-965.2 -5.60000000000045 479220 0
-965.2 5.59999999999954 479220 0

-954 -5.60000000000045 479220 0
-965.2 -5.60000000000045 479220 0

-954 5.59999999999954 479220 0
-965.2 5.59999999999954 479220 0

-965.2 -5.60000000000045 489000 0
-965.2 5.59999999999954 489000 0

-954 -5.60000000000045 489000 0
-954 5.59999999999954 489000 0

-965.2 -5.60000000000045 489000 0
-954 -5.60000000000045 489000 0

-965.2 5.59999999999954 489000 0
-954 5.59999999999954 489000 0

-965.2 -5.60000000000045 479220 0
-965.2 5.59999999999954 479220 0

-965.2 -5.60000000000045 489000 0
-965.2 5.59999999999954 489000 0

-965.2 -5.60000000000045 479220 0
-965.2 -5.60000000000045 489000 0

-965.2 5.59999999999954 479220 0
-965.2 5.59999999999954 489000 0

-954 -5.60000000000045 489000 0
-954 5.59999999999954 489000 0

-954 -5.60000000000045 479220 0
-954 5.59999999999954 479220 0

-954 -5.60000000000045 489000 0
-954 -5.60000000000045 479220 0

-954 5.59999999999954 489000 0
-954 5.59999999999954 479220 0

-954 -5.60000000000045 479220 0
-965.2 -5.60000000000045 479220 0

-954 -5.60000000000045 489000 0
-965.2 -5.60000000000045 489000 0

-954 -5.60000000000045 479220 0
-954 -5.60000000000045 489000 0

-965.2 -5.60000000000045 479220 0
-965.2 -5.60000000000045 489000 0

-954 5.59999999999954 489000 0
-965.2 5.59999999999954 489000 0

-954 5.59999999999954 479220 0
-965.2 5.59999999999954 479220 0

-954 5.59999999999954 489000 0
-954 5.59999999999954 479220 0

-965.2 5.59999999999954 489000 0
-965.2 5.59999999999954 479220 0

-954 -5.60000000000045 489000 0
-954 -4.54747350886464e-13 489000 0

-954 -4.54747350886464e-13 489000 0
-954 2.79999999999955 489000 0
-954 5.59999999999954 489000 0

-954 5.59999999999954 489000 0

-965.2 -5.60000000000045 489000 0
-965.2 5.59999999999954 489000 0

-954 -5.60000000000045 489000 0
-965.2 -5.60000000000045 489000 0

-954 5.59999999999954 489000 0
-965.2 5.59999999999954 489000 0

-965.2 -5.60000000000045 498780 0
-965.2 5.59999999999954 498780 0

-954 -5.60000000000045 498780 0
-954 5.59999999999954 498780 0

-965.2 -5.60000000000045 498780 0
-954 -5.60000000000045 498780 0

-965.2 5.59999999999954 498780 0
-954 5.59999999999954 498780 0

-965.2 -5.60000000000045 489000 0
-965.2 5.59999999999954 489000 0

-965.2 -5.60000000000045 498780 0
-965.2 5.59999999999954 498780 0

-965.2 -5.60000000000045 489000 0
-965.2 -5.60000000000045 498780 0

-965.2 5.59999999999954 489000 0
-965.2 5.59999999999954 498780 0

-954 -5.60000000000045 498780 0
-954 5.59999999999954 498780 0

-954 -5.60000000000045 489000 0
-954 5.59999999999954 489000 0

-954 -5.60000000000045 498780 0
-954 -5.60000000000045 489000 0

-954 5.59999999999954 498780 0
-954 5.59999999999954 489000 0

-954 -5.60000000000045 489000 0
-965.2 -5.60000000000045 489000 0

-954 -5.60000000000045 498780 0
-965.2 -5.60000000000045 498780 0

-954 -5.60000000000045 489000 0
-954 -5.60000000000045 498780 0

-965.2 -5.60000000000045 489000 0
-965.2 -5.60000000000045 498780 0

-954 5.59999999999954 498780 0
-965.2 5.59999999999954 498780 0

-954 5.59999999999954 489000 0
-965.2 5.59999999999954 489000 0

-954 5.59999999999954 498780 0
-954 5.59999999999954 489000 0

-965.2 5.59999999999954 498780 0
-965.2 5.59999999999954 489000 0

-954 -5.60000000000045 498780 0
-954 -4.54747350886464e-13 498780 0

-954 -4.54747350886464e-13 498780 0
-954 2.79999999999955 498780 0
-954 5.59999999999954 498780 0

-954 5.59999999999954 498780 0

-965.2 -5.60000000000045 498780 0
-965.2 5.59999999999954 498780 0

-954 -5.60000000000045 498780 0
-965.2 -5.60000000000045 498780 0

-954 5.59999999999954 498780 0
-965.2 5.59999999999954 498780 0

-965.2 -5.60000000000045 508560 0
-965.2 5.59999999999954 508560 0

-954 -5.60000000000045 508560 0
-954 5.59999999999954 508560 0

-965.2 -5.60000000000045 508560 0
-954 -5.60000000000045 508560 0

-965.2 5.59999999999954 508560 0
-954 5.59999999999954 508560 0

-965.2 -5.60000000000045 498780 0
-965.2 5.59999999999954 498780 0

-965.2 -5.60000000000045 508560 0
-965.2 5.59999999999954 508560 0

-965.2 -5.60000000000045 498780 0
-965.2 -5.60000000000045 508560 0

-965.2 5.59999999999954 498780 0
-965.2 5.59999999999954 508560 0

-954 -5.60000000000045 508560 0
-954 5.59999999999954 508560 0

-954 -5.60000000000045 498780 0
-954 5.59999999999954 498780 0

-954 -5.60000000000045 508560 0
-954 -5.60000000000045 498780 0

-954 5.59999999999954 508560 0
-954 5.59999999999954 498780 0

-954 -5.60000000000045 498780 0
-965.2 -5.60000000000045 498780 0

-954 -5.60000000000045 508560 0
-965.2 -5.60000000000045 508560 0

-954 -5.60000000000045 498780 0
-954 -5.60000000000045 508560 0

-965.2 -5.60000000000045 498780 0
-965.2 -5.60000000000045 508560 0

-954 5.59999999999954 508560 0
-965.2 5.59999999999954 508560 0

-954 5.59999999999954 498780 0
-965.2 5.59999999999954 498780 0

-954 5.59999999999954 508560 0
-954 5.59999999999954 498780 0

-965.2 5.59999999999954 508560 0
-965.2 5.59999999999954 498780 0

-954 -5.60000000000045 508560 0
-954 -4.54747350886464e-13 508560 0

-954 -4.54747350886464e-13 508560 0
-954 2.79999999999955 508560 0
-954 5.59999999999954 508560 0

-954 5.59999999999954 508560 0

-965.2 -5.60000000000045 508560 0
-965.2 5.59999999999954 508560 0

-954 -5.60000000000045 508560 0
-965.2 -5.60000000000045 508560 0

-954 5.59999999999954 508560 0
-965.2 5.59999999999954 508560 0

-965.2 -5.60000000000045 518340 0
-965.2 5.59999999999954 518340 0

-954 -5.60000000000045 518340 0
-954 5.59999999999954 518340 0

-965.2 -5.60000000000045 518340 0
-954 -5.60000000000045 518340 0

-965.2 5.59999999999954 518340 0
-954 5.59999999999954 518340 0

-965.2 -5.60000000000045 508560 0
-965.2 5.59999999999954 508560 0

-965.2 -5.60000000000045 518340 0
-965.2 5.59999999999954 518340 0

-965.2 -5.60000000000045 508560 0
-965.2 -5.60000000000045 518340 0

-965.2 5.59999999999954 508560 0
-965.2 5.59999999999954 518340 0

-954 -5.60000000000045 518340 0
-954 5.59999999999954 518340 0

-954 -5.60000000000045 508560 0
-954 5.59999999999954 508560 0

-954 -5.60000000000045 518340 0
-954 -5.60000000000045 508560 0

-954 5.59999999999954 518340 0
-954 5.59999999999954 508560 0

-954 -5.60000000000045 508560 0
-965.2 -5.60000000000045 508560 0

-954 -5.60000000000045 518340 0
-965.2 -5.60000000000045 518340 0

-954 -5.60000000000045 508560 0
-954 -5.60000000000045 518340 0

-965.2 -5.60000000000045 508560 0
-965.2 -5.60000000000045 518340 0

-954 5.59999999999954 518340 0
-965.2 5.59999999999954 518340 0

-954 5.59999999999954 508560 0
-965.2 5.59999999999954 508560 0

-954 5.59999999999954 518340 0
-954 5.59999999999954 508560 0

-965.2 5.59999999999954 518340 0
-965.2 5.59999999999954 508560 0

-954 -5.60000000000045 518340 0
-954 -4.54747350886464e-13 518340 0

-954 -4.54747350886464e-13 518340 0
-954 2.79999999999955 518340 0
-954 5.59999999999954 518340 0

-954 5.59999999999954 518340 0

-965.2 -5.60000000000045 518340 0
-965.2 5.59999999999954 518340 0

-954 -5.60000000000045 518340 0
-965.2 -5.60000000000045 518340 0

-954 5.59999999999954 518340 0
-965.2 5.59999999999954 518340 0

-965.2 -5.60000000000045 528120 0
-965.2 5.59999999999954 528120 0

-954 -5.60000000000045 528120 0
-954 5.59999999999954 528120 0

-965.2 -5.60000000000045 528120 0
-954 -5.60000000000045 528120 0

-965.2 5.59999999999954 528120 0
-954 5.59999999999954 528120 0

-965.2 -5.60000000000045 518340 0
-965.2 5.59999999999954 518340 0

-965.2 -5.60000000000045 528120 0
-965.2 5.59999999999954 528120 0

-965.2 -5.60000000000045 518340 0
-965.2 -5.60000000000045 528120 0

-965.2 5.59999999999954 518340 0
-965.2 5.59999999999954 528120 0

-954 -5.60000000000045 528120 0
-954 5.59999999999954 528120 0

-954 -5.60000000000045 518340 0
-954 5.59999999999954 518340 0

-954 -5.60000000000045 528120 0
-954 -5.60000000000045 518340 0

-954 5.59999999999954 528120 0
-954 5.59999999999954 518340 0

-954 -5.60000000000045 518340 0
-965.2 -5.60000000000045 518340 0

-954 -5.60000000000045 528120 0
-965.2 -5.60000000000045 528120 0

-954 -5.60000000000045 518340 0
-954 -5.60000000000045 528120 0

-965.2 -5.60000000000045 518340 0
-965.2 -5.60000000000045 528120 0

-954 5.59999999999954 528120 0
-965.2 5.59999999999954 528120 0

-954 5.59999999999954 518340 0
-965.2 5.59999999999954 518340 0

-954 5.59999999999954 528120 0
-954 5.59999999999954 518340 0

-965.2 5.59999999999954 528120 0
-965.2 5.59999999999954 518340 0

-954 -5.60000000000045 528120 0
-954 -4.54747350886464e-13 528120 0

-954 -4.54747350886464e-13 528120 0
-954 2.79999999999955 528120 0
-954 5.59999999999954 528120 0

-954 5.59999999999954 528120 0

-965.2 -5.60000000000045 528120 0
-965.2 5.59999999999954 528120 0

-954 -5.60000000000045 528120 0
-965.2 -5.60000000000045 528120 0

-954 5.59999999999954 528120 0
-965.2 5.59999999999954 528120 0

-965.2 -5.60000000000045 537900 0
-965.2 5.59999999999954 537900 0

-954 -5.60000000000045 537900 0
-954 5.59999999999954 537900 0

-965.2 -5.60000000000045 537900 0
-954 -5.60000000000045 537900 0

-965.2 5.59999999999954 537900 0
-954 5.59999999999954 537900 0

-965.2 -5.60000000000045 528120 0
-965.2 5.59999999999954 528120 0

-965.2 -5.60000000000045 537900 0
-965.2 5.59999999999954 537900 0

-965.2 -5.60000000000045 528120 0
-965.2 -5.60000000000045 537900 0

-965.2 5.59999999999954 528120 0
-965.2 5.59999999999954 537900 0

-954 -5.60000000000045 537900 0
-954 5.59999999999954 537900 0

-954 -5.60000000000045 528120 0
-954 5.59999999999954 528120 0

-954 -5.60000000000045 537900 0
-954 -5.60000000000045 528120 0

-954 5.59999999999954 537900 0
-954 5.59999999999954 528120 0

-954 -5.60000000000045 528120 0
-965.2 -5.60000000000045 528120 0

-954 -5.60000000000045 537900 0
-965.2 -5.60000000000045 537900 0

-954 -5.60000000000045 528120 0
-954 -5.60000000000045 537900 0

-965.2 -5.60000000000045 528120 0
-965.2 -5.60000000000045 537900 0

-954 5.59999999999954 537900 0
-965.2 5.59999999999954 537900 0

-954 5.59999999999954 528120 0
-965.2 5.59999999999954 528120 0

-954 5.59999999999954 537900 0
-954 5.59999999999954 528120 0

-965.2 5.59999999999954 537900 0
-965.2 5.59999999999954 528120 0

-954 -5.60000000000045 537900 0
-954 -4.54747350886464e-13 537900 0

-954 -4.54747350886464e-13 537900 0
-954 2.79999999999955 537900 0
-954 5.59999999999954 537900 0

-954 5.59999999999954 537900 0

-965.2 -5.60000000000045 537900 0
-965.2 5.59999999999954 537900 0

-954 -5.60000000000045 537900 0
-965.2 -5.60000000000045 537900 0

-954 5.59999999999954 537900 0
-965.2 5.59999999999954 537900 0

-965.2 -5.60000000000045 547680 0
-965.2 5.59999999999954 547680 0

-954 -5.60000000000045 547680 0
-954 5.59999999999954 547680 0

-965.2 -5.60000000000045 547680 0
-954 -5.60000000000045 547680 0

-965.2 5.59999999999954 547680 0
-954 5.59999999999954 547680 0

-965.2 -5.60000000000045 537900 0
-965.2 5.59999999999954 537900 0

-965.2 -5.60000000000045 547680 0
-965.2 5.59999999999954 547680 0

-965.2 -5.60000000000045 537900 0
-965.2 -5.60000000000045 547680 0

-965.2 5.59999999999954 537900 0
-965.2 5.59999999999954 547680 0

-954 -5.60000000000045 547680 0
-954 5.59999999999954 547680 0

-954 -5.60000000000045 537900 0
-954 5.59999999999954 537900 0

-954 -5.60000000000045 547680 0
-954 -5.60000000000045 537900 0

-954 5.59999999999954 547680 0
-954 5.59999999999954 537900 0

-954 -5.60000000000045 537900 0
-965.2 -5.60000000000045 537900 0

-954 -5.60000000000045 547680 0
-965.2 -5.60000000000045 547680 0

-954 -5.60000000000045 537900 0
-954 -5.60000000000045 547680 0

-965.2 -5.60000000000045 537900 0
-965.2 -5.60000000000045 547680 0

-954 5.59999999999954 547680 0
-965.2 5.59999999999954 547680 0

-954 5.59999999999954 537900 0
-965.2 5.59999999999954 537900 0

-954 5.59999999999954 547680 0
-954 5.59999999999954 537900 0

-965.2 5.59999999999954 547680 0
-965.2 5.59999999999954 537900 0

-954 -5.60000000000045 547680 0
-954 -4.54747350886464e-13 547680 0

-954 -4.54747350886464e-13 547680 0
-954 2.79999999999955 547680 0
-954 5.59999999999954 547680 0

-954 5.59999999999954 547680 0

-965.2 -5.60000000000045 547680 0
-965.2 5.59999999999954 547680 0

-954 -5.60000000000045 547680 0
-965.2 -5.60000000000045 547680 0

-954 5.59999999999954 547680 0
-965.2 5.59999999999954 547680 0

-965.2 -5.60000000000045 557460 0
-965.2 5.59999999999954 557460 0

-954 -5.60000000000045 557460 0
-954 5.59999999999954 557460 0

-965.2 -5.60000000000045 557460 0
-954 -5.60000000000045 557460 0

-965.2 5.59999999999954 557460 0
-954 5.59999999999954 557460 0

-965.2 -5.60000000000045 547680 0
-965.2 5.59999999999954 547680 0

-965.2 -5.60000000000045 557460 0
-965.2 5.59999999999954 557460 0

-965.2 -5.60000000000045 547680 0
-965.2 -5.60000000000045 557460 0

-965.2 5.59999999999954 547680 0
-965.2 5.59999999999954 557460 0

-954 -5.60000000000045 557460 0
-954 5.59999999999954 557460 0

-954 -5.60000000000045 547680 0
-954 5.59999999999954 547680 0

-954 -5.60000000000045 557460 0
-954 -5.60000000000045 547680 0

-954 5.59999999999954 557460 0
-954 5.59999999999954 547680 0

-954 -5.60000000000045 547680 0
-965.2 -5.60000000000045 547680 0

-954 -5.60000000000045 557460 0
-965.2 -5.60000000000045 557460 0

-954 -5.60000000000045 547680 0
-954 -5.60000000000045 557460 0

-965.2 -5.60000000000045 547680 0
-965.2 -5.60000000000045 557460 0

-954 5.59999999999954 557460 0
-965.2 5.59999999999954 557460 0

-954 5.59999999999954 547680 0
-965.2 5.59999999999954 547680 0

-954 5.59999999999954 557460 0
-954 5.59999999999954 547680 0

-965.2 5.59999999999954 557460 0
-965.2 5.59999999999954 547680 0

-954 -5.60000000000045 557460 0
-954 -4.54747350886464e-13 557460 0

-954 -4.54747350886464e-13 557460 0
-954 2.79999999999955 557460 0
-954 5.59999999999954 557460 0

-954 5.59999999999954 557460 0

-965.2 -5.60000000000045 557460 0
-965.2 5.59999999999954 557460 0

-954 -5.60000000000045 557460 0
-965.2 -5.60000000000045 557460 0

-954 5.59999999999954 557460 0
-965.2 5.59999999999954 557460 0

-965.2 -5.60000000000045 567240 0
-965.2 5.59999999999954 567240 0

-954 -5.60000000000045 567240 0
-954 5.59999999999954 567240 0

-965.2 -5.60000000000045 567240 0
-954 -5.60000000000045 567240 0

-965.2 5.59999999999954 567240 0
-954 5.59999999999954 567240 0

-965.2 -5.60000000000045 557460 0
-965.2 5.59999999999954 557460 0

-965.2 -5.60000000000045 567240 0
-965.2 5.59999999999954 567240 0

-965.2 -5.60000000000045 557460 0
-965.2 -5.60000000000045 567240 0

-965.2 5.59999999999954 557460 0
-965.2 5.59999999999954 567240 0

-954 -5.60000000000045 567240 0
-954 5.59999999999954 567240 0

-954 -5.60000000000045 557460 0
-954 5.59999999999954 557460 0

-954 -5.60000000000045 567240 0
-954 -5.60000000000045 557460 0

-954 5.59999999999954 567240 0
-954 5.59999999999954 557460 0

-954 -5.60000000000045 557460 0
-965.2 -5.60000000000045 557460 0

-954 -5.60000000000045 567240 0
-965.2 -5.60000000000045 567240 0

-954 -5.60000000000045 557460 0
-954 -5.60000000000045 567240 0

-965.2 -5.60000000000045 557460 0
-965.2 -5.60000000000045 567240 0

-954 5.59999999999954 567240 0
-965.2 5.59999999999954 567240 0

-954 5.59999999999954 557460 0
-965.2 5.59999999999954 557460 0

-954 5.59999999999954 567240 0
-954 5.59999999999954 557460 0

-965.2 5.59999999999954 567240 0
-965.2 5.59999999999954 557460 0

-954 -5.60000000000045 567240 0
-954 -4.54747350886464e-13 567240 0

-954 -4.54747350886464e-13 567240 0
-954 2.79999999999955 567240 0
-954 5.59999999999954 567240 0

-954 5.59999999999954 567240 0

-965.2 -5.60000000000045 567240 0
-965.2 5.59999999999954 567240 0

-954 -5.60000000000045 567240 0
-965.2 -5.60000000000045 567240 0

-954 5.59999999999954 567240 0
-965.2 5.59999999999954 567240 0

-965.2 -5.60000000000045 577020 0
-965.2 5.59999999999954 577020 0

-954 -5.60000000000045 577020 0
-954 5.59999999999954 577020 0

-965.2 -5.60000000000045 577020 0
-954 -5.60000000000045 577020 0

-965.2 5.59999999999954 577020 0
-954 5.59999999999954 577020 0

-965.2 -5.60000000000045 567240 0
-965.2 5.59999999999954 567240 0

-965.2 -5.60000000000045 577020 0
-965.2 5.59999999999954 577020 0

-965.2 -5.60000000000045 567240 0
-965.2 -5.60000000000045 577020 0

-965.2 5.59999999999954 567240 0
-965.2 5.59999999999954 577020 0

-954 -5.60000000000045 577020 0
-954 5.59999999999954 577020 0

-954 -5.60000000000045 567240 0
-954 5.59999999999954 567240 0

-954 -5.60000000000045 577020 0
-954 -5.60000000000045 567240 0

-954 5.59999999999954 577020 0
-954 5.59999999999954 567240 0

-954 -5.60000000000045 567240 0
-965.2 -5.60000000000045 567240 0

-954 -5.60000000000045 577020 0
-965.2 -5.60000000000045 577020 0

-954 -5.60000000000045 567240 0
-954 -5.60000000000045 577020 0

-965.2 -5.60000000000045 567240 0
-965.2 -5.60000000000045 577020 0

-954 5.59999999999954 577020 0
-965.2 5.59999999999954 577020 0

-954 5.59999999999954 567240 0
-965.2 5.59999999999954 567240 0

-954 5.59999999999954 577020 0
-954 5.59999999999954 567240 0

-965.2 5.59999999999954 577020 0
-965.2 5.59999999999954 567240 0

-954 -5.60000000000045 577020 0
-954 -4.54747350886464e-13 577020 0

-954 -4.54747350886464e-13 577020 0
-954 2.79999999999955 577020 0
-954 5.59999999999954 577020 0

-954 5.59999999999954 577020 0

-965.2 -5.60000000000045 577020 0
-965.2 5.59999999999954 577020 0

-954 -5.60000000000045 577020 0
-965.2 -5.60000000000045 577020 0

-954 5.59999999999954 577020 0
-965.2 5.59999999999954 577020 0

-965.2 -5.60000000000045 586800 0
-965.2 5.59999999999954 586800 0

-954 -5.60000000000045 586800 0
-954 5.59999999999954 586800 0

-965.2 -5.60000000000045 586800 0
-954 -5.60000000000045 586800 0

-965.2 5.59999999999954 586800 0
-954 5.59999999999954 586800 0

-965.2 -5.60000000000045 577020 0
-965.2 5.59999999999954 577020 0

-965.2 -5.60000000000045 586800 0
-965.2 5.59999999999954 586800 0

-965.2 -5.60000000000045 577020 0
-965.2 -5.60000000000045 586800 0

-965.2 5.59999999999954 577020 0
-965.2 5.59999999999954 586800 0

-954 -5.60000000000045 586800 0
-954 5.59999999999954 586800 0

-954 -5.60000000000045 577020 0
-954 5.59999999999954 577020 0

-954 -5.60000000000045 586800 0
-954 -5.60000000000045 577020 0

-954 5.59999999999954 586800 0
-954 5.59999999999954 577020 0

-954 -5.60000000000045 577020 0
-965.2 -5.60000000000045 577020 0

-954 -5.60000000000045 586800 0
-965.2 -5.60000000000045 586800 0

-954 -5.60000000000045 577020 0
-954 -5.60000000000045 586800 0

-965.2 -5.60000000000045 577020 0
-965.2 -5.60000000000045 586800 0

-954 5.59999999999954 586800 0
-965.2 5.59999999999954 586800 0

-954 5.59999999999954 577020 0
-965.2 5.59999999999954 577020 0

-954 5.59999999999954 586800 0
-954 5.59999999999954 577020 0

-965.2 5.59999999999954 586800 0
-965.2 5.59999999999954 577020 0

-954 -5.60000000000045 586800 0
-954 -4.54747350886464e-13 586800 0

-954 -4.54747350886464e-13 586800 0
-954 2.79999999999955 586800 0
-954 5.59999999999954 586800 0

-954 5.59999999999954 586800 0

-965.2 -5.60000000000045 586800 0
-965.2 5.59999999999954 586800 0

-954 -5.60000000000045 586800 0
-965.2 -5.60000000000045 586800 0

-954 5.59999999999954 586800 0
-965.2 5.59999999999954 586800 0

-965.2 -5.60000000000045 596580 0
-965.2 5.59999999999954 596580 0

-954 -5.60000000000045 596580 0
-954 5.59999999999954 596580 0

-965.2 -5.60000000000045 596580 0
-954 -5.60000000000045 596580 0

-965.2 5.59999999999954 596580 0
-954 5.59999999999954 596580 0

-965.2 -5.60000000000045 586800 0
-965.2 5.59999999999954 586800 0

-965.2 -5.60000000000045 596580 0
-965.2 5.59999999999954 596580 0

-965.2 -5.60000000000045 586800 0
-965.2 -5.60000000000045 596580 0

-965.2 5.59999999999954 586800 0
-965.2 5.59999999999954 596580 0

-954 -5.60000000000045 596580 0
-954 5.59999999999954 596580 0

-954 -5.60000000000045 586800 0
-954 5.59999999999954 586800 0

-954 -5.60000000000045 596580 0
-954 -5.60000000000045 586800 0

-954 5.59999999999954 596580 0
-954 5.59999999999954 586800 0

-954 -5.60000000000045 586800 0
-965.2 -5.60000000000045 586800 0

-954 -5.60000000000045 596580 0
-965.2 -5.60000000000045 596580 0

-954 -5.60000000000045 586800 0
-954 -5.60000000000045 596580 0

-965.2 -5.60000000000045 586800 0
-965.2 -5.60000000000045 596580 0

-954 5.59999999999954 596580 0
-965.2 5.59999999999954 596580 0

-954 5.59999999999954 586800 0
-965.2 5.59999999999954 586800 0

-954 5.59999999999954 596580 0
-954 5.59999999999954 586800 0

-965.2 5.59999999999954 596580 0
-965.2 5.59999999999954 586800 0

-954 -5.60000000000045 596580 0
-954 -4.54747350886464e-13 596580 0

-954 -4.54747350886464e-13 596580 0
-954 2.79999999999955 596580 0
-954 5.59999999999954 596580 0

-954 5.59999999999954 596580 0

-965.2 -5.60000000000045 596580 0
-965.2 5.59999999999954 596580 0

-954 -5.60000000000045 596580 0
-965.2 -5.60000000000045 596580 0

-954 5.59999999999954 596580 0
-965.2 5.59999999999954 596580 0

-965.2 -5.60000000000045 606360 0
-965.2 5.59999999999954 606360 0

-954 -5.60000000000045 606360 0
-954 5.59999999999954 606360 0

-965.2 -5.60000000000045 606360 0
-954 -5.60000000000045 606360 0

-965.2 5.59999999999954 606360 0
-954 5.59999999999954 606360 0

-965.2 -5.60000000000045 596580 0
-965.2 5.59999999999954 596580 0

-965.2 -5.60000000000045 606360 0
-965.2 5.59999999999954 606360 0

-965.2 -5.60000000000045 596580 0
-965.2 -5.60000000000045 606360 0

-965.2 5.59999999999954 596580 0
-965.2 5.59999999999954 606360 0

-954 -5.60000000000045 606360 0
-954 5.59999999999954 606360 0

-954 -5.60000000000045 596580 0
-954 5.59999999999954 596580 0

-954 -5.60000000000045 606360 0
-954 -5.60000000000045 596580 0

-954 5.59999999999954 606360 0
-954 5.59999999999954 596580 0

-954 -5.60000000000045 596580 0
-965.2 -5.60000000000045 596580 0

-954 -5.60000000000045 606360 0
-965.2 -5.60000000000045 606360 0

-954 -5.60000000000045 596580 0
-954 -5.60000000000045 606360 0

-965.2 -5.60000000000045 596580 0
-965.2 -5.60000000000045 606360 0

-954 5.59999999999954 606360 0
-965.2 5.59999999999954 606360 0

-954 5.59999999999954 596580 0
-965.2 5.59999999999954 596580 0

-954 5.59999999999954 606360 0
-954 5.59999999999954 596580 0

-965.2 5.59999999999954 606360 0
-965.2 5.59999999999954 596580 0

-954 -5.60000000000045 606360 0
-954 -4.54747350886464e-13 606360 0

-954 -4.54747350886464e-13 606360 0
-954 2.79999999999955 606360 0
-954 5.59999999999954 606360 0

-954 5.59999999999954 606360 0

-965.2 -5.60000000000045 606360 0
-965.2 5.59999999999954 606360 0

-954 -5.60000000000045 606360 0
-965.2 -5.60000000000045 606360 0

-954 5.59999999999954 606360 0
-965.2 5.59999999999954 606360 0

-965.2 -5.60000000000045 616140 0
-965.2 5.59999999999954 616140 0

-954 -5.60000000000045 616140 0
-954 5.59999999999954 616140 0

-965.2 -5.60000000000045 616140 0
-954 -5.60000000000045 616140 0

-965.2 5.59999999999954 616140 0
-954 5.59999999999954 616140 0

-965.2 -5.60000000000045 606360 0
-965.2 5.59999999999954 606360 0

-965.2 -5.60000000000045 616140 0
-965.2 5.59999999999954 616140 0

-965.2 -5.60000000000045 606360 0
-965.2 -5.60000000000045 616140 0

-965.2 5.59999999999954 606360 0
-965.2 5.59999999999954 616140 0

-954 -5.60000000000045 616140 0
-954 5.59999999999954 616140 0

-954 -5.60000000000045 606360 0
-954 5.59999999999954 606360 0

-954 -5.60000000000045 616140 0
-954 -5.60000000000045 606360 0

-954 5.59999999999954 616140 0
-954 5.59999999999954 606360 0

-954 -5.60000000000045 606360 0
-965.2 -5.60000000000045 606360 0

-954 -5.60000000000045 616140 0
-965.2 -5.60000000000045 616140 0

-954 -5.60000000000045 606360 0
-954 -5.60000000000045 616140 0

-965.2 -5.60000000000045 606360 0
-965.2 -5.60000000000045 616140 0

-954 5.59999999999954 616140 0
-965.2 5.59999999999954 616140 0

-954 5.59999999999954 606360 0
-965.2 5.59999999999954 606360 0

-954 5.59999999999954 616140 0
-954 5.59999999999954 606360 0

-965.2 5.59999999999954 616140 0
-965.2 5.59999999999954 606360 0

-954 -5.60000000000045 616140 0
-954 -4.54747350886464e-13 616140 0

-954 -4.54747350886464e-13 616140 0
-954 2.79999999999955 616140 0
-954 5.59999999999954 616140 0

-954 5.59999999999954 616140 0

-965.2 -5.60000000000045 616140 0
-965.2 5.59999999999954 616140 0

-954 -5.60000000000045 616140 0
-965.2 -5.60000000000045 616140 0

-954 5.59999999999954 616140 0
-965.2 5.59999999999954 616140 0

-965.2 -5.60000000000045 625920 0
-965.2 5.59999999999954 625920 0

-954 -5.60000000000045 625920 0
-954 5.59999999999954 625920 0

-965.2 -5.60000000000045 625920 0
-954 -5.60000000000045 625920 0

-965.2 5.59999999999954 625920 0
-954 5.59999999999954 625920 0

-965.2 -5.60000000000045 616140 0
-965.2 5.59999999999954 616140 0

-965.2 -5.60000000000045 625920 0
-965.2 5.59999999999954 625920 0

-965.2 -5.60000000000045 616140 0
-965.2 -5.60000000000045 625920 0

-965.2 5.59999999999954 616140 0
-965.2 5.59999999999954 625920 0

-954 -5.60000000000045 625920 0
-954 5.59999999999954 625920 0

-954 -5.60000000000045 616140 0
-954 5.59999999999954 616140 0

-954 -5.60000000000045 625920 0
-954 -5.60000000000045 616140 0

-954 5.59999999999954 625920 0
-954 5.59999999999954 616140 0

-954 -5.60000000000045 616140 0
-965.2 -5.60000000000045 616140 0

-954 -5.60000000000045 625920 0
-965.2 -5.60000000000045 625920 0

-954 -5.60000000000045 616140 0
-954 -5.60000000000045 625920 0

-965.2 -5.60000000000045 616140 0
-965.2 -5.60000000000045 625920 0

-954 5.59999999999954 625920 0
-965.2 5.59999999999954 625920 0

-954 5.59999999999954 616140 0
-965.2 5.59999999999954 616140 0

-954 5.59999999999954 625920 0
-954 5.59999999999954 616140 0

-965.2 5.59999999999954 625920 0
-965.2 5.59999999999954 616140 0

-954 -5.60000000000045 625920 0
-954 -4.54747350886464e-13 625920 0

-954 -4.54747350886464e-13 625920 0
-954 2.79999999999955 625920 0
-954 5.59999999999954 625920 0

-954 5.59999999999954 625920 0

-965.2 -5.60000000000045 625920 0
-965.2 5.59999999999954 625920 0

-954 -5.60000000000045 625920 0
-965.2 -5.60000000000045 625920 0

-954 5.59999999999954 625920 0
-965.2 5.59999999999954 625920 0

-965.2 -5.60000000000045 635700 0
-965.2 5.59999999999954 635700 0

-954 -5.60000000000045 635700 0
-954 5.59999999999954 635700 0

-965.2 -5.60000000000045 635700 0
-954 -5.60000000000045 635700 0

-965.2 5.59999999999954 635700 0
-954 5.59999999999954 635700 0

-965.2 -5.60000000000045 625920 0
-965.2 5.59999999999954 625920 0

-965.2 -5.60000000000045 635700 0
-965.2 5.59999999999954 635700 0

-965.2 -5.60000000000045 625920 0
-965.2 -5.60000000000045 635700 0

-965.2 5.59999999999954 625920 0
-965.2 5.59999999999954 635700 0

-954 -5.60000000000045 635700 0
-954 5.59999999999954 635700 0

-954 -5.60000000000045 625920 0
-954 5.59999999999954 625920 0

-954 -5.60000000000045 635700 0
-954 -5.60000000000045 625920 0

-954 5.59999999999954 635700 0
-954 5.59999999999954 625920 0

-954 -5.60000000000045 625920 0
-965.2 -5.60000000000045 625920 0

-954 -5.60000000000045 635700 0
-965.2 -5.60000000000045 635700 0

-954 -5.60000000000045 625920 0
-954 -5.60000000000045 635700 0

-965.2 -5.60000000000045 625920 0
-965.2 -5.60000000000045 635700 0

-954 5.59999999999954 635700 0
-965.2 5.59999999999954 635700 0

-954 5.59999999999954 625920 0
-965.2 5.59999999999954 625920 0

-954 5.59999999999954 635700 0
-954 5.59999999999954 625920 0

-965.2 5.59999999999954 635700 0
-965.2 5.59999999999954 625920 0

-954 -5.60000000000045 635700 0
-954 -4.54747350886464e-13 635700 0

-954 -4.54747350886464e-13 635700 0
-954 2.79999999999955 635700 0
-954 5.59999999999954 635700 0

-954 5.59999999999954 635700 0

-965.2 -5.60000000000045 635700 0
-965.2 5.59999999999954 635700 0

-954 -5.60000000000045 635700 0
-965.2 -5.60000000000045 635700 0

-954 5.59999999999954 635700 0
-965.2 5.59999999999954 635700 0

-965.2 -5.60000000000045 645480 0
-965.2 5.59999999999954 645480 0

-954 -5.60000000000045 645480 0
-954 5.59999999999954 645480 0

-965.2 -5.60000000000045 645480 0
-954 -5.60000000000045 645480 0

-965.2 5.59999999999954 645480 0
-954 5.59999999999954 645480 0

-965.2 -5.60000000000045 635700 0
-965.2 5.59999999999954 635700 0

-965.2 -5.60000000000045 645480 0
-965.2 5.59999999999954 645480 0

-965.2 -5.60000000000045 635700 0
-965.2 -5.60000000000045 645480 0

-965.2 5.59999999999954 635700 0
-965.2 5.59999999999954 645480 0

-954 -5.60000000000045 645480 0
-954 5.59999999999954 645480 0

-954 -5.60000000000045 635700 0
-954 5.59999999999954 635700 0

-954 -5.60000000000045 645480 0
-954 -5.60000000000045 635700 0

-954 5.59999999999954 645480 0
-954 5.59999999999954 635700 0

-954 -5.60000000000045 635700 0
-965.2 -5.60000000000045 635700 0

-954 -5.60000000000045 645480 0
-965.2 -5.60000000000045 645480 0

-954 -5.60000000000045 635700 0
-954 -5.60000000000045 645480 0

-965.2 -5.60000000000045 635700 0
-965.2 -5.60000000000045 645480 0

-954 5.59999999999954 645480 0
-965.2 5.59999999999954 645480 0

-954 5.59999999999954 635700 0
-965.2 5.59999999999954 635700 0

-954 5.59999999999954 645480 0
-954 5.59999999999954 635700 0

-965.2 5.59999999999954 645480 0
-965.2 5.59999999999954 635700 0

-954 -5.60000000000045 645480 0
-954 -4.54747350886464e-13 645480 0

-954 -4.54747350886464e-13 645480 0
-954 2.79999999999955 645480 0
-954 5.59999999999954 645480 0

-954 5.59999999999954 645480 0

-965.2 -5.60000000000045 645480 0
-965.2 5.59999999999954 645480 0

-954 -5.60000000000045 645480 0
-965.2 -5.60000000000045 645480 0

-954 5.59999999999954 645480 0
-965.2 5.59999999999954 645480 0

-965.2 -5.60000000000045 655260 0
-965.2 5.59999999999954 655260 0

-954 -5.60000000000045 655260 0
-954 5.59999999999954 655260 0

-965.2 -5.60000000000045 655260 0
-954 -5.60000000000045 655260 0

-965.2 5.59999999999954 655260 0
-954 5.59999999999954 655260 0

-965.2 -5.60000000000045 645480 0
-965.2 5.59999999999954 645480 0

-965.2 -5.60000000000045 655260 0
-965.2 5.59999999999954 655260 0

-965.2 -5.60000000000045 645480 0
-965.2 -5.60000000000045 655260 0

-965.2 5.59999999999954 645480 0
-965.2 5.59999999999954 655260 0

-954 -5.60000000000045 655260 0
-954 5.59999999999954 655260 0

-954 -5.60000000000045 645480 0
-954 5.59999999999954 645480 0

-954 -5.60000000000045 655260 0
-954 -5.60000000000045 645480 0

-954 5.59999999999954 655260 0
-954 5.59999999999954 645480 0

-954 -5.60000000000045 645480 0
-965.2 -5.60000000000045 645480 0

-954 -5.60000000000045 655260 0
-965.2 -5.60000000000045 655260 0

-954 -5.60000000000045 645480 0
-954 -5.60000000000045 655260 0

-965.2 -5.60000000000045 645480 0
-965.2 -5.60000000000045 655260 0

-954 5.59999999999954 655260 0
-965.2 5.59999999999954 655260 0

-954 5.59999999999954 645480 0
-965.2 5.59999999999954 645480 0

-954 5.59999999999954 655260 0
-954 5.59999999999954 645480 0

-965.2 5.59999999999954 655260 0
-965.2 5.59999999999954 645480 0

-954 -5.60000000000045 655260 0
-954 -4.54747350886464e-13 655260 0

-954 -4.54747350886464e-13 655260 0
-954 2.79999999999955 655260 0
-954 5.59999999999954 655260 0

-954 5.59999999999954 655260 0

-965.2 -5.60000000000045 655260 0
-965.2 5.59999999999954 655260 0

-954 -5.60000000000045 655260 0
-965.2 -5.60000000000045 655260 0

-954 5.59999999999954 655260 0
-965.2 5.59999999999954 655260 0

-965.2 -5.60000000000045 665040 0
-965.2 5.59999999999954 665040 0

-954 -5.60000000000045 665040 0
-954 5.59999999999954 665040 0

-965.2 -5.60000000000045 665040 0
-954 -5.60000000000045 665040 0

-965.2 5.59999999999954 665040 0
-954 5.59999999999954 665040 0

-965.2 -5.60000000000045 655260 0
-965.2 5.59999999999954 655260 0

-965.2 -5.60000000000045 665040 0
-965.2 5.59999999999954 665040 0

-965.2 -5.60000000000045 655260 0
-965.2 -5.60000000000045 665040 0

-965.2 5.59999999999954 655260 0
-965.2 5.59999999999954 665040 0

-954 -5.60000000000045 665040 0
-954 5.59999999999954 665040 0

-954 -5.60000000000045 655260 0
-954 5.59999999999954 655260 0

-954 -5.60000000000045 665040 0
-954 -5.60000000000045 655260 0

-954 5.59999999999954 665040 0
-954 5.59999999999954 655260 0

-954 -5.60000000000045 655260 0
-965.2 -5.60000000000045 655260 0

-954 -5.60000000000045 665040 0
-965.2 -5.60000000000045 665040 0

-954 -5.60000000000045 655260 0
-954 -5.60000000000045 665040 0

-965.2 -5.60000000000045 655260 0
-965.2 -5.60000000000045 665040 0

-954 5.59999999999954 665040 0
-965.2 5.59999999999954 665040 0

-954 5.59999999999954 655260 0
-965.2 5.59999999999954 655260 0

-954 5.59999999999954 665040 0
-954 5.59999999999954 655260 0

-965.2 5.59999999999954 665040 0
-965.2 5.59999999999954 655260 0

-954 -5.60000000000045 665040 0
-954 -4.54747350886464e-13 665040 0

-954 -4.54747350886464e-13 665040 0
-954 2.79999999999955 665040 0
-954 5.59999999999954 665040 0

-954 5.59999999999954 665040 0

-965.2 -5.60000000000045 665040 0
-965.2 5.59999999999954 665040 0

-954 -5.60000000000045 665040 0
-965.2 -5.60000000000045 665040 0

-954 5.59999999999954 665040 0
-965.2 5.59999999999954 665040 0

-965.2 -5.60000000000045 674820 0
-965.2 5.59999999999954 674820 0

-954 -5.60000000000045 674820 0
-954 5.59999999999954 674820 0

-965.2 -5.60000000000045 674820 0
-954 -5.60000000000045 674820 0

-965.2 5.59999999999954 674820 0
-954 5.59999999999954 674820 0

-965.2 -5.60000000000045 665040 0
-965.2 5.59999999999954 665040 0

-965.2 -5.60000000000045 674820 0
-965.2 5.59999999999954 674820 0

-965.2 -5.60000000000045 665040 0
-965.2 -5.60000000000045 674820 0

-965.2 5.59999999999954 665040 0
-965.2 5.59999999999954 674820 0

-954 -5.60000000000045 674820 0
-954 5.59999999999954 674820 0

-954 -5.60000000000045 665040 0
-954 5.59999999999954 665040 0

-954 -5.60000000000045 674820 0
-954 -5.60000000000045 665040 0

-954 5.59999999999954 674820 0
-954 5.59999999999954 665040 0

-954 -5.60000000000045 665040 0
-965.2 -5.60000000000045 665040 0

-954 -5.60000000000045 674820 0
-965.2 -5.60000000000045 674820 0

-954 -5.60000000000045 665040 0
-954 -5.60000000000045 674820 0

-965.2 -5.60000000000045 665040 0
-965.2 -5.60000000000045 674820 0

-954 5.59999999999954 674820 0
-965.2 5.59999999999954 674820 0

-954 5.59999999999954 665040 0
-965.2 5.59999999999954 665040 0

-954 5.59999999999954 674820 0
-954 5.59999999999954 665040 0

-965.2 5.59999999999954 674820 0
-965.2 5.59999999999954 665040 0

-954 -5.60000000000045 674820 0
-954 -4.54747350886464e-13 674820 0

-954 -4.54747350886464e-13 674820 0
-954 2.79999999999955 674820 0
-954 5.59999999999954 674820 0

-954 5.59999999999954 674820 0

-965.2 -5.60000000000045 674820 0
-965.2 5.59999999999954 674820 0

-954 -5.60000000000045 674820 0
-965.2 -5.60000000000045 674820 0

-954 5.59999999999954 674820 0
-965.2 5.59999999999954 674820 0

-965.2 -5.60000000000045 684600 0
-965.2 5.59999999999954 684600 0

-954 -5.60000000000045 684600 0
-954 5.59999999999954 684600 0

-965.2 -5.60000000000045 684600 0
-954 -5.60000000000045 684600 0

-965.2 5.59999999999954 684600 0
-954 5.59999999999954 684600 0

-965.2 -5.60000000000045 674820 0
-965.2 5.59999999999954 674820 0

-965.2 -5.60000000000045 684600 0
-965.2 5.59999999999954 684600 0

-965.2 -5.60000000000045 674820 0
-965.2 -5.60000000000045 684600 0

-965.2 5.59999999999954 674820 0
-965.2 5.59999999999954 684600 0

-954 -5.60000000000045 684600 0
-954 5.59999999999954 684600 0

-954 -5.60000000000045 674820 0
-954 5.59999999999954 674820 0

-954 -5.60000000000045 684600 0
-954 -5.60000000000045 674820 0

-954 5.59999999999954 684600 0
-954 5.59999999999954 674820 0

-954 -5.60000000000045 674820 0
-965.2 -5.60000000000045 674820 0

-954 -5.60000000000045 684600 0
-965.2 -5.60000000000045 684600 0

-954 -5.60000000000045 674820 0
-954 -5.60000000000045 684600 0

-965.2 -5.60000000000045 674820 0
-965.2 -5.60000000000045 684600 0

-954 5.59999999999954 684600 0
-965.2 5.59999999999954 684600 0

-954 5.59999999999954 674820 0
-965.2 5.59999999999954 674820 0

-954 5.59999999999954 684600 0
-954 5.59999999999954 674820 0

-965.2 5.59999999999954 684600 0
-965.2 5.59999999999954 674820 0

-954 -5.60000000000045 684600 0
-954 -4.54747350886464e-13 684600 0

-954 -4.54747350886464e-13 684600 0
-954 2.79999999999955 684600 0
-954 5.59999999999954 684600 0

-954 5.59999999999954 684600 0

-965.2 -5.60000000000045 684600 0
-965.2 5.59999999999954 684600 0

-954 -5.60000000000045 684600 0
-965.2 -5.60000000000045 684600 0

-954 5.59999999999954 684600 0
-965.2 5.59999999999954 684600 0

-965.2 -5.60000000000045 694380 0
-965.2 5.59999999999954 694380 0

-954 -5.60000000000045 694380 0
-954 5.59999999999954 694380 0

-965.2 -5.60000000000045 694380 0
-954 -5.60000000000045 694380 0

-965.2 5.59999999999954 694380 0
-954 5.59999999999954 694380 0

-965.2 -5.60000000000045 684600 0
-965.2 5.59999999999954 684600 0

-965.2 -5.60000000000045 694380 0
-965.2 5.59999999999954 694380 0

-965.2 -5.60000000000045 684600 0
-965.2 -5.60000000000045 694380 0

-965.2 5.59999999999954 684600 0
-965.2 5.59999999999954 694380 0

-954 -5.60000000000045 694380 0
-954 5.59999999999954 694380 0

-954 -5.60000000000045 684600 0
-954 5.59999999999954 684600 0

-954 -5.60000000000045 694380 0
-954 -5.60000000000045 684600 0

-954 5.59999999999954 694380 0
-954 5.59999999999954 684600 0

-954 -5.60000000000045 684600 0
-965.2 -5.60000000000045 684600 0

-954 -5.60000000000045 694380 0
-965.2 -5.60000000000045 694380 0

-954 -5.60000000000045 684600 0
-954 -5.60000000000045 694380 0

-965.2 -5.60000000000045 684600 0
-965.2 -5.60000000000045 694380 0

-954 5.59999999999954 694380 0
-965.2 5.59999999999954 694380 0

-954 5.59999999999954 684600 0
-965.2 5.59999999999954 684600 0

-954 5.59999999999954 694380 0
-954 5.59999999999954 684600 0

-965.2 5.59999999999954 694380 0
-965.2 5.59999999999954 684600 0

-954 -5.60000000000045 694380 0
-954 -4.54747350886464e-13 694380 0

-954 -4.54747350886464e-13 694380 0
-954 2.79999999999955 694380 0
-954 5.59999999999954 694380 0

-954 5.59999999999954 694380 0

-965.2 -5.60000000000045 694380 0
-965.2 5.59999999999954 694380 0

-954 -5.60000000000045 694380 0
-965.2 -5.60000000000045 694380 0

-954 5.59999999999954 694380 0
-965.2 5.59999999999954 694380 0

-965.2 -5.60000000000045 704160 0
-965.2 5.59999999999954 704160 0

-954 -5.60000000000045 704160 0
-954 5.59999999999954 704160 0

-965.2 -5.60000000000045 704160 0
-954 -5.60000000000045 704160 0

-965.2 5.59999999999954 704160 0
-954 5.59999999999954 704160 0

-965.2 -5.60000000000045 694380 0
-965.2 5.59999999999954 694380 0

-965.2 -5.60000000000045 704160 0
-965.2 5.59999999999954 704160 0

-965.2 -5.60000000000045 694380 0
-965.2 -5.60000000000045 704160 0

-965.2 5.59999999999954 694380 0
-965.2 5.59999999999954 704160 0

-954 -5.60000000000045 704160 0
-954 5.59999999999954 704160 0

-954 -5.60000000000045 694380 0
-954 5.59999999999954 694380 0

-954 -5.60000000000045 704160 0
-954 -5.60000000000045 694380 0

-954 5.59999999999954 704160 0
-954 5.59999999999954 694380 0

-954 -5.60000000000045 694380 0
-965.2 -5.60000000000045 694380 0

-954 -5.60000000000045 704160 0
-965.2 -5.60000000000045 704160 0

-954 -5.60000000000045 694380 0
-954 -5.60000000000045 704160 0

-965.2 -5.60000000000045 694380 0
-965.2 -5.60000000000045 704160 0

-954 5.59999999999954 704160 0
-965.2 5.59999999999954 704160 0

-954 5.59999999999954 694380 0
-965.2 5.59999999999954 694380 0

-954 5.59999999999954 704160 0
-954 5.59999999999954 694380 0

-965.2 5.59999999999954 704160 0
-965.2 5.59999999999954 694380 0

-954 -5.60000000000045 704160 0
-954 -4.54747350886464e-13 704160 0

-954 -4.54747350886464e-13 704160 0
-954 2.79999999999955 704160 0
-954 5.59999999999954 704160 0

-954 5.59999999999954 704160 0

-965.2 -5.60000000000045 704160 0
-965.2 5.59999999999954 704160 0

-954 -5.60000000000045 704160 0
-965.2 -5.60000000000045 704160 0

-954 5.59999999999954 704160 0
-965.2 5.59999999999954 704160 0

-965.2 -5.60000000000045 713940 0
-965.2 5.59999999999954 713940 0

-954 -5.60000000000045 713940 0
-954 5.59999999999954 713940 0

-965.2 -5.60000000000045 713940 0
-954 -5.60000000000045 713940 0

-965.2 5.59999999999954 713940 0
-954 5.59999999999954 713940 0

-965.2 -5.60000000000045 704160 0
-965.2 5.59999999999954 704160 0

-965.2 -5.60000000000045 713940 0
-965.2 5.59999999999954 713940 0

-965.2 -5.60000000000045 704160 0
-965.2 -5.60000000000045 713940 0

-965.2 5.59999999999954 704160 0
-965.2 5.59999999999954 713940 0

-954 -5.60000000000045 713940 0
-954 5.59999999999954 713940 0

-954 -5.60000000000045 704160 0
-954 5.59999999999954 704160 0

-954 -5.60000000000045 713940 0
-954 -5.60000000000045 704160 0

-954 5.59999999999954 713940 0
-954 5.59999999999954 704160 0

-954 -5.60000000000045 704160 0
-965.2 -5.60000000000045 704160 0

-954 -5.60000000000045 713940 0
-965.2 -5.60000000000045 713940 0

-954 -5.60000000000045 704160 0
-954 -5.60000000000045 713940 0

-965.2 -5.60000000000045 704160 0
-965.2 -5.60000000000045 713940 0

-954 5.59999999999954 713940 0
-965.2 5.59999999999954 713940 0

-954 5.59999999999954 704160 0
-965.2 5.59999999999954 704160 0

-954 5.59999999999954 713940 0
-954 5.59999999999954 704160 0

-965.2 5.59999999999954 713940 0
-965.2 5.59999999999954 704160 0

-954 -5.60000000000045 713940 0
-954 -4.54747350886464e-13 713940 0

-954 -4.54747350886464e-13 713940 0
-954 2.79999999999955 713940 0
-954 5.59999999999954 713940 0

-954 5.59999999999954 713940 0

-965.2 -5.60000000000045 713940 0
-965.2 5.59999999999954 713940 0

-954 -5.60000000000045 713940 0
-965.2 -5.60000000000045 713940 0

-954 5.59999999999954 713940 0
-965.2 5.59999999999954 713940 0

-965.2 -5.60000000000045 723720 0
-965.2 5.59999999999954 723720 0

-954 -5.60000000000045 723720 0
-954 5.59999999999954 723720 0

-965.2 -5.60000000000045 723720 0
-954 -5.60000000000045 723720 0

-965.2 5.59999999999954 723720 0
-954 5.59999999999954 723720 0

-965.2 -5.60000000000045 713940 0
-965.2 5.59999999999954 713940 0

-965.2 -5.60000000000045 723720 0
-965.2 5.59999999999954 723720 0

-965.2 -5.60000000000045 713940 0
-965.2 -5.60000000000045 723720 0

-965.2 5.59999999999954 713940 0
-965.2 5.59999999999954 723720 0

-954 -5.60000000000045 723720 0
-954 5.59999999999954 723720 0

-954 -5.60000000000045 713940 0
-954 5.59999999999954 713940 0

-954 -5.60000000000045 723720 0
-954 -5.60000000000045 713940 0

-954 5.59999999999954 723720 0
-954 5.59999999999954 713940 0

-954 -5.60000000000045 713940 0
-965.2 -5.60000000000045 713940 0

-954 -5.60000000000045 723720 0
-965.2 -5.60000000000045 723720 0

-954 -5.60000000000045 713940 0
-954 -5.60000000000045 723720 0

-965.2 -5.60000000000045 713940 0
-965.2 -5.60000000000045 723720 0

-954 5.59999999999954 723720 0
-965.2 5.59999999999954 723720 0

-954 5.59999999999954 713940 0
-965.2 5.59999999999954 713940 0

-954 5.59999999999954 723720 0
-954 5.59999999999954 713940 0

-965.2 5.59999999999954 723720 0
-965.2 5.59999999999954 713940 0

-954 -5.60000000000045 723720 0
-954 -4.54747350886464e-13 723720 0

-954 -4.54747350886464e-13 723720 0
-954 2.79999999999955 723720 0
-954 5.59999999999954 723720 0

-954 5.59999999999954 723720 0

-965.2 -5.60000000000045 723720 0
-965.2 5.59999999999954 723720 0

-954 -5.60000000000045 723720 0
-965.2 -5.60000000000045 723720 0

-954 5.59999999999954 723720 0
-965.2 5.59999999999954 723720 0

-965.2 -5.60000000000045 733500 0
-965.2 5.59999999999954 733500 0

-954 -5.60000000000045 733500 0
-954 5.59999999999954 733500 0

-965.2 -5.60000000000045 733500 0
-954 -5.60000000000045 733500 0

-965.2 5.59999999999954 733500 0
-954 5.59999999999954 733500 0

-965.2 -5.60000000000045 723720 0
-965.2 5.59999999999954 723720 0

-965.2 -5.60000000000045 733500 0
-965.2 5.59999999999954 733500 0

-965.2 -5.60000000000045 723720 0
-965.2 -5.60000000000045 733500 0

-965.2 5.59999999999954 723720 0
-965.2 5.59999999999954 733500 0

-954 -5.60000000000045 733500 0
-954 5.59999999999954 733500 0

-954 -5.60000000000045 723720 0
-954 5.59999999999954 723720 0

-954 -5.60000000000045 733500 0
-954 -5.60000000000045 723720 0

-954 5.59999999999954 733500 0
-954 5.59999999999954 723720 0

-954 -5.60000000000045 723720 0
-965.2 -5.60000000000045 723720 0

-954 -5.60000000000045 733500 0
-965.2 -5.60000000000045 733500 0

-954 -5.60000000000045 723720 0
-954 -5.60000000000045 733500 0

-965.2 -5.60000000000045 723720 0
-965.2 -5.60000000000045 733500 0

-954 5.59999999999954 733500 0
-965.2 5.59999999999954 733500 0

-954 5.59999999999954 723720 0
-965.2 5.59999999999954 723720 0

-954 5.59999999999954 733500 0
-954 5.59999999999954 723720 0

-965.2 5.59999999999954 733500 0
-965.2 5.59999999999954 723720 0

-954 -5.60000000000045 733500 0
-954 -4.54747350886464e-13 733500 0

-954 -4.54747350886464e-13 733500 0
-954 2.79999999999955 733500 0
-954 5.59999999999954 733500 0

-954 5.59999999999954 733500 0

-965.2 -5.60000000000045 733500 0
-965.2 5.59999999999954 733500 0

-954 -5.60000000000045 733500 0
-965.2 -5.60000000000045 733500 0

-954 5.59999999999954 733500 0
-965.2 5.59999999999954 733500 0

-965.2 -5.60000000000045 743280 0
-965.2 5.59999999999954 743280 0

-954 -5.60000000000045 743280 0
-954 5.59999999999954 743280 0

-965.2 -5.60000000000045 743280 0
-954 -5.60000000000045 743280 0

-965.2 5.59999999999954 743280 0
-954 5.59999999999954 743280 0

-965.2 -5.60000000000045 733500 0
-965.2 5.59999999999954 733500 0

-965.2 -5.60000000000045 743280 0
-965.2 5.59999999999954 743280 0

-965.2 -5.60000000000045 733500 0
-965.2 -5.60000000000045 743280 0

-965.2 5.59999999999954 733500 0
-965.2 5.59999999999954 743280 0

-954 -5.60000000000045 743280 0
-954 5.59999999999954 743280 0

-954 -5.60000000000045 733500 0
-954 5.59999999999954 733500 0

-954 -5.60000000000045 743280 0
-954 -5.60000000000045 733500 0

-954 5.59999999999954 743280 0
-954 5.59999999999954 733500 0

-954 -5.60000000000045 733500 0
-965.2 -5.60000000000045 733500 0

-954 -5.60000000000045 743280 0
-965.2 -5.60000000000045 743280 0

-954 -5.60000000000045 733500 0
-954 -5.60000000000045 743280 0

-965.2 -5.60000000000045 733500 0
-965.2 -5.60000000000045 743280 0

-954 5.59999999999954 743280 0
-965.2 5.59999999999954 743280 0

-954 5.59999999999954 733500 0
-965.2 5.59999999999954 733500 0

-954 5.59999999999954 743280 0
-954 5.59999999999954 733500 0

-965.2 5.59999999999954 743280 0
-965.2 5.59999999999954 733500 0

-954 -5.60000000000045 743280 0
-954 -4.54747350886464e-13 743280 0

-954 -4.54747350886464e-13 743280 0
-954 2.79999999999955 743280 0
-954 5.59999999999954 743280 0

-954 5.59999999999954 743280 0

-965.2 -5.60000000000045 743280 0
-965.2 5.59999999999954 743280 0

-954 -5.60000000000045 743280 0
-965.2 -5.60000000000045 743280 0

-954 5.59999999999954 743280 0
-965.2 5.59999999999954 743280 0

-965.2 -5.60000000000045 753060 0
-965.2 5.59999999999954 753060 0

-954 -5.60000000000045 753060 0
-954 5.59999999999954 753060 0

-965.2 -5.60000000000045 753060 0
-954 -5.60000000000045 753060 0

-965.2 5.59999999999954 753060 0
-954 5.59999999999954 753060 0

-965.2 -5.60000000000045 743280 0
-965.2 5.59999999999954 743280 0

-965.2 -5.60000000000045 753060 0
-965.2 5.59999999999954 753060 0

-965.2 -5.60000000000045 743280 0
-965.2 -5.60000000000045 753060 0

-965.2 5.59999999999954 743280 0
-965.2 5.59999999999954 753060 0

-954 -5.60000000000045 753060 0
-954 5.59999999999954 753060 0

-954 -5.60000000000045 743280 0
-954 5.59999999999954 743280 0

-954 -5.60000000000045 753060 0
-954 -5.60000000000045 743280 0

-954 5.59999999999954 753060 0
-954 5.59999999999954 743280 0

-954 -5.60000000000045 743280 0
-965.2 -5.60000000000045 743280 0

-954 -5.60000000000045 753060 0
-965.2 -5.60000000000045 753060 0

-954 -5.60000000000045 743280 0
-954 -5.60000000000045 753060 0

-965.2 -5.60000000000045 743280 0
-965.2 -5.60000000000045 753060 0

-954 5.59999999999954 753060 0
-965.2 5.59999999999954 753060 0

-954 5.59999999999954 743280 0
-965.2 5.59999999999954 743280 0

-954 5.59999999999954 753060 0
-954 5.59999999999954 743280 0

-965.2 5.59999999999954 753060 0
-965.2 5.59999999999954 743280 0

-954 -5.60000000000045 753060 0
-954 -4.54747350886464e-13 753060 0

-954 -4.54747350886464e-13 753060 0
-954 2.79999999999955 753060 0
-954 5.59999999999954 753060 0

-954 5.59999999999954 753060 0

-965.2 -5.60000000000045 753060 0
-965.2 5.59999999999954 753060 0

-954 -5.60000000000045 753060 0
-965.2 -5.60000000000045 753060 0

-954 5.59999999999954 753060 0
-965.2 5.59999999999954 753060 0

-965.2 -5.60000000000045 762840 0
-965.2 5.59999999999954 762840 0

-954 -5.60000000000045 762840 0
-954 5.59999999999954 762840 0

-965.2 -5.60000000000045 762840 0
-954 -5.60000000000045 762840 0

-965.2 5.59999999999954 762840 0
-954 5.59999999999954 762840 0

-965.2 -5.60000000000045 753060 0
-965.2 5.59999999999954 753060 0

-965.2 -5.60000000000045 762840 0
-965.2 5.59999999999954 762840 0

-965.2 -5.60000000000045 753060 0
-965.2 -5.60000000000045 762840 0

-965.2 5.59999999999954 753060 0
-965.2 5.59999999999954 762840 0

-954 -5.60000000000045 762840 0
-954 5.59999999999954 762840 0

-954 -5.60000000000045 753060 0
-954 5.59999999999954 753060 0

-954 -5.60000000000045 762840 0
-954 -5.60000000000045 753060 0

-954 5.59999999999954 762840 0
-954 5.59999999999954 753060 0

-954 -5.60000000000045 753060 0
-965.2 -5.60000000000045 753060 0

-954 -5.60000000000045 762840 0
-965.2 -5.60000000000045 762840 0

-954 -5.60000000000045 753060 0
-954 -5.60000000000045 762840 0

-965.2 -5.60000000000045 753060 0
-965.2 -5.60000000000045 762840 0

-954 5.59999999999954 762840 0
-965.2 5.59999999999954 762840 0

-954 5.59999999999954 753060 0
-965.2 5.59999999999954 753060 0

-954 5.59999999999954 762840 0
-954 5.59999999999954 753060 0

-965.2 5.59999999999954 762840 0
-965.2 5.59999999999954 753060 0

-954 -5.60000000000045 762840 0
-954 -4.54747350886464e-13 762840 0

-954 -4.54747350886464e-13 762840 0
-954 2.79999999999955 762840 0
-954 5.59999999999954 762840 0

-954 5.59999999999954 762840 0

-965.2 -5.60000000000045 762840 0
-965.2 5.59999999999954 762840 0

-954 -5.60000000000045 762840 0
-965.2 -5.60000000000045 762840 0

-954 5.59999999999954 762840 0
-965.2 5.59999999999954 762840 0

-965.2 -5.60000000000045 772620 0
-965.2 5.59999999999954 772620 0

-954 -5.60000000000045 772620 0
-954 5.59999999999954 772620 0

-965.2 -5.60000000000045 772620 0
-954 -5.60000000000045 772620 0

-965.2 5.59999999999954 772620 0
-954 5.59999999999954 772620 0

-965.2 -5.60000000000045 762840 0
-965.2 5.59999999999954 762840 0

-965.2 -5.60000000000045 772620 0
-965.2 5.59999999999954 772620 0

-965.2 -5.60000000000045 762840 0
-965.2 -5.60000000000045 772620 0

-965.2 5.59999999999954 762840 0
-965.2 5.59999999999954 772620 0

-954 -5.60000000000045 772620 0
-954 5.59999999999954 772620 0

-954 -5.60000000000045 762840 0
-954 5.59999999999954 762840 0

-954 -5.60000000000045 772620 0
-954 -5.60000000000045 762840 0

-954 5.59999999999954 772620 0
-954 5.59999999999954 762840 0

-954 -5.60000000000045 762840 0
-965.2 -5.60000000000045 762840 0

-954 -5.60000000000045 772620 0
-965.2 -5.60000000000045 772620 0

-954 -5.60000000000045 762840 0
-954 -5.60000000000045 772620 0

-965.2 -5.60000000000045 762840 0
-965.2 -5.60000000000045 772620 0

-954 5.59999999999954 772620 0
-965.2 5.59999999999954 772620 0

-954 5.59999999999954 762840 0
-965.2 5.59999999999954 762840 0

-954 5.59999999999954 772620 0
-954 5.59999999999954 762840 0

-965.2 5.59999999999954 772620 0
-965.2 5.59999999999954 762840 0

-954 -5.60000000000045 772620 0
-954 -4.54747350886464e-13 772620 0

-954 -4.54747350886464e-13 772620 0
-954 2.79999999999955 772620 0
-954 5.59999999999954 772620 0

-954 5.59999999999954 772620 0

-965.2 -5.60000000000045 772620 0
-965.2 5.59999999999954 772620 0

-954 -5.60000000000045 772620 0
-965.2 -5.60000000000045 772620 0

-954 5.59999999999954 772620 0
-965.2 5.59999999999954 772620 0

-965.2 -5.60000000000045 782400 0
-965.2 5.59999999999954 782400 0

-954 -5.60000000000045 782400 0
-954 5.59999999999954 782400 0

-965.2 -5.60000000000045 782400 0
-954 -5.60000000000045 782400 0

-965.2 5.59999999999954 782400 0
-954 5.59999999999954 782400 0

-965.2 -5.60000000000045 772620 0
-965.2 5.59999999999954 772620 0

-965.2 -5.60000000000045 782400 0
-965.2 5.59999999999954 782400 0

-965.2 -5.60000000000045 772620 0
-965.2 -5.60000000000045 782400 0

-965.2 5.59999999999954 772620 0
-965.2 5.59999999999954 782400 0

-954 -5.60000000000045 782400 0
-954 5.59999999999954 782400 0

-954 -5.60000000000045 772620 0
-954 5.59999999999954 772620 0

-954 -5.60000000000045 782400 0
-954 -5.60000000000045 772620 0

-954 5.59999999999954 782400 0
-954 5.59999999999954 772620 0

-954 -5.60000000000045 772620 0
-965.2 -5.60000000000045 772620 0

-954 -5.60000000000045 782400 0
-965.2 -5.60000000000045 782400 0

-954 -5.60000000000045 772620 0
-954 -5.60000000000045 782400 0

-965.2 -5.60000000000045 772620 0
-965.2 -5.60000000000045 782400 0

-954 5.59999999999954 782400 0
-965.2 5.59999999999954 782400 0

-954 5.59999999999954 772620 0
-965.2 5.59999999999954 772620 0

-954 5.59999999999954 782400 0
-954 5.59999999999954 772620 0

-965.2 5.59999999999954 782400 0
-965.2 5.59999999999954 772620 0

-954 -5.60000000000045 782400 0
-954 -4.54747350886464e-13 782400 0

-954 -4.54747350886464e-13 782400 0
-954 2.79999999999955 782400 0
-954 5.59999999999954 782400 0

-954 5.59999999999954 782400 0

-965.2 -5.60000000000045 782400 0
-965.2 5.59999999999954 782400 0

-954 -5.60000000000045 782400 0
-965.2 -5.60000000000045 782400 0

-954 5.59999999999954 782400 0
-965.2 5.59999999999954 782400 0

-965.2 -5.60000000000045 792180 0
-965.2 5.59999999999954 792180 0

-954 -5.60000000000045 792180 0
-954 5.59999999999954 792180 0

-965.2 -5.60000000000045 792180 0
-954 -5.60000000000045 792180 0

-965.2 5.59999999999954 792180 0
-954 5.59999999999954 792180 0

-965.2 -5.60000000000045 782400 0
-965.2 5.59999999999954 782400 0

-965.2 -5.60000000000045 792180 0
-965.2 5.59999999999954 792180 0

-965.2 -5.60000000000045 782400 0
-965.2 -5.60000000000045 792180 0

-965.2 5.59999999999954 782400 0
-965.2 5.59999999999954 792180 0

-954 -5.60000000000045 792180 0
-954 5.59999999999954 792180 0

-954 -5.60000000000045 782400 0
-954 5.59999999999954 782400 0

-954 -5.60000000000045 792180 0
-954 -5.60000000000045 782400 0

-954 5.59999999999954 792180 0
-954 5.59999999999954 782400 0

-954 -5.60000000000045 782400 0
-965.2 -5.60000000000045 782400 0

-954 -5.60000000000045 792180 0
-965.2 -5.60000000000045 792180 0

-954 -5.60000000000045 782400 0
-954 -5.60000000000045 792180 0

-965.2 -5.60000000000045 782400 0
-965.2 -5.60000000000045 792180 0

-954 5.59999999999954 792180 0
-965.2 5.59999999999954 792180 0

-954 5.59999999999954 782400 0
-965.2 5.59999999999954 782400 0

-954 5.59999999999954 792180 0
-954 5.59999999999954 782400 0

-965.2 5.59999999999954 792180 0
-965.2 5.59999999999954 782400 0

-954 -5.60000000000045 792180 0
-954 -4.54747350886464e-13 792180 0

-954 -4.54747350886464e-13 792180 0
-954 2.79999999999955 792180 0
-954 5.59999999999954 792180 0

-954 5.59999999999954 792180 0

-965.2 -5.60000000000045 792180 0
-965.2 5.59999999999954 792180 0

-954 -5.60000000000045 792180 0
-965.2 -5.60000000000045 792180 0

-954 5.59999999999954 792180 0
-965.2 5.59999999999954 792180 0

-965.2 -5.60000000000045 801960 0
-965.2 5.59999999999954 801960 0

-954 -5.60000000000045 801960 0
-954 5.59999999999954 801960 0

-965.2 -5.60000000000045 801960 0
-954 -5.60000000000045 801960 0

-965.2 5.59999999999954 801960 0
-954 5.59999999999954 801960 0

-965.2 -5.60000000000045 792180 0
-965.2 5.59999999999954 792180 0

-965.2 -5.60000000000045 801960 0
-965.2 5.59999999999954 801960 0

-965.2 -5.60000000000045 792180 0
-965.2 -5.60000000000045 801960 0

-965.2 5.59999999999954 792180 0
-965.2 5.59999999999954 801960 0

-954 -5.60000000000045 801960 0
-954 5.59999999999954 801960 0

-954 -5.60000000000045 792180 0
-954 5.59999999999954 792180 0

-954 -5.60000000000045 801960 0
-954 -5.60000000000045 792180 0

-954 5.59999999999954 801960 0
-954 5.59999999999954 792180 0

-954 -5.60000000000045 792180 0
-965.2 -5.60000000000045 792180 0

-954 -5.60000000000045 801960 0
-965.2 -5.60000000000045 801960 0

-954 -5.60000000000045 792180 0
-954 -5.60000000000045 801960 0

-965.2 -5.60000000000045 792180 0
-965.2 -5.60000000000045 801960 0

-954 5.59999999999954 801960 0
-965.2 5.59999999999954 801960 0

-954 5.59999999999954 792180 0
-965.2 5.59999999999954 792180 0

-954 5.59999999999954 801960 0
-954 5.59999999999954 792180 0

-965.2 5.59999999999954 801960 0
-965.2 5.59999999999954 792180 0

-954 -5.60000000000045 801960 0
-954 -4.54747350886464e-13 801960 0

-954 -4.54747350886464e-13 801960 0
-954 2.79999999999955 801960 0
-954 5.59999999999954 801960 0

-954 5.59999999999954 801960 0

-965.2 -5.60000000000045 801960 0
-965.2 5.59999999999954 801960 0

-954 -5.60000000000045 801960 0
-965.2 -5.60000000000045 801960 0

-954 5.59999999999954 801960 0
-965.2 5.59999999999954 801960 0

-965.2 -5.60000000000045 811740 0
-965.2 5.59999999999954 811740 0

-954 -5.60000000000045 811740 0
-954 5.59999999999954 811740 0

-965.2 -5.60000000000045 811740 0
-954 -5.60000000000045 811740 0

-965.2 5.59999999999954 811740 0
-954 5.59999999999954 811740 0

-965.2 -5.60000000000045 801960 0
-965.2 5.59999999999954 801960 0

-965.2 -5.60000000000045 811740 0
-965.2 5.59999999999954 811740 0

-965.2 -5.60000000000045 801960 0
-965.2 -5.60000000000045 811740 0

-965.2 5.59999999999954 801960 0
-965.2 5.59999999999954 811740 0

-954 -5.60000000000045 811740 0
-954 5.59999999999954 811740 0

-954 -5.60000000000045 801960 0
-954 5.59999999999954 801960 0

-954 -5.60000000000045 811740 0
-954 -5.60000000000045 801960 0

-954 5.59999999999954 811740 0
-954 5.59999999999954 801960 0

-954 -5.60000000000045 801960 0
-965.2 -5.60000000000045 801960 0

-954 -5.60000000000045 811740 0
-965.2 -5.60000000000045 811740 0

-954 -5.60000000000045 801960 0
-954 -5.60000000000045 811740 0

-965.2 -5.60000000000045 801960 0
-965.2 -5.60000000000045 811740 0

-954 5.59999999999954 811740 0
-965.2 5.59999999999954 811740 0

-954 5.59999999999954 801960 0
-965.2 5.59999999999954 801960 0

-954 5.59999999999954 811740 0
-954 5.59999999999954 801960 0

-965.2 5.59999999999954 811740 0
-965.2 5.59999999999954 801960 0

-954 -5.60000000000045 811740 0
-954 -4.54747350886464e-13 811740 0

-954 -4.54747350886464e-13 811740 0
-954 2.79999999999955 811740 0
-954 5.59999999999954 811740 0

-954 5.59999999999954 811740 0

-965.2 -5.60000000000045 811740 0
-965.2 5.59999999999954 811740 0

-954 -5.60000000000045 811740 0
-965.2 -5.60000000000045 811740 0

-954 5.59999999999954 811740 0
-965.2 5.59999999999954 811740 0

-965.2 -5.60000000000045 821520 0
-965.2 5.59999999999954 821520 0

-954 -5.60000000000045 821520 0
-954 5.59999999999954 821520 0

-965.2 -5.60000000000045 821520 0
-954 -5.60000000000045 821520 0

-965.2 5.59999999999954 821520 0
-954 5.59999999999954 821520 0

-965.2 -5.60000000000045 811740 0
-965.2 5.59999999999954 811740 0

-965.2 -5.60000000000045 821520 0
-965.2 5.59999999999954 821520 0

-965.2 -5.60000000000045 811740 0
-965.2 -5.60000000000045 821520 0

-965.2 5.59999999999954 811740 0
-965.2 5.59999999999954 821520 0

-954 -5.60000000000045 821520 0
-954 5.59999999999954 821520 0

-954 -5.60000000000045 811740 0
-954 5.59999999999954 811740 0

-954 -5.60000000000045 821520 0
-954 -5.60000000000045 811740 0

-954 5.59999999999954 821520 0
-954 5.59999999999954 811740 0

-954 -5.60000000000045 811740 0
-965.2 -5.60000000000045 811740 0

-954 -5.60000000000045 821520 0
-965.2 -5.60000000000045 821520 0

-954 -5.60000000000045 811740 0
-954 -5.60000000000045 821520 0

-965.2 -5.60000000000045 811740 0
-965.2 -5.60000000000045 821520 0

-954 5.59999999999954 821520 0
-965.2 5.59999999999954 821520 0

-954 5.59999999999954 811740 0
-965.2 5.59999999999954 811740 0

-954 5.59999999999954 821520 0
-954 5.59999999999954 811740 0

-965.2 5.59999999999954 821520 0
-965.2 5.59999999999954 811740 0

-954 -5.60000000000045 821520 0
-954 -4.54747350886464e-13 821520 0

-954 -4.54747350886464e-13 821520 0
-954 2.79999999999955 821520 0
-954 5.59999999999954 821520 0

-954 5.59999999999954 821520 0

-965.2 -5.60000000000045 821520 0
-965.2 5.59999999999954 821520 0

-954 -5.60000000000045 821520 0
-965.2 -5.60000000000045 821520 0

-954 5.59999999999954 821520 0
-965.2 5.59999999999954 821520 0

-965.2 -5.60000000000045 831300 0
-965.2 5.59999999999954 831300 0

-954 -5.60000000000045 831300 0
-954 5.59999999999954 831300 0

-965.2 -5.60000000000045 831300 0
-954 -5.60000000000045 831300 0

-965.2 5.59999999999954 831300 0
-954 5.59999999999954 831300 0

-965.2 -5.60000000000045 821520 0
-965.2 5.59999999999954 821520 0

-965.2 -5.60000000000045 831300 0
-965.2 5.59999999999954 831300 0

-965.2 -5.60000000000045 821520 0
-965.2 -5.60000000000045 831300 0

-965.2 5.59999999999954 821520 0
-965.2 5.59999999999954 831300 0

-954 -5.60000000000045 831300 0
-954 5.59999999999954 831300 0

-954 -5.60000000000045 821520 0
-954 5.59999999999954 821520 0

-954 -5.60000000000045 831300 0
-954 -5.60000000000045 821520 0

-954 5.59999999999954 831300 0
-954 5.59999999999954 821520 0

-954 -5.60000000000045 821520 0
-965.2 -5.60000000000045 821520 0

-954 -5.60000000000045 831300 0
-965.2 -5.60000000000045 831300 0

-954 -5.60000000000045 821520 0
-954 -5.60000000000045 831300 0

-965.2 -5.60000000000045 821520 0
-965.2 -5.60000000000045 831300 0

-954 5.59999999999954 831300 0
-965.2 5.59999999999954 831300 0

-954 5.59999999999954 821520 0
-965.2 5.59999999999954 821520 0

-954 5.59999999999954 831300 0
-954 5.59999999999954 821520 0

-965.2 5.59999999999954 831300 0
-965.2 5.59999999999954 821520 0

-954 -5.60000000000045 831300 0
-954 -4.54747350886464e-13 831300 0

-954 -4.54747350886464e-13 831300 0
-954 2.79999999999955 831300 0
-954 5.59999999999954 831300 0

-954 5.59999999999954 831300 0

-965.2 -5.60000000000045 831300 0
-965.2 5.59999999999954 831300 0

-954 -5.60000000000045 831300 0
-965.2 -5.60000000000045 831300 0

-954 5.59999999999954 831300 0
-965.2 5.59999999999954 831300 0

-965.2 -5.60000000000045 841080 0
-965.2 5.59999999999954 841080 0

-954 -5.60000000000045 841080 0
-954 5.59999999999954 841080 0

-965.2 -5.60000000000045 841080 0
-954 -5.60000000000045 841080 0

-965.2 5.59999999999954 841080 0
-954 5.59999999999954 841080 0

-965.2 -5.60000000000045 831300 0
-965.2 5.59999999999954 831300 0

-965.2 -5.60000000000045 841080 0
-965.2 5.59999999999954 841080 0

-965.2 -5.60000000000045 831300 0
-965.2 -5.60000000000045 841080 0

-965.2 5.59999999999954 831300 0
-965.2 5.59999999999954 841080 0

-954 -5.60000000000045 841080 0
-954 5.59999999999954 841080 0

-954 -5.60000000000045 831300 0
-954 5.59999999999954 831300 0

-954 -5.60000000000045 841080 0
-954 -5.60000000000045 831300 0

-954 5.59999999999954 841080 0
-954 5.59999999999954 831300 0

-954 -5.60000000000045 831300 0
-965.2 -5.60000000000045 831300 0

-954 -5.60000000000045 841080 0
-965.2 -5.60000000000045 841080 0

-954 -5.60000000000045 831300 0
-954 -5.60000000000045 841080 0

-965.2 -5.60000000000045 831300 0
-965.2 -5.60000000000045 841080 0

-954 5.59999999999954 841080 0
-965.2 5.59999999999954 841080 0

-954 5.59999999999954 831300 0
-965.2 5.59999999999954 831300 0

-954 5.59999999999954 841080 0
-954 5.59999999999954 831300 0

-965.2 5.59999999999954 841080 0
-965.2 5.59999999999954 831300 0

-954 -5.60000000000045 841080 0
-954 -4.54747350886464e-13 841080 0

-954 -4.54747350886464e-13 841080 0
-954 2.79999999999955 841080 0
-954 5.59999999999954 841080 0

-954 5.59999999999954 841080 0

-965.2 -5.60000000000045 841080 0
-965.2 5.59999999999954 841080 0

-954 -5.60000000000045 841080 0
-965.2 -5.60000000000045 841080 0

-954 5.59999999999954 841080 0
-965.2 5.59999999999954 841080 0

-965.2 -5.60000000000045 850860 0
-965.2 5.59999999999954 850860 0

-954 -5.60000000000045 850860 0
-954 5.59999999999954 850860 0

-965.2 -5.60000000000045 850860 0
-954 -5.60000000000045 850860 0

-965.2 5.59999999999954 850860 0
-954 5.59999999999954 850860 0

-965.2 -5.60000000000045 841080 0
-965.2 5.59999999999954 841080 0

-965.2 -5.60000000000045 850860 0
-965.2 5.59999999999954 850860 0

-965.2 -5.60000000000045 841080 0
-965.2 -5.60000000000045 850860 0

-965.2 5.59999999999954 841080 0
-965.2 5.59999999999954 850860 0

-954 -5.60000000000045 850860 0
-954 5.59999999999954 850860 0

-954 -5.60000000000045 841080 0
-954 5.59999999999954 841080 0

-954 -5.60000000000045 850860 0
-954 -5.60000000000045 841080 0

-954 5.59999999999954 850860 0
-954 5.59999999999954 841080 0

-954 -5.60000000000045 841080 0
-965.2 -5.60000000000045 841080 0

-954 -5.60000000000045 850860 0
-965.2 -5.60000000000045 850860 0

-954 -5.60000000000045 841080 0
-954 -5.60000000000045 850860 0

-965.2 -5.60000000000045 841080 0
-965.2 -5.60000000000045 850860 0

-954 5.59999999999954 850860 0
-965.2 5.59999999999954 850860 0

-954 5.59999999999954 841080 0
-965.2 5.59999999999954 841080 0

-954 5.59999999999954 850860 0
-954 5.59999999999954 841080 0

-965.2 5.59999999999954 850860 0
-965.2 5.59999999999954 841080 0

-954 -5.60000000000045 850860 0
-954 -4.54747350886464e-13 850860 0

-954 -4.54747350886464e-13 850860 0
-954 2.79999999999955 850860 0
-954 5.59999999999954 850860 0

-954 5.59999999999954 850860 0

-965.2 -5.60000000000045 850860 0
-965.2 5.59999999999954 850860 0

-954 -5.60000000000045 850860 0
-965.2 -5.60000000000045 850860 0

-954 5.59999999999954 850860 0
-965.2 5.59999999999954 850860 0

-965.2 -5.60000000000045 860640 0
-965.2 5.59999999999954 860640 0

-954 -5.60000000000045 860640 0
-954 5.59999999999954 860640 0

-965.2 -5.60000000000045 860640 0
-954 -5.60000000000045 860640 0

-965.2 5.59999999999954 860640 0
-954 5.59999999999954 860640 0

-965.2 -5.60000000000045 850860 0
-965.2 5.59999999999954 850860 0

-965.2 -5.60000000000045 860640 0
-965.2 5.59999999999954 860640 0

-965.2 -5.60000000000045 850860 0
-965.2 -5.60000000000045 860640 0

-965.2 5.59999999999954 850860 0
-965.2 5.59999999999954 860640 0

-954 -5.60000000000045 860640 0
-954 5.59999999999954 860640 0

-954 -5.60000000000045 850860 0
-954 5.59999999999954 850860 0

-954 -5.60000000000045 860640 0
-954 -5.60000000000045 850860 0

-954 5.59999999999954 860640 0
-954 5.59999999999954 850860 0

-954 -5.60000000000045 850860 0
-965.2 -5.60000000000045 850860 0

-954 -5.60000000000045 860640 0
-965.2 -5.60000000000045 860640 0

-954 -5.60000000000045 850860 0
-954 -5.60000000000045 860640 0

-965.2 -5.60000000000045 850860 0
-965.2 -5.60000000000045 860640 0

-954 5.59999999999954 860640 0
-965.2 5.59999999999954 860640 0

-954 5.59999999999954 850860 0
-965.2 5.59999999999954 850860 0

-954 5.59999999999954 860640 0
-954 5.59999999999954 850860 0

-965.2 5.59999999999954 860640 0
-965.2 5.59999999999954 850860 0

-954 -5.60000000000045 860640 0
-954 -4.54747350886464e-13 860640 0

-954 -4.54747350886464e-13 860640 0
-954 2.79999999999955 860640 0
-954 5.59999999999954 860640 0

-954 5.59999999999954 860640 0

-965.2 -5.60000000000045 860640 0
-965.2 5.59999999999954 860640 0

-954 -5.60000000000045 860640 0
-965.2 -5.60000000000045 860640 0

-954 5.59999999999954 860640 0
-965.2 5.59999999999954 860640 0

-965.2 -5.60000000000045 870420 0
-965.2 5.59999999999954 870420 0

-954 -5.60000000000045 870420 0
-954 5.59999999999954 870420 0

-965.2 -5.60000000000045 870420 0
-954 -5.60000000000045 870420 0

-965.2 5.59999999999954 870420 0
-954 5.59999999999954 870420 0

-965.2 -5.60000000000045 860640 0
-965.2 5.59999999999954 860640 0

-965.2 -5.60000000000045 870420 0
-965.2 5.59999999999954 870420 0

-965.2 -5.60000000000045 860640 0
-965.2 -5.60000000000045 870420 0

-965.2 5.59999999999954 860640 0
-965.2 5.59999999999954 870420 0

-954 -5.60000000000045 870420 0
-954 5.59999999999954 870420 0

-954 -5.60000000000045 860640 0
-954 5.59999999999954 860640 0

-954 -5.60000000000045 870420 0
-954 -5.60000000000045 860640 0

-954 5.59999999999954 870420 0
-954 5.59999999999954 860640 0

-954 -5.60000000000045 860640 0
-965.2 -5.60000000000045 860640 0

-954 -5.60000000000045 870420 0
-965.2 -5.60000000000045 870420 0

-954 -5.60000000000045 860640 0
-954 -5.60000000000045 870420 0

-965.2 -5.60000000000045 860640 0
-965.2 -5.60000000000045 870420 0

-954 5.59999999999954 870420 0
-965.2 5.59999999999954 870420 0

-954 5.59999999999954 860640 0
-965.2 5.59999999999954 860640 0

-954 5.59999999999954 870420 0
-954 5.59999999999954 860640 0

-965.2 5.59999999999954 870420 0
-965.2 5.59999999999954 860640 0

-954 -5.60000000000045 870420 0
-954 -4.54747350886464e-13 870420 0

-954 -4.54747350886464e-13 870420 0
-954 2.79999999999955 870420 0
-954 5.59999999999954 870420 0

-954 5.59999999999954 870420 0

-965.2 -5.60000000000045 870420 0
-965.2 5.59999999999954 870420 0

-954 -5.60000000000045 870420 0
-965.2 -5.60000000000045 870420 0

-954 5.59999999999954 870420 0
-965.2 5.59999999999954 870420 0

-965.2 -5.60000000000045 880200 0
-965.2 5.59999999999954 880200 0

-954 -5.60000000000045 880200 0
-954 5.59999999999954 880200 0

-965.2 -5.60000000000045 880200 0
-954 -5.60000000000045 880200 0

-965.2 5.59999999999954 880200 0
-954 5.59999999999954 880200 0

-965.2 -5.60000000000045 870420 0
-965.2 5.59999999999954 870420 0

-965.2 -5.60000000000045 880200 0
-965.2 5.59999999999954 880200 0

-965.2 -5.60000000000045 870420 0
-965.2 -5.60000000000045 880200 0

-965.2 5.59999999999954 870420 0
-965.2 5.59999999999954 880200 0

-954 -5.60000000000045 880200 0
-954 5.59999999999954 880200 0

-954 -5.60000000000045 870420 0
-954 5.59999999999954 870420 0

-954 -5.60000000000045 880200 0
-954 -5.60000000000045 870420 0

-954 5.59999999999954 880200 0
-954 5.59999999999954 870420 0

-954 -5.60000000000045 870420 0
-965.2 -5.60000000000045 870420 0

-954 -5.60000000000045 880200 0
-965.2 -5.60000000000045 880200 0

-954 -5.60000000000045 870420 0
-954 -5.60000000000045 880200 0

-965.2 -5.60000000000045 870420 0
-965.2 -5.60000000000045 880200 0

-954 5.59999999999954 880200 0
-965.2 5.59999999999954 880200 0

-954 5.59999999999954 870420 0
-965.2 5.59999999999954 870420 0

-954 5.59999999999954 880200 0
-954 5.59999999999954 870420 0

-965.2 5.59999999999954 880200 0
-965.2 5.59999999999954 870420 0

-954 -5.60000000000045 880200 0
-954 -4.54747350886464e-13 880200 0

-954 -4.54747350886464e-13 880200 0
-954 2.79999999999955 880200 0
-954 5.59999999999954 880200 0

-954 5.59999999999954 880200 0

-965.2 -5.60000000000045 880200 0
-965.2 5.59999999999954 880200 0

-954 -5.60000000000045 880200 0
-965.2 -5.60000000000045 880200 0

-954 5.59999999999954 880200 0
-965.2 5.59999999999954 880200 0

-965.2 -5.60000000000045 889980 0
-965.2 5.59999999999954 889980 0

-954 -5.60000000000045 889980 0
-954 5.59999999999954 889980 0

-965.2 -5.60000000000045 889980 0
-954 -5.60000000000045 889980 0

-965.2 5.59999999999954 889980 0
-954 5.59999999999954 889980 0

-965.2 -5.60000000000045 880200 0
-965.2 5.59999999999954 880200 0

-965.2 -5.60000000000045 889980 0
-965.2 5.59999999999954 889980 0

-965.2 -5.60000000000045 880200 0
-965.2 -5.60000000000045 889980 0

-965.2 5.59999999999954 880200 0
-965.2 5.59999999999954 889980 0

-954 -5.60000000000045 889980 0
-954 5.59999999999954 889980 0

-954 -5.60000000000045 880200 0
-954 5.59999999999954 880200 0

-954 -5.60000000000045 889980 0
-954 -5.60000000000045 880200 0

-954 5.59999999999954 889980 0
-954 5.59999999999954 880200 0

-954 -5.60000000000045 880200 0
-965.2 -5.60000000000045 880200 0

-954 -5.60000000000045 889980 0
-965.2 -5.60000000000045 889980 0

-954 -5.60000000000045 880200 0
-954 -5.60000000000045 889980 0

-965.2 -5.60000000000045 880200 0
-965.2 -5.60000000000045 889980 0

-954 5.59999999999954 889980 0
-965.2 5.59999999999954 889980 0

-954 5.59999999999954 880200 0
-965.2 5.59999999999954 880200 0

-954 5.59999999999954 889980 0
-954 5.59999999999954 880200 0

-965.2 5.59999999999954 889980 0
-965.2 5.59999999999954 880200 0

-954 -5.60000000000045 889980 0
-954 -4.54747350886464e-13 889980 0

-954 -4.54747350886464e-13 889980 0
-954 2.79999999999955 889980 0
-954 5.59999999999954 889980 0

-954 5.59999999999954 889980 0

-965.2 -5.60000000000045 889980 0
-965.2 5.59999999999954 889980 0

-954 -5.60000000000045 889980 0
-965.2 -5.60000000000045 889980 0

-954 5.59999999999954 889980 0
-965.2 5.59999999999954 889980 0

-965.2 -5.60000000000045 899760 0
-965.2 5.59999999999954 899760 0

-954 -5.60000000000045 899760 0
-954 5.59999999999954 899760 0

-965.2 -5.60000000000045 899760 0
-954 -5.60000000000045 899760 0

-965.2 5.59999999999954 899760 0
-954 5.59999999999954 899760 0

-965.2 -5.60000000000045 889980 0
-965.2 5.59999999999954 889980 0

-965.2 -5.60000000000045 899760 0
-965.2 5.59999999999954 899760 0

-965.2 -5.60000000000045 889980 0
-965.2 -5.60000000000045 899760 0

-965.2 5.59999999999954 889980 0
-965.2 5.59999999999954 899760 0

-954 -5.60000000000045 899760 0
-954 5.59999999999954 899760 0

-954 -5.60000000000045 889980 0
-954 5.59999999999954 889980 0

-954 -5.60000000000045 899760 0
-954 -5.60000000000045 889980 0

-954 5.59999999999954 899760 0
-954 5.59999999999954 889980 0

-954 -5.60000000000045 889980 0
-965.2 -5.60000000000045 889980 0

-954 -5.60000000000045 899760 0
-965.2 -5.60000000000045 899760 0

-954 -5.60000000000045 889980 0
-954 -5.60000000000045 899760 0

-965.2 -5.60000000000045 889980 0
-965.2 -5.60000000000045 899760 0

-954 5.59999999999954 899760 0
-965.2 5.59999999999954 899760 0

-954 5.59999999999954 889980 0
-965.2 5.59999999999954 889980 0

-954 5.59999999999954 899760 0
-954 5.59999999999954 889980 0

-965.2 5.59999999999954 899760 0
-965.2 5.59999999999954 889980 0

-954 -5.60000000000045 899760 0
-954 -4.54747350886464e-13 899760 0

-954 -4.54747350886464e-13 899760 0
-954 2.79999999999955 899760 0
-954 5.59999999999954 899760 0

-954 5.59999999999954 899760 0

-965.2 -5.60000000000045 899760 0
-965.2 5.59999999999954 899760 0

-954 -5.60000000000045 899760 0
-965.2 -5.60000000000045 899760 0

-954 5.59999999999954 899760 0
-965.2 5.59999999999954 899760 0

-965.2 -5.60000000000045 909540 0
-965.2 5.59999999999954 909540 0

-954 -5.60000000000045 909540 0
-954 5.59999999999954 909540 0

-965.2 -5.60000000000045 909540 0
-954 -5.60000000000045 909540 0

-965.2 5.59999999999954 909540 0
-954 5.59999999999954 909540 0

-965.2 -5.60000000000045 899760 0
-965.2 5.59999999999954 899760 0

-965.2 -5.60000000000045 909540 0
-965.2 5.59999999999954 909540 0

-965.2 -5.60000000000045 899760 0
-965.2 -5.60000000000045 909540 0

-965.2 5.59999999999954 899760 0
-965.2 5.59999999999954 909540 0

-954 -5.60000000000045 909540 0
-954 5.59999999999954 909540 0

-954 -5.60000000000045 899760 0
-954 5.59999999999954 899760 0

-954 -5.60000000000045 909540 0
-954 -5.60000000000045 899760 0

-954 5.59999999999954 909540 0
-954 5.59999999999954 899760 0

-954 -5.60000000000045 899760 0
-965.2 -5.60000000000045 899760 0

-954 -5.60000000000045 909540 0
-965.2 -5.60000000000045 909540 0

-954 -5.60000000000045 899760 0
-954 -5.60000000000045 909540 0

-965.2 -5.60000000000045 899760 0
-965.2 -5.60000000000045 909540 0

-954 5.59999999999954 909540 0
-965.2 5.59999999999954 909540 0

-954 5.59999999999954 899760 0
-965.2 5.59999999999954 899760 0

-954 5.59999999999954 909540 0
-954 5.59999999999954 899760 0

-965.2 5.59999999999954 909540 0
-965.2 5.59999999999954 899760 0

-954 -5.60000000000045 909540 0
-954 -4.54747350886464e-13 909540 0

-954 -4.54747350886464e-13 909540 0
-954 2.79999999999955 909540 0
-954 5.59999999999954 909540 0

-954 5.59999999999954 909540 0

-965.2 -5.60000000000045 909540 0
-965.2 5.59999999999954 909540 0

-954 -5.60000000000045 909540 0
-965.2 -5.60000000000045 909540 0

-954 5.59999999999954 909540 0
-965.2 5.59999999999954 909540 0

-965.2 -5.60000000000045 919320 0
-965.2 5.59999999999954 919320 0

-954 -5.60000000000045 919320 0
-954 5.59999999999954 919320 0

-965.2 -5.60000000000045 919320 0
-954 -5.60000000000045 919320 0

-965.2 5.59999999999954 919320 0
-954 5.59999999999954 919320 0

-965.2 -5.60000000000045 909540 0
-965.2 5.59999999999954 909540 0

-965.2 -5.60000000000045 919320 0
-965.2 5.59999999999954 919320 0

-965.2 -5.60000000000045 909540 0
-965.2 -5.60000000000045 919320 0

-965.2 5.59999999999954 909540 0
-965.2 5.59999999999954 919320 0

-954 -5.60000000000045 919320 0
-954 5.59999999999954 919320 0

-954 -5.60000000000045 909540 0
-954 5.59999999999954 909540 0

-954 -5.60000000000045 919320 0
-954 -5.60000000000045 909540 0

-954 5.59999999999954 919320 0
-954 5.59999999999954 909540 0

-954 -5.60000000000045 909540 0
-965.2 -5.60000000000045 909540 0

-954 -5.60000000000045 919320 0
-965.2 -5.60000000000045 919320 0

-954 -5.60000000000045 909540 0
-954 -5.60000000000045 919320 0

-965.2 -5.60000000000045 909540 0
-965.2 -5.60000000000045 919320 0

-954 5.59999999999954 919320 0
-965.2 5.59999999999954 919320 0

-954 5.59999999999954 909540 0
-965.2 5.59999999999954 909540 0

-954 5.59999999999954 919320 0
-954 5.59999999999954 909540 0

-965.2 5.59999999999954 919320 0
-965.2 5.59999999999954 909540 0

-954 -5.60000000000045 919320 0
-954 -4.54747350886464e-13 919320 0

-954 -4.54747350886464e-13 919320 0
-954 2.79999999999955 919320 0
-954 5.59999999999954 919320 0

-954 5.59999999999954 919320 0

-965.2 -5.60000000000045 919320 0
-965.2 5.59999999999954 919320 0

-954 -5.60000000000045 919320 0
-965.2 -5.60000000000045 919320 0

-954 5.59999999999954 919320 0
-965.2 5.59999999999954 919320 0

-965.2 -5.60000000000045 929100 0
-965.2 5.59999999999954 929100 0

-954 -5.60000000000045 929100 0
-954 5.59999999999954 929100 0

-965.2 -5.60000000000045 929100 0
-954 -5.60000000000045 929100 0

-965.2 5.59999999999954 929100 0
-954 5.59999999999954 929100 0

-965.2 -5.60000000000045 919320 0
-965.2 5.59999999999954 919320 0

-965.2 -5.60000000000045 929100 0
-965.2 5.59999999999954 929100 0

-965.2 -5.60000000000045 919320 0
-965.2 -5.60000000000045 929100 0

-965.2 5.59999999999954 919320 0
-965.2 5.59999999999954 929100 0

-954 -5.60000000000045 929100 0
-954 5.59999999999954 929100 0

-954 -5.60000000000045 919320 0
-954 5.59999999999954 919320 0

-954 -5.60000000000045 929100 0
-954 -5.60000000000045 919320 0

-954 5.59999999999954 929100 0
-954 5.59999999999954 919320 0

-954 -5.60000000000045 919320 0
-965.2 -5.60000000000045 919320 0

-954 -5.60000000000045 929100 0
-965.2 -5.60000000000045 929100 0

-954 -5.60000000000045 919320 0
-954 -5.60000000000045 929100 0

-965.2 -5.60000000000045 919320 0
-965.2 -5.60000000000045 929100 0

-954 5.59999999999954 929100 0
-965.2 5.59999999999954 929100 0

-954 5.59999999999954 919320 0
-965.2 5.59999999999954 919320 0

-954 5.59999999999954 929100 0
-954 5.59999999999954 919320 0

-965.2 5.59999999999954 929100 0
-965.2 5.59999999999954 919320 0

-954 -5.60000000000045 929100 0
-954 -4.54747350886464e-13 929100 0

-954 -4.54747350886464e-13 929100 0
-954 2.79999999999955 929100 0
-954 5.59999999999954 929100 0

-954 5.59999999999954 929100 0

-965.2 -5.60000000000045 929100 0
-965.2 5.59999999999954 929100 0

-954 -5.60000000000045 929100 0
-965.2 -5.60000000000045 929100 0

-954 5.59999999999954 929100 0
-965.2 5.59999999999954 929100 0

-965.2 -5.60000000000045 938880 0
-965.2 5.59999999999954 938880 0

-954 -5.60000000000045 938880 0
-954 5.59999999999954 938880 0

-965.2 -5.60000000000045 938880 0
-954 -5.60000000000045 938880 0

-965.2 5.59999999999954 938880 0
-954 5.59999999999954 938880 0

-965.2 -5.60000000000045 929100 0
-965.2 5.59999999999954 929100 0

-965.2 -5.60000000000045 938880 0
-965.2 5.59999999999954 938880 0

-965.2 -5.60000000000045 929100 0
-965.2 -5.60000000000045 938880 0

-965.2 5.59999999999954 929100 0
-965.2 5.59999999999954 938880 0

-954 -5.60000000000045 938880 0
-954 5.59999999999954 938880 0

-954 -5.60000000000045 929100 0
-954 5.59999999999954 929100 0

-954 -5.60000000000045 938880 0
-954 -5.60000000000045 929100 0

-954 5.59999999999954 938880 0
-954 5.59999999999954 929100 0

-954 -5.60000000000045 929100 0
-965.2 -5.60000000000045 929100 0

-954 -5.60000000000045 938880 0
-965.2 -5.60000000000045 938880 0

-954 -5.60000000000045 929100 0
-954 -5.60000000000045 938880 0

-965.2 -5.60000000000045 929100 0
-965.2 -5.60000000000045 938880 0

-954 5.59999999999954 938880 0
-965.2 5.59999999999954 938880 0

-954 5.59999999999954 929100 0
-965.2 5.59999999999954 929100 0

-954 5.59999999999954 938880 0
-954 5.59999999999954 929100 0

-965.2 5.59999999999954 938880 0
-965.2 5.59999999999954 929100 0

-954 -5.60000000000045 938880 0
-954 -4.54747350886464e-13 938880 0

-954 -4.54747350886464e-13 938880 0
-954 2.79999999999955 938880 0
-954 5.59999999999954 938880 0

-954 5.59999999999954 938880 0

-965.2 -5.60000000000045 938880 0
-965.2 5.59999999999954 938880 0

-954 -5.60000000000045 938880 0
-965.2 -5.60000000000045 938880 0

-954 5.59999999999954 938880 0
-965.2 5.59999999999954 938880 0

-965.2 -5.60000000000045 948660 0
-965.2 5.59999999999954 948660 0

-954 -5.60000000000045 948660 0
-954 5.59999999999954 948660 0

-965.2 -5.60000000000045 948660 0
-954 -5.60000000000045 948660 0

-965.2 5.59999999999954 948660 0
-954 5.59999999999954 948660 0

-965.2 -5.60000000000045 938880 0
-965.2 5.59999999999954 938880 0

-965.2 -5.60000000000045 948660 0
-965.2 5.59999999999954 948660 0

-965.2 -5.60000000000045 938880 0
-965.2 -5.60000000000045 948660 0

-965.2 5.59999999999954 938880 0
-965.2 5.59999999999954 948660 0

-954 -5.60000000000045 948660 0
-954 5.59999999999954 948660 0

-954 -5.60000000000045 938880 0
-954 5.59999999999954 938880 0

-954 -5.60000000000045 948660 0
-954 -5.60000000000045 938880 0

-954 5.59999999999954 948660 0
-954 5.59999999999954 938880 0

-954 -5.60000000000045 938880 0
-965.2 -5.60000000000045 938880 0

-954 -5.60000000000045 948660 0
-965.2 -5.60000000000045 948660 0

-954 -5.60000000000045 938880 0
-954 -5.60000000000045 948660 0

-965.2 -5.60000000000045 938880 0
-965.2 -5.60000000000045 948660 0

-954 5.59999999999954 948660 0
-965.2 5.59999999999954 948660 0

-954 5.59999999999954 938880 0
-965.2 5.59999999999954 938880 0

-954 5.59999999999954 948660 0
-954 5.59999999999954 938880 0

-965.2 5.59999999999954 948660 0
-965.2 5.59999999999954 938880 0

-954 -5.60000000000045 948660 0
-954 -4.54747350886464e-13 948660 0

-954 -4.54747350886464e-13 948660 0
-954 2.79999999999955 948660 0
-954 5.59999999999954 948660 0

-954 5.59999999999954 948660 0

-965.2 -5.60000000000045 948660 0
-965.2 5.59999999999954 948660 0

-954 -5.60000000000045 948660 0
-965.2 -5.60000000000045 948660 0

-954 5.59999999999954 948660 0
-965.2 5.59999999999954 948660 0

-965.2 -5.60000000000045 958440 0
-965.2 5.59999999999954 958440 0

-954 -5.60000000000045 958440 0
-954 5.59999999999954 958440 0

-965.2 -5.60000000000045 958440 0
-954 -5.60000000000045 958440 0

-965.2 5.59999999999954 958440 0
-954 5.59999999999954 958440 0

-965.2 -5.60000000000045 948660 0
-965.2 5.59999999999954 948660 0

-965.2 -5.60000000000045 958440 0
-965.2 5.59999999999954 958440 0

-965.2 -5.60000000000045 948660 0
-965.2 -5.60000000000045 958440 0

-965.2 5.59999999999954 948660 0
-965.2 5.59999999999954 958440 0

-954 -5.60000000000045 958440 0
-954 5.59999999999954 958440 0

-954 -5.60000000000045 948660 0
-954 5.59999999999954 948660 0

-954 -5.60000000000045 958440 0
-954 -5.60000000000045 948660 0

-954 5.59999999999954 958440 0
-954 5.59999999999954 948660 0

-954 -5.60000000000045 948660 0
-965.2 -5.60000000000045 948660 0

-954 -5.60000000000045 958440 0
-965.2 -5.60000000000045 958440 0

-954 -5.60000000000045 948660 0
-954 -5.60000000000045 958440 0

-965.2 -5.60000000000045 948660 0
-965.2 -5.60000000000045 958440 0

-954 5.59999999999954 958440 0
-965.2 5.59999999999954 958440 0

-954 5.59999999999954 948660 0
-965.2 5.59999999999954 948660 0

-954 5.59999999999954 958440 0
-954 5.59999999999954 948660 0

-965.2 5.59999999999954 958440 0
-965.2 5.59999999999954 948660 0

-954 -5.60000000000045 958440 0
-954 -4.54747350886464e-13 958440 0

-954 -4.54747350886464e-13 958440 0
-954 2.79999999999955 958440 0
-954 5.59999999999954 958440 0

-954 5.59999999999954 958440 0

-965.2 -5.60000000000045 958440 0
-965.2 5.59999999999954 958440 0

-954 -5.60000000000045 958440 0
-965.2 -5.60000000000045 958440 0

-954 5.59999999999954 958440 0
-965.2 5.59999999999954 958440 0

-965.2 -5.60000000000045 968220 0
-965.2 5.59999999999954 968220 0

-954 -5.60000000000045 968220 0
-954 5.59999999999954 968220 0

-965.2 -5.60000000000045 968220 0
-954 -5.60000000000045 968220 0

-965.2 5.59999999999954 968220 0
-954 5.59999999999954 968220 0

-965.2 -5.60000000000045 958440 0
-965.2 5.59999999999954 958440 0

-965.2 -5.60000000000045 968220 0
-965.2 5.59999999999954 968220 0

-965.2 -5.60000000000045 958440 0
-965.2 -5.60000000000045 968220 0

-965.2 5.59999999999954 958440 0
-965.2 5.59999999999954 968220 0

-954 -5.60000000000045 968220 0
-954 5.59999999999954 968220 0

-954 -5.60000000000045 958440 0
-954 5.59999999999954 958440 0

-954 -5.60000000000045 968220 0
-954 -5.60000000000045 958440 0

-954 5.59999999999954 968220 0
-954 5.59999999999954 958440 0

-954 -5.60000000000045 958440 0
-965.2 -5.60000000000045 958440 0

-954 -5.60000000000045 968220 0
-965.2 -5.60000000000045 968220 0

-954 -5.60000000000045 958440 0
-954 -5.60000000000045 968220 0

-965.2 -5.60000000000045 958440 0
-965.2 -5.60000000000045 968220 0

-954 5.59999999999954 968220 0
-965.2 5.59999999999954 968220 0

-954 5.59999999999954 958440 0
-965.2 5.59999999999954 958440 0

-954 5.59999999999954 968220 0
-954 5.59999999999954 958440 0

-965.2 5.59999999999954 968220 0
-965.2 5.59999999999954 958440 0

-954 -5.60000000000045 968220 0
-954 -4.54747350886464e-13 968220 0

-954 -4.54747350886464e-13 968220 0
-954 2.79999999999955 968220 0
-954 5.59999999999954 968220 0

-954 5.59999999999954 968220 0

-965.2 -5.60000000000045 968220 0
-965.2 5.59999999999954 968220 0

-954 -5.60000000000045 968220 0
-965.2 -5.60000000000045 968220 0

-954 5.59999999999954 968220 0
-965.2 5.59999999999954 968220 0

-965.2 -5.60000000000045 978000 0
-965.2 5.59999999999954 978000 0

-954 -5.60000000000045 978000 0
-954 5.59999999999954 978000 0

-965.2 -5.60000000000045 978000 0
-954 -5.60000000000045 978000 0

-965.2 5.59999999999954 978000 0
-954 5.59999999999954 978000 0

-965.2 -5.60000000000045 968220 0
-965.2 5.59999999999954 968220 0

-965.2 -5.60000000000045 978000 0
-965.2 5.59999999999954 978000 0

-965.2 -5.60000000000045 968220 0
-965.2 -5.60000000000045 978000 0

-965.2 5.59999999999954 968220 0
-965.2 5.59999999999954 978000 0

-954 -5.60000000000045 978000 0
-954 5.59999999999954 978000 0

-954 -5.60000000000045 968220 0
-954 5.59999999999954 968220 0

-954 -5.60000000000045 978000 0
-954 -5.60000000000045 968220 0

-954 5.59999999999954 978000 0
-954 5.59999999999954 968220 0

-954 -5.60000000000045 968220 0
-965.2 -5.60000000000045 968220 0

-954 -5.60000000000045 978000 0
-965.2 -5.60000000000045 978000 0

-954 -5.60000000000045 968220 0
-954 -5.60000000000045 978000 0

-965.2 -5.60000000000045 968220 0
-965.2 -5.60000000000045 978000 0

-954 5.59999999999954 978000 0
-965.2 5.59999999999954 978000 0

-954 5.59999999999954 968220 0
-965.2 5.59999999999954 968220 0

-954 5.59999999999954 978000 0
-954 5.59999999999954 968220 0

-965.2 5.59999999999954 978000 0
-965.2 5.59999999999954 968220 0

-934 -2500 -2000 0
-934 -4.54747350886464e-13 -2000 0

-934 -4.54747350886464e-13 -2000 0
-934 1250 -2000 0
-934 2500 -2000 0

-934 2500 -2000 0

-954 -2500 -2000 0
-954 2500 -2000 0

-934 -2500 -2000 0
-954 -2500 -2000 0

-934 2500 -2000 0
-954 2500 -2000 0

-954 -2500 2000 0
-954 2500 2000 0

-934 -2500 2000 0
-934 2500 2000 0

-954 -2500 2000 0
-934 -2500 2000 0

-954 2500 2000 0
-934 2500 2000 0

-954 -2500 -2000 0
-954 2500 -2000 0

-954 -2500 2000 0
-954 2500 2000 0

-954 -2500 -2000 0
-954 -2500 2000 0

-954 2500 -2000 0
-954 2500 2000 0

-934 -2500 2000 0
-934 2500 2000 0

-934 -2500 -2000 0
-934 2500 -2000 0

-934 -2500 2000 0
-934 -2500 -2000 0

-934 2500 2000 0
-934 2500 -2000 0

-934 -2500 -2000 0
-954 -2500 -2000 0

-934 -2500 2000 0
-954 -2500 2000 0

-934 -2500 -2000 0
-934 -2500 2000 0

-954 -2500 -2000 0
-954 -2500 2000 0

-934 2500 2000 0
-954 2500 2000 0

-934 2500 -2000 0
-954 2500 -2000 0

-934 2500 2000 0
-934 2500 -2000 0

-954 2500 2000 0
-954 2500 -2000 0

-944 -216.5 -24000 0
-944 -4.54747350886464e-13 -24000 0

-944 -4.54747350886464e-13 -24000 0
-944 108.25 -24000 0
-944 216.5 -24000 0

-944 216.5 -24000 0

-954 -216.5 -24000 0
-954 216.5 -24000 0

-944 -216.5 -24000 0
-954 -216.5 -24000 0

-944 216.5 -24000 0
-954 216.5 -24000 0

-954 -216.5 -20000 0
-954 216.5 -20000 0

-944 -216.5 -20000 0
-944 216.5 -20000 0

-954 -216.5 -20000 0
-944 -216.5 -20000 0

-954 216.5 -20000 0
-944 216.5 -20000 0

-954 -216.5 -24000 0
-954 216.5 -24000 0

-954 -216.5 -20000 0
-954 216.5 -20000 0

-954 -216.5 -24000 0
-954 -216.5 -20000 0

-954 216.5 -24000 0
-954 216.5 -20000 0

-944 -216.5 -20000 0
-944 216.5 -20000 0

-944 -216.5 -24000 0
-944 216.5 -24000 0

-944 -216.5 -20000 0
-944 -216.5 -24000 0

-944 216.5 -20000 0
-944 216.5 -24000 0

-944 -216.5 -24000 0
-954 -216.5 -24000 0

-944 -216.5 -20000 0
-954 -216.5 -20000 0

-944 -216.5 -24000 0
-944 -216.5 -20000 0

-954 -216.5 -24000 0
-954 -216.5 -20000 0

-944 216.5 -20000 0
-954 216.5 -20000 0

-944 216.5 -24000 0
-954 216.5 -24000 0

-944 216.5 -20000 0
-944 216.5 -24000 0

-954 216.5 -20000 0
-954 216.5 -24000 0

-944 -216.5 -20000 0
-944 -4.54747350886464e-13 -20000 0

-944 -4.54747350886464e-13 -20000 0
-944 108.25 -20000 0
-944 216.5 -20000 0

-944 216.5 -20000 0

-954 -216.5 -20000 0
-954 216.5 -20000 0

-944 -216.5 -20000 0
-954 -216.5 -20000 0

-944 216.5 -20000 0
-954 216.5 -20000 0

-954 -216.5 -16000 0
-954 216.5 -16000 0

-944 -216.5 -16000 0
-944 216.5 -16000 0

-954 -216.5 -16000 0
-944 -216.5 -16000 0

-954 216.5 -16000 0
-944 216.5 -16000 0

-954 -216.5 -20000 0
-954 216.5 -20000 0

-954 -216.5 -16000 0
-954 216.5 -16000 0

-954 -216.5 -20000 0
-954 -216.5 -16000 0

-954 216.5 -20000 0
-954 216.5 -16000 0

-944 -216.5 -16000 0
-944 216.5 -16000 0

-944 -216.5 -20000 0
-944 216.5 -20000 0

-944 -216.5 -16000 0
-944 -216.5 -20000 0

-944 216.5 -16000 0
-944 216.5 -20000 0

-944 -216.5 -20000 0
-954 -216.5 -20000 0

-944 -216.5 -16000 0
-954 -216.5 -16000 0

-944 -216.5 -20000 0
-944 -216.5 -16000 0

-954 -216.5 -20000 0
-954 -216.5 -16000 0

-944 216.5 -16000 0
-954 216.5 -16000 0

-944 216.5 -20000 0
-954 216.5 -20000 0

-944 216.5 -16000 0
-944 216.5 -20000 0

-954 216.5 -16000 0
-954 216.5 -20000 0

-944 -216.5 -16000 0
-944 -4.54747350886464e-13 -16000 0

-944 -4.54747350886464e-13 -16000 0
-944 108.25 -16000 0
-944 216.5 -16000 0

-944 216.5 -16000 0

-954 -216.5 -16000 0
-954 216.5 -16000 0

-944 -216.5 -16000 0
-954 -216.5 -16000 0

-944 216.5 -16000 0
-954 216.5 -16000 0

-954 -216.5 -12000 0
-954 216.5 -12000 0

-944 -216.5 -12000 0
-944 216.5 -12000 0

-954 -216.5 -12000 0
-944 -216.5 -12000 0

-954 216.5 -12000 0
-944 216.5 -12000 0

-954 -216.5 -16000 0
-954 216.5 -16000 0

-954 -216.5 -12000 0
-954 216.5 -12000 0

-954 -216.5 -16000 0
-954 -216.5 -12000 0

-954 216.5 -16000 0
-954 216.5 -12000 0

-944 -216.5 -12000 0
-944 216.5 -12000 0

-944 -216.5 -16000 0
-944 216.5 -16000 0

-944 -216.5 -12000 0
-944 -216.5 -16000 0

-944 216.5 -12000 0
-944 216.5 -16000 0

-944 -216.5 -16000 0
-954 -216.5 -16000 0

-944 -216.5 -12000 0
-954 -216.5 -12000 0

-944 -216.5 -16000 0
-944 -216.5 -12000 0

-954 -216.5 -16000 0
-954 -216.5 -12000 0

-944 216.5 -12000 0
-954 216.5 -12000 0

-944 216.5 -16000 0
-954 216.5 -16000 0

-944 216.5 -12000 0
-944 216.5 -16000 0

-954 216.5 -12000 0
-954 216.5 -16000 0

-944 -216.5 -12000 0
-944 -4.54747350886464e-13 -12000 0

-944 -4.54747350886464e-13 -12000 0
-944 108.25 -12000 0
-944 216.5 -12000 0

-944 216.5 -12000 0

-954 -216.5 -12000 0
-954 216.5 -12000 0

-944 -216.5 -12000 0
-954 -216.5 -12000 0

-944 216.5 -12000 0
-954 216.5 -12000 0

-954 -216.5 -8000 0
-954 216.5 -8000 0

-944 -216.5 -8000 0
-944 216.5 -8000 0

-954 -216.5 -8000 0
-944 -216.5 -8000 0

-954 216.5 -8000 0
-944 216.5 -8000 0

-954 -216.5 -12000 0
-954 216.5 -12000 0

-954 -216.5 -8000 0
-954 216.5 -8000 0

-954 -216.5 -12000 0
-954 -216.5 -8000 0

-954 216.5 -12000 0
-954 216.5 -8000 0

-944 -216.5 -8000 0
-944 216.5 -8000 0

-944 -216.5 -12000 0
-944 216.5 -12000 0

-944 -216.5 -8000 0
-944 -216.5 -12000 0

-944 216.5 -8000 0
-944 216.5 -12000 0

-944 -216.5 -12000 0
-954 -216.5 -12000 0

-944 -216.5 -8000 0
-954 -216.5 -8000 0

-944 -216.5 -12000 0
-944 -216.5 -8000 0

-954 -216.5 -12000 0
-954 -216.5 -8000 0

-944 216.5 -8000 0
-954 216.5 -8000 0

-944 216.5 -12000 0
-954 216.5 -12000 0

-944 216.5 -8000 0
-944 216.5 -12000 0

-954 216.5 -8000 0
-954 216.5 -12000 0

-944 -216.5 -8000 0
-944 -4.54747350886464e-13 -8000 0

-944 -4.54747350886464e-13 -8000 0
-944 108.25 -8000 0
-944 216.5 -8000 0

-944 216.5 -8000 0

-954 -216.5 -8000 0
-954 216.5 -8000 0

-944 -216.5 -8000 0
-954 -216.5 -8000 0

-944 216.5 -8000 0
-954 216.5 -8000 0

-954 -216.5 -4000 0
-954 216.5 -4000 0

-944 -216.5 -4000 0
-944 216.5 -4000 0

-954 -216.5 -4000 0
-944 -216.5 -4000 0

-954 216.5 -4000 0
-944 216.5 -4000 0

-954 -216.5 -8000 0
-954 216.5 -8000 0

-954 -216.5 -4000 0
-954 216.5 -4000 0

-954 -216.5 -8000 0
-954 -216.5 -4000 0

-954 216.5 -8000 0
-954 216.5 -4000 0

-944 -216.5 -4000 0
-944 216.5 -4000 0

-944 -216.5 -8000 0
-944 216.5 -8000 0

-944 -216.5 -4000 0
-944 -216.5 -8000 0

-944 216.5 -4000 0
-944 216.5 -8000 0

-944 -216.5 -8000 0
-954 -216.5 -8000 0

-944 -216.5 -4000 0
-954 -216.5 -4000 0

-944 -216.5 -8000 0
-944 -216.5 -4000 0

-954 -216.5 -8000 0
-954 -216.5 -4000 0

-944 216.5 -4000 0
-954 216.5 -4000 0

-944 216.5 -8000 0
-954 216.5 -8000 0

-944 216.5 -4000 0
-944 216.5 -8000 0

-954 216.5 -4000 0
-954 216.5 -8000 0

-944 -216.5 -4000 0
-944 -4.54747350886464e-13 -4000 0

-944 -4.54747350886464e-13 -4000 0
-944 108.25 -4000 0
-944 216.5 -4000 0

-944 216.5 -4000 0

-954 -216.5 -4000 0
-954 216.5 -4000 0

-944 -216.5 -4000 0
-954 -216.5 -4000 0

-944 216.5 -4000 0
-954 216.5 -4000 0

-954 -216.5 0 0
-954 216.5 0 0

-944 -216.5 0 0
-944 216.5 0 0

-954 -216.5 0 0
-944 -216.5 0 0

-954 216.5 0 0
-944 216.5 0 0

-954 -216.5 -4000 0
-954 216.5 -4000 0

-954 -216.5 0 0
-954 216.5 0 0

-954 -216.5 -4000 0
-954 -216.5 0 0

-954 216.5 -4000 0
-954 216.5 0 0

-944 -216.5 0 0
-944 216.5 0 0

-944 -216.5 -4000 0
-944 216.5 -4000 0

-944 -216.5 0 0
-944 -216.5 -4000 0

-944 216.5 0 0
-944 216.5 -4000 0

-944 -216.5 -4000 0
-954 -216.5 -4000 0

-944 -216.5 0 0
-954 -216.5 0 0

-944 -216.5 -4000 0
-944 -216.5 0 0

-954 -216.5 -4000 0
-954 -216.5 0 0

-944 216.5 0 0
-954 216.5 0 0

-944 216.5 -4000 0
-954 216.5 -4000 0

-944 216.5 0 0
-944 216.5 -4000 0

-954 216.5 0 0
-954 216.5 -4000 0

-944 -216.5 0 0
-944 -4.54747350886464e-13 0 0

-944 -4.54747350886464e-13 0 0
-944 108.25 0 0
-944 216.5 0 0

-944 216.5 0 0

-954 -216.5 0 0
-954 216.5 0 0

-944 -216.5 0 0
-954 -216.5 0 0

-944 216.5 0 0
-954 216.5 0 0

-954 -216.5 4000 0
-954 216.5 4000 0

-944 -216.5 4000 0
-944 216.5 4000 0

-954 -216.5 4000 0
-944 -216.5 4000 0

-954 216.5 4000 0
-944 216.5 4000 0

-954 -216.5 0 0
-954 216.5 0 0

-954 -216.5 4000 0
-954 216.5 4000 0

-954 -216.5 0 0
-954 -216.5 4000 0

-954 216.5 0 0
-954 216.5 4000 0

-944 -216.5 4000 0
-944 216.5 4000 0

-944 -216.5 0 0
-944 216.5 0 0

-944 -216.5 4000 0
-944 -216.5 0 0

-944 216.5 4000 0
-944 216.5 0 0

-944 -216.5 0 0
-954 -216.5 0 0

-944 -216.5 4000 0
-954 -216.5 4000 0

-944 -216.5 0 0
-944 -216.5 4000 0

-954 -216.5 0 0
-954 -216.5 4000 0

-944 216.5 4000 0
-954 216.5 4000 0

-944 216.5 0 0
-954 216.5 0 0

-944 216.5 4000 0
-944 216.5 0 0

-954 216.5 4000 0
-954 216.5 0 0

-944 -216.5 4000 0
-944 -4.54747350886464e-13 4000 0

-944 -4.54747350886464e-13 4000 0
-944 108.25 4000 0
-944 216.5 4000 0

-944 216.5 4000 0

-954 -216.5 4000 0
-954 216.5 4000 0

-944 -216.5 4000 0
-954 -216.5 4000 0

-944 216.5 4000 0
-954 216.5 4000 0

-954 -216.5 8000 0
-954 216.5 8000 0

-944 -216.5 8000 0
-944 216.5 8000 0

-954 -216.5 8000 0
-944 -216.5 8000 0

-954 216.5 8000 0
-944 216.5 8000 0

-954 -216.5 4000 0
-954 216.5 4000 0

-954 -216.5 8000 0
-954 216.5 8000 0

-954 -216.5 4000 0
-954 -216.5 8000 0

-954 216.5 4000 0
-954 216.5 8000 0

-944 -216.5 8000 0
-944 216.5 8000 0

-944 -216.5 4000 0
-944 216.5 4000 0

-944 -216.5 8000 0
-944 -216.5 4000 0

-944 216.5 8000 0
-944 216.5 4000 0

-944 -216.5 4000 0
-954 -216.5 4000 0

-944 -216.5 8000 0
-954 -216.5 8000 0

-944 -216.5 4000 0
-944 -216.5 8000 0

-954 -216.5 4000 0
-954 -216.5 8000 0

-944 216.5 8000 0
-954 216.5 8000 0

-944 216.5 4000 0
-954 216.5 4000 0

-944 216.5 8000 0
-944 216.5 4000 0

-954 216.5 8000 0
-954 216.5 4000 0

-944 -216.5 8000 0
-944 -4.54747350886464e-13 8000 0

-944 -4.54747350886464e-13 8000 0
-944 108.25 8000 0
-944 216.5 8000 0

-944 216.5 8000 0

-954 -216.5 8000 0
-954 216.5 8000 0

-944 -216.5 8000 0
-954 -216.5 8000 0

-944 216.5 8000 0
-954 216.5 8000 0

-954 -216.5 12000 0
-954 216.5 12000 0

-944 -216.5 12000 0
-944 216.5 12000 0

-954 -216.5 12000 0
-944 -216.5 12000 0

-954 216.5 12000 0
-944 216.5 12000 0

-954 -216.5 8000 0
-954 216.5 8000 0

-954 -216.5 12000 0
-954 216.5 12000 0

-954 -216.5 8000 0
-954 -216.5 12000 0

-954 216.5 8000 0
-954 216.5 12000 0

-944 -216.5 12000 0
-944 216.5 12000 0

-944 -216.5 8000 0
-944 216.5 8000 0

-944 -216.5 12000 0
-944 -216.5 8000 0

-944 216.5 12000 0
-944 216.5 8000 0

-944 -216.5 8000 0
-954 -216.5 8000 0

-944 -216.5 12000 0
-954 -216.5 12000 0

-944 -216.5 8000 0
-944 -216.5 12000 0

-954 -216.5 8000 0
-954 -216.5 12000 0

-944 216.5 12000 0
-954 216.5 12000 0

-944 216.5 8000 0
-954 216.5 8000 0

-944 216.5 12000 0
-944 216.5 8000 0

-954 216.5 12000 0
-954 216.5 8000 0

-944 -216.5 12000 0
-944 -4.54747350886464e-13 12000 0

-944 -4.54747350886464e-13 12000 0
-944 108.25 12000 0
-944 216.5 12000 0

-944 216.5 12000 0

-954 -216.5 12000 0
-954 216.5 12000 0

-944 -216.5 12000 0
-954 -216.5 12000 0

-944 216.5 12000 0
-954 216.5 12000 0

-954 -216.5 16000 0
-954 216.5 16000 0

-944 -216.5 16000 0
-944 216.5 16000 0

-954 -216.5 16000 0
-944 -216.5 16000 0

-954 216.5 16000 0
-944 216.5 16000 0

-954 -216.5 12000 0
-954 216.5 12000 0

-954 -216.5 16000 0
-954 216.5 16000 0

-954 -216.5 12000 0
-954 -216.5 16000 0

-954 216.5 12000 0
-954 216.5 16000 0

-944 -216.5 16000 0
-944 216.5 16000 0

-944 -216.5 12000 0
-944 216.5 12000 0

-944 -216.5 16000 0
-944 -216.5 12000 0

-944 216.5 16000 0
-944 216.5 12000 0

-944 -216.5 12000 0
-954 -216.5 12000 0

-944 -216.5 16000 0
-954 -216.5 16000 0

-944 -216.5 12000 0
-944 -216.5 16000 0

-954 -216.5 12000 0
-954 -216.5 16000 0

-944 216.5 16000 0
-954 216.5 16000 0

-944 216.5 12000 0
-954 216.5 12000 0

-944 216.5 16000 0
-944 216.5 12000 0

-954 216.5 16000 0
-954 216.5 12000 0

-944 -216.5 16000 0
-944 -4.54747350886464e-13 16000 0

-944 -4.54747350886464e-13 16000 0
-944 108.25 16000 0
-944 216.5 16000 0

-944 216.5 16000 0

-954 -216.5 16000 0
-954 216.5 16000 0

-944 -216.5 16000 0
-954 -216.5 16000 0

-944 216.5 16000 0
-954 216.5 16000 0

-954 -216.5 20000 0
-954 216.5 20000 0

-944 -216.5 20000 0
-944 216.5 20000 0

-954 -216.5 20000 0
-944 -216.5 20000 0

-954 216.5 20000 0
-944 216.5 20000 0

-954 -216.5 16000 0
-954 216.5 16000 0

-954 -216.5 20000 0
-954 216.5 20000 0

-954 -216.5 16000 0
-954 -216.5 20000 0

-954 216.5 16000 0
-954 216.5 20000 0

-944 -216.5 20000 0
-944 216.5 20000 0

-944 -216.5 16000 0
-944 216.5 16000 0

-944 -216.5 20000 0
-944 -216.5 16000 0

-944 216.5 20000 0
-944 216.5 16000 0

-944 -216.5 16000 0
-954 -216.5 16000 0

-944 -216.5 20000 0
-954 -216.5 20000 0

-944 -216.5 16000 0
-944 -216.5 20000 0

-954 -216.5 16000 0
-954 -216.5 20000 0

-944 216.5 20000 0
-954 216.5 20000 0

-944 216.5 16000 0
-954 216.5 16000 0

-944 216.5 20000 0
-944 216.5 16000 0

-954 216.5 20000 0
-954 216.5 16000 0

-944 -216.5 20000 0
-944 -4.54747350886464e-13 20000 0

-944 -4.54747350886464e-13 20000 0
-944 108.25 20000 0
-944 216.5 20000 0

-944 216.5 20000 0

-954 -216.5 20000 0
-954 216.5 20000 0

-944 -216.5 20000 0
-954 -216.5 20000 0

-944 216.5 20000 0
-954 216.5 20000 0

-954 -216.5 24000 0
-954 216.5 24000 0

-944 -216.5 24000 0
-944 216.5 24000 0

-954 -216.5 24000 0
-944 -216.5 24000 0

-954 216.5 24000 0
-944 216.5 24000 0

-954 -216.5 20000 0
-954 216.5 20000 0

-954 -216.5 24000 0
-954 216.5 24000 0

-954 -216.5 20000 0
-954 -216.5 24000 0

-954 216.5 20000 0
-954 216.5 24000 0

-944 -216.5 24000 0
-944 216.5 24000 0

-944 -216.5 20000 0
-944 216.5 20000 0

-944 -216.5 24000 0
-944 -216.5 20000 0

-944 216.5 24000 0
-944 216.5 20000 0

-944 -216.5 20000 0
-954 -216.5 20000 0

-944 -216.5 24000 0
-954 -216.5 24000 0

-944 -216.5 20000 0
-944 -216.5 24000 0

-954 -216.5 20000 0
-954 -216.5 24000 0

-944 216.5 24000 0
-954 216.5 24000 0

-944 216.5 20000 0
-954 216.5 20000 0

-944 216.5 24000 0
-944 216.5 20000 0

-954 216.5 24000 0
-954 216.5 20000 0

# end of label='grey'
